spklu_id,name,lon,lat,village_id,regency_code,kw,chargers,kategori,status
00001,SPKLU PLN UID JAKARTA RAYA,106.833191,-6.18039,3173080003,3173,22.0,1,PLN,available
00003,SPKLU AEON Mall BSD,106.643679,-6.30408,3603070006,3603,25.0,1,PLN,inuse
00004,SPKLU Supermall Karawaci,106.607328,-6.225712,3603051006,3603,25.0,2,PLN,unavailable
00005,SPKLU Tangcity,106.633549,-6.193182,3671030006,3671,25.0,2,PLN,inuse
00010,SPKLU REST AREA (TRAVOY) KM 207 A Ruas Palikanci,108.562221,-6.775515,3209090001,3209,50.0,4,PLN,available
00017,SPKLU PLN UP3 BANDUNG,107.611765,-6.948859,3273060001,3273,20.0,7,PLN,available
00019,Rest Area KM 208 B Ruas Palikanci,108.567214,-6.778025,3209090001,3209,50.0,3,PLN,available
00022,SPKLU PLN UP3 Jatinegara,106.86868,-6.221126,3172060007,3172,7.0,1,PLN,available
00023,SPKLU PLN UP3 TANJUNG PRIOK,106.892718,-6.1213369,3175030006,3175,7.0,3,PLN,available
00027,SPKLU INDOMOBIL,106.864277,-6.242442,3172060001,3172,25.0,2,PLN,inuse
00030,SPKLU PT POS FATMAWATI,106.794801,-6.294193,3171030003,3171,25.0,1,PLN,unavailable
00034,SPKLU PLN ULP BANDUNG UTARA,107.5972058,-6.8790905,3273250003,3273,25.0,4,PLN,available
00040,SPKLU PLN Kantor Pusat,106.803782,-6.239839,3171060008,3171,50.0,4,PLN,available
00042,SPKLU Kantor DJK Kementrian ESDM,106.833599,-6.225896,3171100002,3171,30.0,3,PLN,available
00044,SPKLU Rest Area KM 6 Jakarta - Cikampek,106.928259,-6.25868,3275010012,3275,30.0,1,PLN,inuse
00058,SPKLU BBG Plaza Mandiri,106.814496,-6.22458,3171060010,3171,25.0,2,PLN,unavailable
00059,SPKLU PLN UP3 CEMPAKA PUTIH,106.875218,-6.181162,3173050002,3173,7.0,1,PLN,inuse
00060,SPKLU PLN UP3 PONDOK KOPI,106.920621,-6.242994,3172070002,3172,7.0,1,PLN,inuse
00061,SPKLU AEON MALL TANJUNG BARAT,106.839764,-6.307612,3171010006,3171,50.0,1,PLN,inuse
00064,SPKLU PLN UP3 BANDENGAN,106.797052,-6.136481,3175010004,3175,60.0,1,PLN,inuse
00066,SPKLU AEON JGC,106.952178,-6.171932,3172080005,3172,60.0,1,PLN,maintenance
00081,SPKLU PLN UIP JBB,106.788417,-6.343772,3276061002,3276,30.0,3,PLN,unavailable
00086,SPKLU KFC Artha Gading,106.897397,-6.147082,3175050001,3175,25.0,2,PLN,available
00095,SPKLU Apartemen Aeropolis,106.631498,-6.144116,3671051003,3671,25.0,3,PLN,unavailable
00103,SPKLU MENARA BNI,106.802061,-6.204253,3173010002,3173,25.0,2,PLN,inuse
00104,SPKLU GRHA BNI,106.8209394,-6.2032497,3173010003,3173,25.0,2,PLN,unavailable
00106,SPKLU Center HVT REST AREA KM 10.6 TOL JAGORAWI,106.890173,-6.340455,3172030003,3172,60.0,6,PLN,inuse
00113,SPKLU KFC JALAN PANJANG,106.769418,-6.201169,3174020004,3174,22.0,1,PLN,maintenance
00120,SPKLU Brilian 1,106.813159,-6.216833,3173010002,3173,25.0,2,PLN,unavailable
00127,SPKLU SUMMIT MAS,106.8035319,-6.2267267,3171060010,3171,60.0,1,PLN,inuse
00128,SPKLU PLN PUSLITBANG,106.8346948,-6.2543774,3171080003,3171,50.0,1,PLN,maintenance
00131,SPKLU POOL DAMRI KEMAYORAN,106.8483442,-6.1597366,3173060008,3173,22.0,1,PLN,inuse
00139,SPKLU PLN UID JAWA BARAT,107.608166,-6.920545,3273170001,3273,22.0,1,PLN,available
00142,SPKLU PLN ULP BANDUNG BARAT,107.578872,-6.908662,3273180004,3273,22.0,1,PLN,available
00143,SPKLU PLN ULP KOPO,107.57149,-6.933984,3273010005,3273,22.0,1,PLN,available
00144,SPKLU PLN ULP CIJAWURA,107.640536,-6.954136,3273090002,3273,22.0,1,PLN,available
00145,SPKLU PLN ULP BANDUNG TIMUR,107.641246,-6.899297,3273220003,3273,22.0,4,PLN,inuse
00146,SPKLU PLN ULP UJUNGBERUNG,107.694866,-6.913408,3273120006,3273,22.0,2,PLN,inuse
00147,SPKLU PLN UP3 BEKASI,107.0104015,-6.2528476,3275040005,3275,22.0,3,PLN,inuse
00151,SPKLU PLN UP3 SUKABUMI,106.9326311,-6.9133375,3272050004,3272,22.0,2,PLN,available
00152,SPKLU PLN ULP SUKABUMI KOTA,106.932118,-6.920338,3272050003,3272,22.0,3,PLN,inuse
00155,SPKLU PLN UP3 INDRAMAYU,108.3223703,-6.3259718,3212150014,3212,22.0,2,PLN,available
00156,SPKLU PLN ULP INDRAMAYU KOTA,108.3220873,-6.3256919,3212150014,3212,22.0,2,PLN,available
00157,SPKLU PLN UP3 DEPOK,106.826865,-6.418477,3276030007,3276,25.0,2,PLN,available
00158,SPKLU PLN ULP DEPOK KOTA,106.836799,-6.395795,3276030008,3276,22.0,2,PLN,inuse
00159,SPKLU PLN ULP CIBADAK,106.819305,-6.896281,3202210010,3202,22.0,2,PLN,unavailable
00160,SPKLU PLN ULP CICURUG,106.775411,-6.799632,3202230002,3202,22.0,2,PLN,available
00161,SPKLU PLN ULP BEKASI KOTA,106.993489,-6.239109,3275050004,3275,22.0,2,PLN,available
00163,SPKLU PLN ULP BANTARGEBANG,107.008409,-6.266005,3275041004,3275,22.0,1,PLN,available
00165,SPKLU PLN ULP MEDAN SATRIA,106.97464,-6.19819,3275061003,3275,22.0,1,PLN,unavailable
00166,SPKLU PLN ULP BOGOR KOTA,106.790009,-6.596175,3271040001,3271,120.0,1,PLN,available
00167,SPKLU PLN UP3 BOGOR,106.808797,-6.5721287,3271030001,3271,22.0,2,PLN,available
00168,SPKLU PLN UP3 CIANJUR,107.1368289,-6.8137203,3203200006,3203,22.0,2,PLN,available
00169,SPKLU PLN POSKO CIMACAN,107.0226114,-6.7138655,3203221005,3203,22.0,4,PLN,available
00170,SPKLU PLN UP3 CIKARANG,107.179561,-6.365536,3216022002,3216,22.0,1,PLN,inuse
00171,SPKLU PLN ULP CILEDUG,108.749116,-6.907566,3209020016,3209,22.0,1,PLN,available
00172,SPKLU PLN ULP CILIMUS,108.496024,-6.877373,3208170012,3208,22.0,2,PLN,available
00173,SPKLU PLN UP3 KARAWANG,107.292548,-6.305559,3215113003,3215,22.0,3,PLN,available
00174,SPKLU Center PLN UP3 Cirebon,108.540256,-6.71115,3209162006,3209,120.0,2,PLN,available
00175,SPKLU PLN ULP CIREBON KOTA,108.5721242,-6.7212184,3274020003,3274,22.0,2,PLN,available
00176,SPKLU PLN ULP KARAWANG KOTA,107.292746,-6.307692,3215113003,3215,22.0,2,PLN,available
00177,SPKLU PLN ULP SUMBER,108.4802838,-6.7590768,3209120015,3209,22.0,2,PLN,available
00178,SPKLU PLN UP3 TASIKMALAYA,108.230734,-7.315839,3278080004,3278,22.0,4,PLN,available
00179,SPKLU PLN ULP TASIKMALAYA KOTA,108.222606,-7.327411,3278040003,3278,25.0,4,PLN,available
00180,SPKLU PLN ULP TAMBUN,107.063138,-6.246886,3216081009,3216,22.0,4,PLN,inuse
00181,SPKLU PLN UP3 CIMAHI,107.536452,-6.870555,3277020005,3277,22.0,2,PLN,unavailable
00182,SPKLU PLN ULP CIMAHI SELATAN,107.554142,-6.89858,3277020002,3277,22.0,2,PLN,available
00183,SPKLU PLN UP3 GUNUNG PUTRI,106.972579,-6.407381,3201180017,3201,22.0,1,PLN,available
00184,SPKLU PLN ULP CILEUNGSI,106.972579,-6.407381,3201180017,3201,22.0,2,PLN,inuse
00185,SPKLU PLN ULP JATIBARANG,108.303677,-6.4759881,3212130003,3212,22.0,2,PLN,available
00186,SPKLU PLN ULP HAURGEULIS,107.9461854,-6.4393054,3212010013,3212,22.0,1,PLN,available
00187,SPKLU PLN UP3 MAJALAYA,107.62553,-7.006074,3204140003,3204,22.0,2,PLN,available
00188,SPKLU PLN ULP MAJALAYA KOTA,107.761095,-7.051372,3204070012,3204,22.0,1,PLN,available
00189,SPKLU PLN ULP PURWAKARTA KOTA,107.445698,-6.554661,3214100007,3214,22.0,1,PLN,available
00190,SPKLU PLN ULP PAGADEN,107.810765,-6.460969,3213140017,3213,22.0,2,PLN,available
00191,SPKLU PERUM GRAND TARUMA,107.278373,-6.305757,3215031008,3215,22.0,1,PLN,available
00192,SPKLU PLN ULP KUNINGAN,108.484629,-6.97758,3208130005,3208,22.0,1,PLN,available
00193,SPKLU PLN ULP MUSTIKA JAYA,107.033516,-6.320262,3275031002,3275,22.0,3,PLN,available
00194,SPKLU PLN ULP BOGOR BARAT,106.756985,-6.515805,3201230010,3201,22.0,2,PLN,available
00195,SPKLU PLN ULP LEUWILIANG,106.677962,-6.564198,3201040012,3201,22.0,2,PLN,available
00196,SPKLU PLN ULP CIPANAS,107.041681,-6.734727,3203221002,3203,22.0,1,PLN,available
00197,SPKLU PEMDA CIANJUR,107.138556,-6.822256,3203200007,3203,22.0,1,PLN,available
00198,SPKLU PLN ULP CIBITUNG,107.130728,-6.266739,3216071011,3216,22.0,1,PLN,available
00199,SPKLU PLN ULP CIKARANG KOTA,107.129988,-6.331023,3216023006,3216,22.0,1,PLN,inuse
00200,SPKLU PLN ULP LEMAHABANG,107.168389,-6.283439,3216061005,3216,22.0,2,PLN,available
00201,SPKLU PLN ULP CILILIN,107.46704,-6.947899,3217040008,3217,22.0,2,PLN,available
00202,SPKLU PLN ULP PRIMA CIBABAT,107.5448649,-6.8757411,3277020003,3277,22.0,1,PLN,inuse
00203,SPKLU PLN ULP CIBINONG,106.8637273,-6.4761548,3201210012,3201,22.0,1,PLN,available
00204,SPKLU PLN ULP SAWANGAN,106.7348817,-6.4122196,3276011005,3276,22.0,2,PLN,available
00205,SPKLU PLN ULP CITEUREUP,106.896763,-6.458986,3201190002,3201,22.0,1,PLN,available
00206,SPKLU PLN ULP JONGGOL,107.0592232,-6.4619294,3201170011,3201,22.0,3,PLN,available
00207,SPKLU PLN ULP CIKEDUNG,108.169036,-6.406077,3212180007,3212,22.0,1,PLN,available
00208,SPKLU PLN ULP KOSAMBI,107.3788545,-6.3714181,3215040014,3215,22.0,4,PLN,unavailable
00209,SPKLU PLN ULP CIKAMPEK,107.464399,-6.411953,3215050006,3215,22.0,2,PLN,unavailable
00210,SPKLU GEDUNG BUDAYA SABILULUNGAN,107.5296088,-7.020754,3204190008,3204,22.0,1,PLN,available
00211,SPKLU PLN POSKO NAGREG,107.8822559,-7.0168617,3204101006,3204,22.0,3,PLN,inuse
00212,SPKLU PLN ULP PLERED,107.406718,-6.638197,3214050002,3214,22.0,2,PLN,available
00213,SPKLU PLN ULP SUBANG,107.7682063,-6.5629531,3213070004,3213,22.0,3,PLN,inuse
00214,SPKLU PLN ULP PAMANUKAN,107.8208522,-6.2981737,3213190006,3213,22.0,3,PLN,available
00215,SPKLU PLN ULP CIKEMBAR,106.7694679,-6.9512542,3202140009,3202,22.0,2,PLN,available
00216,SPKLU PLN ULP PELABUHAN RATU,106.5556702,-6.9869478,3202110006,3202,22.0,2,PLN,available
00217,SPKLU PLN ULP CIAMIS,108.3484199,-7.3260673,3207210008,3207,22.0,3,PLN,available
00218,SPKLU PLN ULP SINGAPARNA,108.1095447,-7.3460317,3206190011,3206,22.0,2,PLN,available
00219,SPKLU PLN ULP KARANGNUNGGAL,108.1329428,-7.6318453,3206020007,3206,22.0,1,PLN,unavailable
00220,SPKLU PLN ULP PANGANDARAN,108.657817,-7.684045,3218070004,3218,22.0,3,PLN,unavailable
00221,SPKLU PLN ULP JASINGA,106.498591,-6.520282,3201270013,3201,22.0,2,PLN,available
00222,SPKLU PLN ULP CIPAYUNG,106.89581,-6.650524,3201120009,3201,22.0,3,PLN,available
00223,SPKLU ALUN-ALUN SINDANGBARANG,107.134878,-7.451419,3203020006,3203,22.0,1,PLN,available
00224,SPKLU PLN ULP LEMBANG,107.6220045,-6.8183273,3217120007,3217,22.0,2,PLN,inuse
00225,SPKLU PLN ULP RAJAPOLAH,108.1899931,-7.2271177,3206240004,3206,22.0,2,PLN,available
00227,SPKLU PLN POSKO CIRANJANG,107.251689,-6.8137038,3203170011,3203,22.0,1,PLN,unavailable
00228,SPKLU PLN ULP PADALARANG,107.4878365,-6.8383096,3217090007,3217,22.0,1,PLN,available
00229,SPKLU PLN ULP RAJAMANDALA,107.346798,-6.833078,3217080012,3217,25.0,1,PLN,available
00230,SPKLU PLN ULP CIMANGGIS,106.8635065,-6.3756851,3276040010,3276,22.0,2,PLN,inuse
00231,SPKLU PLN ULP BOJONGGEDE,106.803697,-6.477392,3201220012,3201,22.0,2,PLN,inuse
00232,SPKLU PLN ULP RENGASDENGKLOK,107.29794,-6.164477,3215150006,3215,22.0,2,PLN,available
00233,SPKLU PLN ULP BANJARAN,107.593316,-7.035417,3204150005,3204,22.0,2,PLN,available
00234,SPKLU PLN POSKO CIWIDEY,107.465925,-7.104393,3204020002,3204,30.0,3,PLN,unavailable
00235,SPKLU PLN POSKO PANGALENGAN,107.572329,-7.17627,3204040010,3204,22.0,1,PLN,available
00236,SPKLU PLN UP3 SUMEDANG,107.916642,-6.837547,3211060010,3211,22.0,3,PLN,inuse
00238,SPKLU PLN ULP MAJALENGKA,108.206052,-6.830097,3210070013,3210,22.0,2,PLN,available
00239,SPKLU PLN ULP JATIWANGI,108.271809,-6.726921,3210140016,3210,22.0,1,PLN,available
00240,SPKLU PLN ULP BANJAR,108.5357498,-7.3715348,3279010006,3279,50.0,3,PLN,inuse
00241,SPKLU PEMDA GARUT,107.9016,-7.21703,3205190007,3205,22.0,1,PLN,available
00242,SPKLU PLN ULP GARUT KOTA,107.886342,-7.194623,3205181010,3205,25.0,5,PLN,inuse
00243,SPKLU PLN ULP LELES,107.8984,-7.10007,3205240008,3205,22.0,2,PLN,available
00245,SPKLU PLN ULP CIKAJANG,107.7948016,-7.3259137,3205160003,3205,22.0,2,PLN,available
00246,SPKLU PLN ULP PAMEUNGPEUK,107.7085562,-7.6465524,3205070001,3205,22.0,2,PLN,available
00248,SPKLU BALAI KOTA BOGOR,106.794047,-6.59499,3271040007,3271,22.0,1,PLN,maintenance
00249,SPKLU POLDA JABAR,107.704642,-6.936338,3273101004,3273,7.0,1,PLN,available
00252,SPKLU PLN UP3 CIKUPA,106.503629,-6.223954,3603030002,3603,7.0,2,PLN,inuse
00265,SPKLU Garut Trade Center,107.957613,-7.043448,3205290003,3205,22.0,1,PLN,available
00270,SPKLU Terrace 8 Suvarna Sutera,106.494965,-6.179527,3603121001,3603,7.0,2,PLN,inuse
00272,"SPKLU HVT Rest Area Pinang KM 13,5",106.683098,-6.2137086,3671021007,3671,60.0,3,PLN,available
00273,SPKLU Mall Ciputra Tangerang,106.525188,-6.26117,3603040006,3603,60.0,2,PLN,inuse
00274,SPKLU TMII (Taman Mini Indonesia Indah),106.890014,-6.300287,3172040001,3172,60.0,1,PLN,available
00290,SPKLU Gedung Kementrian BUMN,106.825462,-6.181497,3173080003,3173,50.0,1,PLN,inuse
00291,SPKLU Apartemen L'Avenue FC,106.843151,-6.24866,3171080004,3171,50.0,1,PLN,inuse
00292,SPKLU BTN Tower,106.820179,-6.167242,3173080005,3173,25.0,2,PLN,unavailable
00302,SPKLU REST AREA KM 57 A RUAS JAKARTA - CIKAMPEK,107.360867,-6.367146,3215040007,3215,200.0,3,PLN,inuse
00303,SPKLU REST AREA KM 62 B RUAS JAKARTA - CIKAMPEK,107.3949849,-6.3886543,3215051001,3215,200.0,5,PLN,inuse
00304,SPKLU REST AREA KM 130 A RUAS CIPALI,107.960335,-6.57588,3212011002,3212,200.0,4,PLN,available
00305,SPKLU REST AREA KM 130 B RUAS CIPALI,107.9601265,-6.5766231,3212011002,3212,200.0,3,PLN,available
00306,SPKLU REST AREA KM 101 B RUAS CIPALI (UFC),107.7186932,-6.5091024,3213080016,3213,200.0,1,PLN,inuse
00307,SPKLU Center Rest Area KM 228 A,108.7027781,-6.881331,3209021005,3209,200.0,4,PLN,available
00308,SPKLU REST AREA KM 229 B RUAS KANCI - PEJAGAN,108.707599,-6.884346,3209021005,3209,200.0,4,PLN,available
00309,SPKLU REST AREA (TRAVOY) KM 88 A RUAS CIPULARANG,107.4271446,-6.601573,3214050014,3214,200.0,6,PLN,inuse
00310,SPKLU REST AREA (TRAVOY) KM 88 B RUAS CIPULARANG,107.4235304,-6.6042097,3214050014,3214,200.0,6,PLN,available
00312,SPKLU KP LIMBANGAN,107.9853226,-7.0345837,3205290007,3205,200.0,2,PLN,available
00313,SPKLU PLN ICON HUB (BRAGA HERITAGE),107.6093717,-6.9200825,3273170001,3273,200.0,3,PLN,available
00341,SPKLU PT Asuransi Ramayana Tbk (Claim Center),106.818888,-6.169126,3173080005,3173,25.0,2,PLN,inuse
00356,SPKLU PT Indomobil Trada Nasional,106.75481,-6.124463,3175010002,3175,25.0,3,PLN,available
00370,SPKLU The Allure Villas Pangandaran,108.6383622,-7.6845285,3218070001,3218,22.0,1,PLN,maintenance
00372,SPKLU PLN UP3 MARUNDA,106.926332,-6.127678,3175060006,3175,7.0,1,PLN,available
00373,SPKLU PLN UP3 KRAMAT JATI,106.871845,-6.283453,3172050005,3172,24.0,1,PLN,maintenance
00376,SPKLU PLN UIP JBT,107.627926,-6.938255,3273070002,3273,25.0,2,PLN,inuse
00377,SPKLU Hotel Emaki Jatinangor,107.759218,-6.937193,3211010010,3211,22.0,1,PLN,available
00379,SPKLU Fieris Hotel Kertajati,108.1713013,-6.7141582,3210180003,3210,22.0,2,PLN,available
00384,SPKLU PLN UP3 CIRACAS,106.876094,-6.326063,3172020003,3172,7.0,1,PLN,inuse
00387,SPKLU Kota Baru Parahyangan,107.464925,-6.86738,3217090004,3217,25.0,2,PLN,available
00396,SPKLU Alun-Alun Kota Bogor,106.791952,-6.593879,3271040007,3271,22.0,1,PLN,maintenance
00398,SPKLU Istana Negara,106.8239502,-6.167915,3173080003,3173,50.0,2,PLN,available
00410,SPKLU DOPA COFFEE STUDIO,106.803653,-6.230931,3171060008,3171,22.0,2,PLN,inuse
00412,SPKLU PLN UP3 CIPUTAT,106.749549,-6.342055,3674030003,3674,7.0,1,PLN,available
00413,SPKLU PLN RAJA FO CIMACAN,107.026144,-6.715324,3203221004,3203,22.0,1,PLN,available
00414,SPKLU PLN HOTEL LE EMINENCE,107.022974,-6.708359,3203221004,3203,22.0,1,PLN,available
00415,SPKLU PLN MARKETING HARVEST CITY,106.984169,-6.406121,3201180017,3201,22.0,1,PLN,available
00416,SPKLU PLN SPORT CLUB KOTAWISATA,106.957463,-6.380274,3201190008,3201,22.0,1,PLN,available
00417,SPKLU SEKDA SUKABUMI,106.931326,-6.918003,3272050003,3272,22.0,1,PLN,available
00420,SPKLU REST AREA 43 MERAK,106.424933,-6.193505,3603131008,3603,100.0,4,PLN,inuse
00421,SPKLU HVT Rest Area Tol Serpong KM 7,106.714809,-6.294992,3674040002,3674,60.0,1,PLN,inuse
00422,SPKLU PLN UP3 CENGKARENG,106.724524,-6.171794,3174070001,3174,7.0,4,PLN,available
00424,SPKLU Bandara Halim Perdana Kusuma,106.886288,-6.264916,3172040004,3172,200.0,1,PLN,available
00427,SPKLU Dormitory IP Pelabuhan Ratu,106.543365,-7.020494,3202110013,3202,22.0,3,PLN,available
00439,SPKLU HVT REST AREA KM 97 CIPULARANG,107.4391856,-6.6751637,3214060014,3214,60.0,1,PLN,inuse
00440,SPKLU PLN UP3 CIKOKOL,106.642595,-6.183792,3671030014,3671,7.0,2,PLN,inuse
00441,SPKLU RESINDA PARK MALL,107.278154,-6.3013,3215031009,3215,22.0,1,PLN,maintenance
00442,SPKLU PLN ULP SUKARAJA,106.965165,-6.917551,3202170012,3202,7.0,2,PLN,unavailable
00443,SPKLU PENDOPO SRI AGUNG JAYA MARGAASIH,107.531811,-6.996109,3204191006,3204,7.0,1,PLN,available
00445,SPKLU PLN UP3 BINTARO,106.723157,-6.274516,3674060006,3674,7.0,2,PLN,available
00447,SPKLU HVT Rest Area KM 45 Ciawi,106.843786,-6.63647,3201100013,3201,60.0,3,PLN,available
00450,SPKLU BPKP (Badan Pengawasan Keuangan dan Pembangunan),106.870552,-6.19227,3172100006,3172,7.0,1,PLN,available
00454,SPKLU SAKURA HARVEST CITY,107.040949,-6.382608,3216010004,3216,22.0,1,PLN,available
00462,SPKLU REST AREA KM 101 B RUAS CIPALI (SC),107.7186932,-6.5091024,3213080016,3213,22.0,1,PLN,available
00474,SPKLU Karawaci Kreasi Building,106.618723,-6.217467,3671041001,3671,22.0,2,PLN,available
00475,SPKLU PLN UP3 TELUKNAGA,106.5704703,-6.1115475,3603180009,3603,7.0,2,PLN,available
00479,SPKLU PLN ULP BABELAN,107.0388094,-6.1847863,3216090002,3216,7.0,6,PLN,inuse
00480,SPKLU YASPORBI,106.841611,-6.239722,3171090001,3171,22.0,1,PLN,available
00482,SPKLU PLN ULP TANGGEUNG,107.1200746,-7.2676151,3203060004,3203,7.0,1,PLN,available
00484,SPKLU POLRESTA TANGERANG,106.482309,-6.27245,3603020014,3603,60.0,2,PLN,available
00494,SPKLU Rest Area KM 7 Serpong,106.714503,-6.295227,3674040002,3674,50.0,2,PLN,inuse
00496,SPKLU Grand Batavia,106.54133,-6.13904,3603120012,3603,7.0,3,PLN,available
00497,SPKLU Jaya Imperial Park,106.58506,-6.12646,3603180008,3603,7.0,2,PLN,inuse
00512,SPKLU PLN Enjiniring,106.808331,-6.186997,3174030005,3174,22.0,2,PLN,inuse
00515,SPKLU Rest Area KM 45 Tol Merak - Tangerang,106.408486,-6.186532,3603131008,3603,50.0,1,PLN,available
00516,SPKLU REST AREA KM 72 A RUAS CIKAMPEK - PADALARANG,107.444503,-6.466612,3214101004,3214,22.0,5,PLN,inuse
00524,SPKLU REST AREA KM 19 B RUAS JAKARTA - CIKAMPEK,107.039319,-6.271176,3216081002,3216,50.0,3,PLN,inuse
00525,SPKLU REST AREA KM 39 A RUAS JAKARTA - CIKAMPEK,107.204346,-6.347979,3216022004,3216,50.0,3,PLN,available
00526,SPKLU REST AREA KM 147 A RUAS PADALARANG - CILEUNYI,107.681659,-6.96689,3273100001,3273,200.0,1,PLN,maintenance
00533,SPKLU REST AREA KM 19 A RUAS JAKARTA - CIKAMPEK,107.036151,-6.2690562,3216081002,3216,50.0,1,PLN,inuse
00536,SPKLU REST AREA KM 42 B RUAS JAKARTA - CIKAMPEK,107.230412,-6.354965,3215032003,3215,25.0,2,PLN,inuse
00537,SPKLU REST AREA KM 72 B RUAS CIKAMPEK - PADALARANG,107.444582,-6.467835,3214101004,3214,22.0,2,PLN,available
00538,SPKLU REST AREA KM 149 B RUAS PADALARANG - CILEUNYI,107.703976,-6.968575,3204280006,3204,22.0,2,PLN,available
00539,SPKLU REST AREA KM 86 A RUAS CIKAMPEK - PALIMANAN,107.585774,-6.471969,3213090008,3213,50.0,2,PLN,inuse
00543,SPKLU REST AREA KM 102 A Tol Cikampek-Palimanan,107.721088,-6.508229,3213081010,3213,50.0,4,PLN,inuse
00544,SPKLU CENTER REST AREA KM 164 B RUAS TOL CIPALI,108.2247718,-6.706957,3210140011,3210,50.0,7,PLN,available
00545,SPKLU CENTER REST AREA KM 166 A RUAS TOL CIPALI,108.242674,-6.712876,3210140012,3210,120.0,7,PLN,available
00580,SPKLU HVT Hotel Qubika Serpong,106.617554,-6.26392,3603070010,3603,120.0,2,PLN,inuse
00585,SPKLU (ARISTA POWER) BYD ARISTA BSD CITY,106.636867,-6.281455,3603070008,3603,60.0,2,PLN,inuse
00593,SPKLU REST AREA KM 125 B RUAS PADALARANG - CILEUNYI,107.520432,-6.885976,3277010005,3277,120.0,1,PLN,inuse
00602,SPKLU (ARISTA POWER) BYD ARISTA TEBET,106.847137,-6.228243,3171090001,3171,60.0,1,PLN,inuse
00603,SPKLU (ARISTA POWER) FAZION ARISTA TEBET,106.847518,-6.222462,3171090006,3171,60.0,1,PLN,inuse
00604,SPKLU (ARISTA POWER) BYD ARISTA SUNTER,106.880725,-6.143592,3175030002,3175,60.0,2,PLN,available
00605,SPKLU (ARISTA POWER) BYD ARISTA KALIMALANG,106.918628,-6.247491,3172070002,3172,60.0,1,PLN,available
00606,SPKLU (ARISTA POWER) GUDANG EV ARISTA CIKARANG (Khusus EV Milik Grup Arista),107.1546401,-6.2577692,3216061007,3216,60.0,1,PLN,available
00607,SPKLU (ARISTA POWER) BYD ARISTA DEPOK,106.8300326,-6.3813243,3276050003,3276,60.0,1,PLN,inuse
00608,SPKLU (ARISTA POWER) BYD ARISTA BANDUNG SOETA,107.675904,-6.938495,3273100002,3273,60.0,1,PLN,available
00613,SPKLU PT PLN Icon Plus Cawang,106.868977,-6.261639,3172050006,3172,7.0,1,PLN,inuse
00618,SPKLU HVT HARCO MANGGA DUA,106.8290278,-6.1375556,3173070005,3173,50.0,1,PLN,available
00619,SPKLU HVT MAMPANG BUSINESS PARK,106.82877,-6.25645,3171080003,3171,50.0,1,PLN,available
00621,SPKLU MENARA DANAREKSA,106.824583,-6.182002,3173080003,3173,200.0,1,PLN,available
00624,SPKLU KLHK FC (Kementrian Lingkungan Hidup dan Kehutanan),106.800171,-6.20669,3173010001,3173,47.0,1,PLN,inuse
00635,SPKLU KOTA SUTERA,106.538079,-6.134379,3603120012,3603,7.4,1,PLN,available
00636,SPKLU Duta Indah Residence,106.593534,-6.174382,3671042002,3671,7.4,1,PLN,available
00643,SPKLU KOTA TUA,106.813019,-6.136188,3174060008,3174,22.0,3,PLN,available
00649,SPKLU Dinas Perhubungan Kabupaten Cianjur,107.149535,-6.809739,3203200005,3203,22.0,1,PLN,available
00668,SPKLU HVT THE MANSION AT KEMANG,106.810297,-6.255045,3171070001,3171,50.0,1,PLN,unavailable
00674,SPKLU APARTEMEN GARDENIA BOULEVARD,106.827131,-6.283651,3171020005,3171,22.0,2,PLN,available
00675,SPKLU PLN GEOWISATA INN,107.578369,-6.917518,3273180004,3273,40.0,1,PLN,available
00676,SPKLU TSpace by dr Tompi,106.706534,-6.274674,3674060004,3674,22.0,1,PLN,inuse
00677,SPKLU Hotel Narita Tangerang,106.672523,-6.192278,3671020013,3671,22.0,3,PLN,available
00687,SPKLU PLN Horison Tasikmalaya,108.2164,-7.3260345,3278050004,3278,22.0,1,PLN,available
00688,SPKLU PBSI,106.892159,-6.337226,3172030004,3172,22.0,1,PLN,inuse
00689,SPKLU EV LOKA WAROENG KEBOENKOE,106.899063,-6.414687,3276041004,3276,22.0,2,PLN,available
00690,SPKLU KANTOR KELURAHAN KRAMAT JATI,106.871453,-6.278025,3172050005,3172,7.4,1,PLN,maintenance
00702,SPKLU HOTEL POMELOTEL,106.83585,-6.237614,3171090001,3171,22.0,1,PLN,available
00703,SPKLU PLN UP3 PONDOK GEDE,106.9301966,-6.2834311,3275010008,3275,30.0,4,PLN,available
00709,SPKLU METLAND PURI JUNTION,106.7086482,-6.1943178,3671020016,3671,22.0,1,PLN,maintenance
00711,SPKLU KANTOR YANTEK PLN UP3 KEBON JERUK,106.748551,-6.197465,3174010002,3174,22.0,3,PLN,available
00728,SPKLU GUDANG PLN UP3 PONDOK GEDE,106.93039,-6.283279,3275010008,3275,22.0,1,PLN,maintenance
00730,SPKLU SPBU KEBON NANAS,106.631238,-6.217006,3671021001,3671,22.0,2,PLN,inuse
00736,SPKLU LIPPO MALL KRAMAT JATI,106.868198,-6.270091,3172050005,3172,22.0,1,PLN,available
00784,SPKLU BANK BNI SUNTER,106.871535,-6.137044,3175030001,3175,22.0,1,PLN,available
00785,SPKLU PLN HALEYORA,106.838117,-6.314792,3171010005,3171,22.0,1,PLN,inuse
00788,SPKLU EV LOKA AEON Mall BSD,106.643833,-6.30522,3603070006,3603,22.0,2,PLN,inuse
00797,SPKLU IDD PIK 2,106.704987,-6.049706,3603210010,3603,25.0,2,PLN,available
00799,SPKLU PLN CITRALAND CIBUBUR,107.0055,-6.407156,3201180016,3201,22.0,2,PLN,inuse
00800,SPKLU LRT JATIBENING,106.927374,-6.256466,3275010012,3275,47.0,1,PLN,available
00801,SPKLU NAGA SWALAYAN,106.920332,-6.295481,3275012004,3275,47.0,1,PLN,available
00802,SPKLU PLN UPDL JAKARTA,106.796827,-6.193731,3174030003,3174,22.0,1,PLN,inuse
00803,SPKLU SPBU KELAPA DUA,106.77003,-6.208559,3174020003,3174,25.0,1,PLN,maintenance
00804,SPKLU IT PLN,106.726442,-6.168249,3174070001,3174,25.0,1,PLN,inuse
00808,SPKLU BALAI KOTA BANDUNG,107.609741,-6.913789,3273170004,3273,25.0,2,PLN,inuse
00810,SPKLU GOLF JATINANGOR,107.76274,-6.91148,3211010010,3211,22.0,2,PLN,available
00813,SPKLU CV HIDUP MAKMUR,106.746669,-6.198685,3174010002,3174,22.0,2,PLN,available
00823,SPKLU EV LOKA ORANGE GROVES PIK 2,106.692321,-6.059847,3603210009,3603,22.0,4,PLN,available
00825,SPKLU (ARISTA POWER) BYD ARISTA PONDOK INDAH,106.788913,-6.263599,3171060001,3171,60.0,4,PLN,inuse
00857,SPKLU KLHK MC (Kementrian Lingkungan Hidup dan Kehutanan),106.800171,-6.20669,3173010001,3173,22.0,1,PLN,inuse
00858,SPKLU NINDYA KARYA FC,106.86579,-6.24406,3172050007,3172,120.0,1,PLN,available
00861,SPKLU PLN ARUNIKA RESTO,108.4452062,-6.9414455,3208140006,3208,22.0,2,PLN,available
00862,SPKLU PLN GRAGE LANAI RESTO,108.4980474,-6.8864377,3208171009,3208,22.0,1,PLN,inuse
00863,SPKLU RS SENTOSA,106.7512742,-6.4950254,3201230014,3201,22.0,1,PLN,available
00864,SPKLU PLN HOTEL SANTIKA PREMIERE,108.490502,-6.880798,3208170012,3208,22.0,2,PLN,available
00884,SPKLU HVT Rest Area KM 14B,106.678617,-6.213994,3671021009,3671,200.0,1,PLN,inuse
00897,SPKLU MALL SAMANEA,106.518791,-6.201898,3603030010,3603,50.0,2,PLN,inuse
00902,SPKLU EVCITY PLN PUSAT,106.803782,-6.239839,3171060008,3171,60.0,1,PLN,available
00904,SPKLU PLN PUNCAK PASS RESORT,106.993126,-6.706646,3201110003,3201,22.0,1,PLN,available
00906,SPKLU PLN ISTANA PRESIDEN CIPANAS (Khusus Internal Istana Presiden),107.040642,-6.732474,3203221002,3203,60.0,1,PLN,available
00911,SPKLU Eco Business Park,106.622198,-6.201691,3671031003,3671,60.0,2,PLN,unavailable
00921,SPKLU PLN HOTEL AMARIS,108.2174077,-7.3463095,3278050001,3278,22.0,1,PLN,available
00939,SPKLU XLSMART TOWER,106.832593,-6.225999,3171100002,3171,22.0,1,PLN,available
00948,SPKLU KOPI NAKO,107.129972,-6.81648,3203200007,3203,22.0,1,PLN,available
00953,SPKLU CIANJUR ASRI,107.127251,-6.848277,3203140007,3203,22.0,1,PLN,available
00965,SPKLU PLN KANTOR BUPATI KARAWANG,107.304484,-6.301599,3215113002,3215,30.0,2,PLN,inuse
00970,SPKLU HOTEL GLORIA SUITES,106.795126,-6.166684,3174040003,3174,22.0,1,PLN,available
00979,SPKLU ONE STOP CHARGING STATION SURAPATI,107.621305,-6.898728,3273230004,3273,120.0,4,PLN,inuse
00984,SPKLU KANTOR KEMENTRIAN PUPR,106.801374,-6.235908,3171060008,3171,22.0,4,PLN,inuse
00986,SPKLU Bina Bangsa School,106.781702,-6.188133,3174020004,3174,22.0,1,PLN,available
00989,SPKLU KEMENKUMHAM,106.831206,-6.221816,3171100003,3171,22.0,1,PLN,available
00991,SPKLU RSU Bhakti Asih,106.705222,-6.221264,3671012003,3671,22.0,1,PLN,available
00992,SPKLU TRANSMART CILANDAK,106.814113,-6.302188,3171020001,3171,22.0,3,PLN,inuse
00993,SPKLU Masjid Agung Al-Ikhlas,106.705222,-6.224777,3671012003,3671,22.0,1,PLN,available
00996,SPKLU MASJID JAMI' ASSA'ADAH,106.77214,-6.294846,3171030001,3171,22.0,1,PLN,inuse
00999,SPKLU PASAR SARASWATI,106.709381,-6.224794,3671010014,3671,22.0,1,PLN,maintenance
01002,SPKLU Auto7 Carwash,106.715843,-6.285058,3674060005,3674,22.0,1,PLN,available
01003,SPKLU Kejaksaan Negeri Jakarta Barat,106.737557,-6.184728,3174010006,3174,22.0,2,PLN,maintenance
01008,SPKLU POSKO GUNUNG SARI,106.835233,-6.149944,3173070002,3173,22.0,2,PLN,available
01009,SPKLU Green Cleosa Ciledug,106.702031,-6.232833,3671010014,3671,22.0,1,PLN,available
01010,SPKLU Mall Balekota,106.642963,-6.179548,3671030015,3671,22.0,2,PLN,available
01013,SPKLU LABSCHOOL CIBUBUR,106.925159,-6.342727,3275011004,3275,22.0,4,PLN,available
01015,SPKLU PP URBAN TOWN SERPONG,106.713213,-6.318753,3674040001,3674,50.0,1,PLN,inuse
01022,SPKLU POSKO YANTEK KAPUK,106.771652,-6.141458,3174070004,3174,22.0,2,PLN,inuse
01026,SPKLU PLN TRANSMART TASIKMALAYA,108.19934,-7.317805,3278071001,3278,22.0,2,PLN,available
01036,SPKLU TRANSMART KALIMALANG,106.931849,-6.248319,3172070003,3172,22.0,3,PLN,available
01037,SPKLU Ruko Sentra Niaga Kalimalang,106.910454,-6.248498,3172040005,3172,22.0,2,PLN,available
01048,SPKLU POLDA METRO JAYA,106.813912,-6.223905,3171060010,3171,60.0,1,PLN,available
01049,SPKLU Perumahan Sacna Sunter Agung,106.869495,-6.134632,3175030001,3175,22.0,1,PLN,available
01050,SPKLU RS AU dr Esnawan Antariksa,106.891796,-6.256356,3172040004,3172,22.0,2,PLN,available
01052,SPKLU TRANSMART CEMPAKA PUTIH,106.877456,-6.168573,3173050002,3173,22.0,1,PLN,inuse
01053,SPKLU HERO SUPERMARKET,106.778079,-6.299745,3171030001,3171,22.0,2,PLN,inuse
01054,SPKLU Kantor Kelurahan Cawang,106.868095,-6.250293,3172050007,3172,22.0,1,PLN,available
01056,SPKLU SPBU Cisauk,106.641062,-6.321564,3603070005,3603,25.0,2,PLN,inuse
01067,SPKLU EVCITY PLN UID JAKARTA RAYA,106.833191,-6.18039,3173080003,3173,22.0,1,PLN,inuse
01068,SPKLU CENTER EVCITY PLN UP3 BULUNGAN,106.797577,-6.239515,3171060007,3171,120.0,2,PLN,inuse
01070,SPKLU PLN Gudang Sunter,106.888941,-6.1468,3175030002,3175,22.0,3,PLN,inuse
01077,SPKLU Perumahan Taman Nyiur 3,106.869305,-6.135382,3175030001,3175,22.0,1,PLN,available
01082,SPKLU Kantor PT Marga Trans Nusantara,106.685845,-6.267528,3674060001,3674,22.0,2,PLN,available
01095,SPKLU PLN HOTEL SANTIKA GARUT,107.8864,-7.17535,3205182012,3205,22.0,2,PLN,inuse
01099,SPKLU PASAR BARU JATIASIH,106.966363,-6.290943,3275020003,3275,22.0,1,PLN,available
01103,SPKLU PLN MALAGA RESTO,107.612741,-6.885276,3273230002,3273,25.0,2,PLN,unavailable
01108,SPKLU PLN Kawasan Puri Beta 1,106.725895,-6.2296,3671011008,3671,22.0,1,PLN,available
01109,SPKLU MENARA 2 BANK BTN,106.830932,-6.209697,3171100007,3171,47.0,1,PLN,inuse
01125,SPKLU Apartemen Permata Eksekutif,106.765464,-6.216821,3174020003,3174,22.0,2,PLN,available
01126,SPKLU Louie Café,106.772827,-6.277248,3171050001,3171,50.0,1,PLN,inuse
01127,SPKLU Apartement Kebagusan,106.835907,-6.305905,3171020003,3171,22.0,2,PLN,available
01136,SPKLU Setwapres,106.829395,-6.181614,3173080003,3173,50.0,1,PLN,available
01137,SPKLU Pasar Kota Pondok Gede,106.914877,-6.284739,3275012004,3275,22.0,2,PLN,available
01139,SPKLU Universitas Binawan,106.862726,-6.257289,3172050007,3172,22.0,1,PLN,available
01141,SPKLU East Park Apartement,106.925945,-6.203468,3172080001,3172,100.0,1,PLN,available
01143,SPKLU Kampus IT PLN,106.725958,-6.168178,3174070001,3174,22.0,1,PLN,inuse
01152,SPKLU Sahassra Venue & Resto,106.909261,-6.253899,3172040005,3172,22.0,2,PLN,available
01168,SPKLU JIEP Gedung Graha Daya Guna,106.919643,-6.206415,3172080001,3172,100.0,1,PLN,available
01171,SPKLU Budha Tzu Chi,106.736631,-6.131962,3174070005,3174,22.0,2,PLN,available
01178,SPKLU Gedung Graha Inti Fauzi UFC,106.829552,-6.275734,3171020006,3171,100.0,1,PLN,available
01181,SPKLU Posko Yantek PLN Pondok Indah,106.782211,-6.273181,3171050001,3171,22.0,2,PLN,inuse
01201,SPKLU Pasar 8 Suvarna Sutera,106.493523,-6.180683,3603121001,3603,25.0,2,PLN,inuse
01202,SPKLU Flavor Bliss Suvarna Sutera,106.51125,-6.184297,3603121002,3603,22.0,2,PLN,available
01203,SPKLU PLN FAVE HOTEL GARUT,107.8893,-7.20409,3205181010,3205,22.0,1,PLN,available
01210,SPKLU KP MALANGBONG,108.0858,-7.06085,3205310014,3205,30.0,3,PLN,available
01218,SPKLU Citra 8 (Danau),106.693148,-6.123879,3174080003,3174,22.0,3,PLN,unavailable
01240,SPKLU CIARO NAGREG,107.92704,-7.035922,3204101004,3204,120.0,1,PLN,inuse
01242,SPKLU PLN HOTEL NOVENA,107.597386,-6.840745,3217120001,3217,22.0,1,PLN,available
01246,SPKLU PT PRODUKSI FILM NEGARA (PERSERO) - PFN,106.868697,-6.235981,3172060001,3172,22.0,2,PLN,available
01247,SPKLU PLN TRANSMART CIMAHI,107.53321,-6.869391,3277020005,3277,22.0,2,PLN,inuse
01255,SPKLU MESJID SUNDA KELAPA,106.83212,-6.20117,3173020001,3173,22.0,1,PLN,available
01258,SPKLU MCD Green Garden,106.762971,-6.165764,3174020007,3174,22.0,1,PLN,available
01285,SPKLU PLN APARTEMEN GATEWAY PASTEUR,107.566734,-6.889389,3273190006,3273,30.0,2,PLN,available
01291,SPKLU Aryana Karawaci,106.573328,-6.251189,3603050003,3603,22.0,2,PLN,available
01297,SPKLU MASJID AL IKHLAS CIJANTUNG,106.844912,-6.3261001,3172010003,3172,22.0,1,PLN,available
01298,SPKLU POSKO YANTEK RADAR AURI,106.870466,-6.372169,3276040011,3276,22.0,3,PLN,available
01305,SPKLU Apartemen Annora Living,106.643369,-6.18399,3671030014,3671,22.0,2,PLN,available
01306,SPKLU PLN Technomart Galuh Mas,107.29332,-6.328612,3215031006,3215,22.0,2,PLN,inuse
01307,SPKLU PLN SUMMARECON VILLAGGIO OUTLETS,107.33744,-6.323376,3215112003,3215,25.0,2,PLN,inuse
01311,SPKLU PUSZIAD,106.85683,-6.207943,3172100001,3172,22.0,2,PLN,available
01312,SPKLU Aljazeerah Polonia,106.873508,-6.236361,3172060002,3172,22.0,1,PLN,available
01313,SPKLU Kalia Restaurant,106.8604845,-6.2365684,3171090004,3171,22.0,1,PLN,inuse
01314,SPKLU Depo Bangunan Pondok Gede - Ground Mounted,106.913483,-6.278155,3275010009,3275,22.0,2,PLN,available
01327,SPKLU Badan Intelijen Negara (BIN),106.853777,-6.268155,3171020007,3171,100.0,3,PLN,inuse
01331,SPKLU Rukan Permata Senayan,106.790921,-6.222977,3171050006,3171,22.0,4,PLN,available
01338,SPKLU RUKO PALEM INDAH,106.93468,-6.240623,3172070003,3172,22.0,1,PLN,available
01348,SPKLU Mess AD Pejambon,106.834373,-6.175444,3173080003,3173,22.0,1,PLN,available
01354,SPKLU PLN HOTEL GRAND PALMA PANGANDARAN,108.6564497,-7.7038749,3218070003,3218,22.0,1,PLN,available
01355,SPKLU Jatiwarna Square,106.937056,-6.306249,3275020005,3275,22.0,2,PLN,available
01357,SPKLU PLN TRANSPARK MALL BINTARO,106.719374,-6.277807,3674060006,3674,22.0,3,PLN,available
01358,SPKLU PLN KCP Mall Karawang MC,107.291973,-6.327342,3215031006,3215,22.0,1,PLN,available
01359,SPKLU PLN Festive Walk Mall,107.291973,-6.327342,3215031006,3215,22.0,2,PLN,inuse
01360,SPKLU Griya CIMB Niaga,106.7235833,-6.2733889,3674060006,3674,25.0,1,PLN,inuse
01364,SPKLU LRT CITY CIRACAS,106.8861868,-6.3238821,3172020003,3172,100.0,3,PLN,inuse
01369,SPKLU KEMENSOS,106.85154,-6.199787,3173030001,3173,22.0,2,PLN,available
01370,SPKLU Amuya Cafe Kemayoran,106.840329,-6.154989,3173060008,3173,25.0,1,PLN,maintenance
01372,SPKLU POLDA METRO JAYA (KHUSUS PEGAWAI POLDA),106.813912,-6.223905,3171060010,3171,22.0,2,PLN,available
01379,SPKLU PLN Kawasan Puri Beta 2,106.726493,-6.229655,3671011008,3671,22.0,1,PLN,available
01380,SPKLU PT Molino Pramuka 1,106.896934,-6.369868,3276040009,3276,22.0,1,PLN,available
01381,SPKLU PT Molino Pramuka 2,106.896344,-6.371331,3276040009,3276,22.0,1,PLN,available
01382,SPKLU Gedung Arsip PLN Jagakarsa,106.818407,-6.337301,3171010003,3171,22.0,2,PLN,available
01383,SPKLU MENZIKON,106.86839,-6.339307,3172010001,3172,22.0,1,PLN,available
01392,SPKLU TRANSPARK MALL BEKASI JUANDA,107.016711,-6.249609,3275040005,3275,22.0,2,PLN,inuse
01396,SPKLU Puri Casablanca,106.838198,-6.22282,3171090001,3171,22.0,2,PLN,available
01399,SPKLU MABES AD,106.828688,-6.16839,3173080003,3173,25.0,2,PLN,available
01400,SPKLU Griya Inti Sentosa 1,106.8538889,-6.1360556,3175030001,3175,22.0,2,PLN,available
01404,SPKLU MENARA BANK MEGA,106.830389,-6.240778,3171070004,3171,22.0,5,PLN,unavailable
01405,SPKLU Perum Akasia MC,106.748209,-6.106447,3175010001,3175,22.0,4,PLN,inuse
01406,SPKLU EST JAKARTA,106.877424,-6.265469,3172040003,3172,22.0,1,PLN,inuse
01408,SPKLU KOMODOR 40,106.879259,-6.26576,3172040004,3172,22.0,1,PLN,inuse
01412,SPKLU PLN POSKO CIBEBER,107.12325,-6.936976,3203120003,3203,22.0,1,PLN,available
01413,SPKLU PLN POSKO WARUNG KONDANG,107.098276,-6.870025,3203130004,3203,22.0,1,PLN,available
01414,SPKLU ULP MANDE,107.257112,-6.762957,3203180010,3203,22.0,1,PLN,available
01415,SPKLU PLN ULP TANJUNG SARI,107.807858,-6.896327,3211030015,3211,22.0,2,PLN,available
01416,SPKLU Lapangan Jati Universitas Mercu Buana,106.737946,-6.20886,3174010003,3174,22.0,4,PLN,available
01417,SPKLU Apartement Vasaka Soltera,106.8318591,-6.2750123,3171020006,3171,22.0,2,PLN,available
01424,SPKLU West Hub,106.77105,-6.208873,3174020003,3174,60.0,2,PLN,inuse
01429,SPKLU UCI BENY Angke Heritage PIK 2,106.701146,-6.050668,3603210010,3603,22.0,2,PLN,inuse
01433,SPKLU Villa Gading Indah,106.895652,-6.163592,3175050001,3175,22.0,2,PLN,inuse
01434,SPKLU Masjid An Nizam,106.888837,-6.166454,3175050001,3175,22.0,1,PLN,available
01435,SPKLU PLN RM CIBIUK GARUT,107.8911,-7.17458,3205182012,3205,22.0,2,PLN,available
01436,SPKLU PLN KCP Mall Karawang FC,107.291973,-6.327342,3215031006,3215,25.0,1,PLN,maintenance
01437,SPKLU Gedung Graha Inti Fauzi FC,106.829552,-6.275734,3171020006,3171,25.0,2,PLN,inuse
01442,SPKLU LIPPO MALL PARKIR P3 R-39,106.739341,-6.189339,3174010005,3174,50.0,4,PLN,available
01445,SPKLU HOTEL SUN IN PANGANDARAN,108.6583013,-7.7011109,3218070003,3218,22.0,1,PLN,available
01447,SPKLU PLN GEDUNG SERBAGUNA UP3 PURWAKARTA,107.445107,-6.556471,3214100007,3214,22.0,5,PLN,available
01448,SPKLU PLN TRANS STUDIO MALL BANDUNG,107.636134,-6.925774,3273160005,3273,60.0,5,PLN,available
01449,SPKLU TSM CIBUBUR,106.902214,-6.375463,3276040009,3276,50.0,5,PLN,inuse
01453,SPKLU PLN ULP SUMEDANG KOTA,107.920992,-6.85681,3211050012,3211,22.0,1,PLN,available
01455,SPKLU PLN TEUAN CAFE & RESTO,107.6249528,-6.8146673,3217120006,3217,22.0,1,PLN,available
01457,SPKLU POOL GRAB BANDARA HALIM,106.885343,-6.263215,3172040004,3172,22.0,1,PLN,available
01459,SPKLU Hotel Laska Sukabumi Kota,106.9267196,-6.9115987,3272040003,3272,22.0,1,PLN,available
01464,SPKLU EVCITY Louie Café,106.773178,-6.277428,3171050001,3171,30.0,3,PLN,inuse
01466,SPKLU PLN RAGEMAN RESTO AND COFFEE,108.45928,-6.951782,3208140010,3208,22.0,1,PLN,available
01467,SPKLU PLN TRANSMART CIREBON,108.5501528,-6.7208027,3274040005,3274,22.0,2,PLN,available
01470,SPKLU MASJID AL JIHAD,106.747622,-6.310593,3674040006,3674,22.0,2,PLN,available
01477,SPKLU PLN POSKO CICALENGKA,107.83518,-6.98346,3204100009,3204,22.0,1,PLN,available
01478,SPKLU PLN SENTRA KIIC,107.282226,-6.357892,3215031005,3215,22.0,2,PLN,available
01479,SPKLU PLN ULP MAJALAYA KOTA,107.761095,-7.051372,3204070012,3204,22.0,1,PLN,inuse
01482,SPKLU PLN PARADISO SENTUL,106.8476049,-6.5269121,3201140009,3201,22.0,1,PLN,available
01483,SPKLU PLN HOTEL LASKA CILETUH PELABUHAN RATU,106.4781087,-7.1207447,3202010006,3202,22.0,1,PLN,available
01484,SPKLU TERRACE 9C SUVARNA SUTERA,106.497207,-6.17359,3603121001,3603,22.0,1,PLN,available
01485,SPKLU PLN KP CISARUA,106.942722,-6.690258,3201110002,3201,22.0,1,PLN,available
01486,SPKLU PLN UPDL BOGOR,106.8755821,-6.6562553,3201120009,3201,22.0,1,PLN,available
01487,SPKLU KFC BUMI INDAH,106.55767,-6.171278,3603120008,3603,22.0,2,PLN,available
01495,SPKLU The Campus Coffee and Eatery,106.473339,-6.268876,3603020016,3603,22.0,1,PLN,available
01497,SPKLU BANDARA CITY MALL,106.692204,-6.091555,3603210005,3603,22.0,2,PLN,inuse
01502,SPKLU Bali Resort Sepatan,106.57719,-6.12113,3603180008,3603,22.0,1,PLN,maintenance
01507,SPKLU FASUM PERUMAHAN ROYAL RESIDENCE,106.960278,-6.197611,3172080003,3172,22.0,1,PLN,available
01509,SPKLU PLN ULP RANCAEKEK,107.76474,-6.95895,3204110004,3204,22.0,1,PLN,available
01511,SPKLU PLN MARKETING GALLERY KBP,107.489628,-6.856564,3217090004,3217,25.0,1,PLN,available
01512,SPKLU PLN BALE PARE KBP,107.490826,-6.857299,3217090004,3217,22.0,2,PLN,available
01513,SPKLU PLN VERONA HILLS,108.526161,-6.763832,3209111002,3209,22.0,1,PLN,available
01514,SPKLU Pisa Grande Paramount Serpong,106.630343,-6.259667,3603051002,3603,22.0,1,PLN,inuse
01515,SPKLU Gallery Marketing Bumi Indah,106.560801,-6.163467,3603120008,3603,22.0,2,PLN,available
01516,SPKLU Terrace 9A Suvarna Sutera,106.499325,-6.173843,3603121001,3603,22.0,1,PLN,inuse
01517,SPKLU Ashta Arcade Blok A,106.531608,-6.160023,3603121003,3603,22.0,1,PLN,available
01518,SPKLU Ashta Arcade Blok B,106.531755,-6.158247,3603121003,3603,22.0,1,PLN,inuse
01519,SPKLU Maggiore Junction,106.633554,-6.272698,3603070012,3603,22.0,1,PLN,available
01520,SPKLU Paramount Maggiore Bussiness Loft,106.636666,-6.272557,3603070012,3603,22.0,1,PLN,inuse
01521,SPKLU Paramount Petals Club House,106.557007,-6.247414,3603050004,3603,22.0,1,PLN,inuse
01523,SPKLU PLN HOTEL ASTON CIREBON,108.5392467,-6.7219371,3209162006,3209,22.0,2,PLN,available
01530,SPKLU BlueCharge - Margocity,106.834456,-6.372754,3276050003,3276,22.0,2,PLN,inuse
01533,SPKLU PLN DISHUB KAB. CIREBON,108.481621,-6.758782,3209120015,3209,22.0,1,PLN,available
01534,SPKLU PLN MASJID BAITUL MUMININ CAMPAKA,107.138514,-7.016566,3203110010,3203,22.0,1,PLN,available
01535,SPKLU PLN KAJENE FOREST KUNINGAN,108.485448,-6.972639,3208130006,3208,22.0,1,PLN,available
01537,SPKLU PLN RM SAMOLO,107.200251,-6.799374,3203190010,3203,22.0,1,PLN,available
01545,SPKLU KLHK Panjaitan Ground,106.877188,-6.232191,3172060003,3172,50.0,2,PLN,inuse
01553,SPKLU Transmart Graha Raya,106.675541,-6.240872,3674070007,3674,22.0,2,PLN,available
01556,SPKLU PLN GREENLAND BOGOR,106.757442,-6.500639,3201230010,3201,22.0,1,PLN,available
01561,SPKLU PLN GADOG FARM,106.891312,-6.670561,3201120004,3201,22.0,1,PLN,available
01562,SPKLU BSPACE GRAND DEPOK CITY,106.8261504,-6.432733,3276031001,3276,200.0,3,PLN,available
01567,SPKLU PLN BALI RESORT EXTENSION,106.709876,-6.380238,3201250007,3201,22.0,1,PLN,available
01568,SPKLU PLN ICON PLUS BANDUNG,107.631205,-6.908072,3273210001,3273,22.0,1,PLN,available
01575,SPKLU PLN HOTEL GREENPEAK CISARUA,106.909107,-6.657776,3201110007,3201,22.0,1,PLN,available
01579,SPKLU Urban Sport Dome,106.784544,-6.311064,3171030002,3171,22.0,2,PLN,inuse
01580,SPKLU Synthesis Square,106.837538,-6.240848,3171090001,3171,22.0,2,PLN,inuse
01581,SPKLU PLN OCEAN VIEW,107.169861,-7.466948,3203020006,3203,22.0,1,PLN,available
01583,SPKLU Express Group Cipondoh,106.672371,-6.193017,3671020013,3671,22.0,4,PLN,available
01598,SPKLU Universitas Binus Kampus Anggrek,106.780085,-6.201795,3174020004,3174,22.0,2,PLN,inuse
01599,SPKLU PLN MARKETING GALLERY KOTA WISATA,106.961226,-6.35004,3201190009,3201,22.0,2,PLN,unavailable
01604,SPKLU Adira Sayang Bumiku,106.650837,-6.251308,3674070005,3674,30.0,1,PLN,available
01607,SPKLU Klangen Coffee & Resto,106.91463,-6.24535,3172070002,3172,22.0,1,PLN,available
01628,SPKLU MAHATA MARGONDA,106.831942,-6.370291,3276050004,3276,25.0,1,PLN,available
01630,SPKLU HI AVENUE HARAPAN INDAH,106.974267,-6.186732,3275061003,3275,22.0,2,PLN,maintenance
01633,SPKLU PLN ASTAKAIA,107.453892,-7.104176,3204010002,3204,22.0,2,PLN,available
01634,SPKLU PP DMI MATRAMAN,106.856487,-6.201213,3172100002,3172,22.0,1,PLN,available
01638,SPKLU KANTOR BPHN,106.868411,-6.25944,3172050006,3172,22.0,3,PLN,available
01641,SPKLU Institut Pariwisata Trisakti,106.768941,-6.260404,3171040001,3171,22.0,3,PLN,available
01643,SPKLU Belmont Residence,106.762603,-6.200177,3174010002,3174,22.0,2,PLN,available
01644,SPKLU Mall Cipinang Indah,106.894348,-6.239365,3172070001,3172,22.0,2,PLN,inuse
01649,SPKLU Graha Kaji,106.815014,-6.167606,3173080005,3173,22.0,1,PLN,available
01650,SPKLU Madame Delima,106.836186,-6.188105,3173020003,3173,22.0,1,PLN,available
01653,SPKLU PLN PATRA HOTEL AND CONVENTION,108.533955,-6.710243,3209162005,3209,22.0,1,PLN,available
01656,SPKLU PLN KANTOR IMIGRASI BEKASI,107.0302,-6.21952,3275070005,3275,22.0,2,PLN,inuse
01661,SPKLU Posko Yantek Matraman 1,106.86553,-6.214691,3172060007,3172,22.0,2,PLN,available
01665,SPKLU PLN TENTH AVENUE BANDUNG,107.640992,-6.945959,3273090001,3273,22.0,2,PLN,available
01666,SPKLU CBD Ciledug,106.709966,-6.221273,3671012003,3671,22.0,2,PLN,available
01672,SPKLU Puri 11 Cluster Royal,106.70169,-6.21037,3671012007,3671,22.0,1,PLN,maintenance
01673,SPKLU Perum Akasia FC,106.748209,-6.106447,3175010001,3175,50.0,1,PLN,available
01674,SPKLU Amuya Cafe Kemayoran FC,106.840329,-6.154989,3173060008,3173,50.0,1,PLN,available
01677,SPKLU Club House Puri 11,106.702462,-6.209504,3671012002,3671,22.0,2,PLN,inuse
01680,SPKLU Yaski (Heartline),106.588069,-6.229247,3603050007,3603,22.0,2,PLN,available
01682,SPKLU CENTER UCI BENY KM38B TOL JAGORAWI,106.838482,-6.575403,3271030004,3271,120.0,5,PLN,inuse
01683,SPKLU ALFAMIDI BOTANICA,106.695693,-6.276037,3674060001,3674,22.0,2,PLN,inuse
01684,SPKLU RS HAJI JAKARTA,106.888574,-6.290027,3172040001,3172,50.0,3,PLN,available
01686,SPKLU Dealer Vinfast,106.615912,-6.185852,3671031005,3671,22.0,2,PLN,available
01688,SPKLU PLN ULP SUKANAGARA,107.132026,-7.098025,3203090006,3203,22.0,1,PLN,available
01689,SPKLU Apartemen Samesta East Point,106.94897,-6.205352,3172080003,3172,22.0,2,PLN,inuse
01690,SPKLU GOR BUKIT KENCANA,106.92679,-6.287947,3275010008,3275,22.0,4,PLN,available
01691,SPKLU SPBU BP AKR TB SIMATUPANG,106.843466,-6.303968,3171010006,3171,50.0,1,PLN,inuse
01692,SPKLU Ditjen Imigrasi,106.83153,-6.22089,3171100003,3171,22.0,2,PLN,inuse
01693,SPKLU PLN MESJID ENDAN,107.473717,-6.699598,3214060003,3214,22.0,1,PLN,available
01694,SPKLU Masjid Al Muhajirin,106.92239,-6.241569,3172070003,3172,22.0,3,PLN,inuse
01695,SPKLU PLN HOTEL NEWTON,107.629944,-6.914815,3273200003,3273,22.0,1,PLN,available
01696,SPKLU TOMANG TOL,106.730962,-6.232389,3671011008,3671,22.0,1,PLN,available
01697,SPKLU PLN TRANSMART CIPADUNG,107.710927,-6.925675,3273110005,3273,22.0,2,PLN,available
01700,SPKLU GEDUNG CYBER-1,106.82446,-6.238562,3171070005,3171,22.0,3,PLN,inuse
01702,SPKLU PT SPE,106.693284,-6.127959,3174080003,3174,22.0,2,PLN,available
01705,SPKLU PLN RS ADVENT BANDUNG,107.603159,-6.89172,3273230001,3273,22.0,2,PLN,available
01706,SPKLU Gedung Pegadaian Kenari Baru,106.848026,-6.193013,3173030001,3173,22.0,2,PLN,inuse
01707,SPKLU APARTEMEN PARAMA,106.787343,-6.291482,3171030003,3171,22.0,2,PLN,available
01712,SPKLU PLN HOTEL LE EMINENCE LEMBANG,107.627782,-6.819935,3217120006,3217,22.0,1,PLN,available
01714,SPKLU PLN RESORT PRIMA CISARUA,106.945356,-6.702217,3201110002,3201,22.0,1,PLN,available
01715,SPKLU PLN PR Millennium City Parung Panjang,106.58071,-6.351498,3201300011,3201,22.0,1,PLN,inuse
01720,SPKLU PLN Grand Inna Samudra Beach Hotel,106.506872,-6.962856,3202291002,3202,22.0,2,PLN,available
01722,SPKLU Summarecon Tangerang Marketing Gallery,106.56294,-6.223099,3603050006,3603,22.0,2,PLN,inuse
01724,SPKLU UNIVERSITAS PANCASILA,106.833808,-6.338867,3171010002,3171,22.0,3,PLN,available
01725,SPKLU RS ISLAM AYSHA,106.804761,-6.509153,3201210001,3201,22.0,2,PLN,inuse
01727,SPKLU (ARISTA POWER) BYD ARISTA PLUIT,106.791717,-6.124845,3175010005,3175,180.0,4,PLN,available
01728,SPKLU Hotel Bigland Bogor,106.809253,-6.598081,3271040004,3271,22.0,5,PLN,unavailable
01729,SPKLU RS EMC KEDOYA,106.765131,-6.168086,3174020007,3174,22.0,2,PLN,available
01730,SPKLU CLUSTER DAMAR,106.748116,-6.109793,3175010001,3175,22.0,4,PLN,available
01731,SPKLU PLN CAHAYA VILLA HOTEL GARUT,107.8765,-7.17829,3205182012,3205,22.0,2,PLN,available
01732,SPKLU PLN TIRTAGANGGA HOTEL GARUT,107.8713,-7.17816,3205182007,3205,22.0,1,PLN,available
01733,SPKLU PANTAI MUTIARA,106.79182,-6.099083,3175010005,3175,22.0,1,PLN,available
01734,SPKLU PLN ADVENTURE CAMP CIJERUK,106.784682,-6.676014,3201080016,3201,22.0,1,PLN,available
01736,SPKLU PLN BAKORWIL PURWAKARTA,107.44652,-6.55958,3214100006,3214,22.0,1,PLN,available
01737,SPKLU PLN HOTEL HARPER PURWAKARTA,107.481142,-6.478788,3214112003,3214,22.0,1,PLN,available
01738,SPKLU (ARISTA POWER) DENZA ARISTA BSD CITY,106.636781,-6.280326,3603070008,3603,180.0,6,PLN,inuse
01739,SPKLU PLN HOTEL SANTIKA TASIKMALAYA,108.217065,-7.326161,3278050004,3278,22.0,1,PLN,available
01740,SPKLU PLN HOTEL ARNAWA PANGANDARAN,108.653557,-7.693102,3218070003,3218,22.0,1,PLN,available
01743,SPKLU (ARISTA POWER) BYD ARISTA SUMMARECON BEKASI,106.998075,-6.223169,3275070006,3275,60.0,1,PLN,available
01744,SPKLU EVCITY Apartemen Pantai Mutiara,106.7919557,-6.0980821,3175010005,3175,120.0,3,PLN,inuse
01747,SPKLU Meneers Koffie,106.885834,-6.340514,3172020002,3172,22.0,2,PLN,inuse
01748,SPKLU PERUM CITRA GARDEN,106.72854,-6.306155,3674040004,3674,22.0,2,PLN,inuse
01749,SPKLU INDONET,106.760932,-6.280221,3674050004,3674,22.0,1,PLN,available
01750,SPKLU PLN CGE AVENUE,106.886044,-6.412542,3276041003,3276,22.0,2,PLN,inuse
01751,SPKLU Kantor Kelurahan Sudimara Barat,106.704118,-6.227962,3671010014,3671,22.0,1,PLN,available
01752,SPKLU Temenasi Resto,106.684608,-6.27516,3674060001,3674,22.0,3,PLN,available
01753,SPKLU JOGLO KEMANG,106.815571,-6.279911,3171020001,3171,22.0,3,PLN,inuse
01755,SPKLU RM Sarwono,106.845552,-6.267881,3171020007,3171,22.0,2,PLN,available
01756,SPKLU AZ-KO,106.712836,-6.126205,3174080004,3174,22.0,3,PLN,inuse
01757,SPKLU Pondok Kopi Warehouse,106.946433,-6.215063,3172080003,3172,22.0,2,PLN,inuse
01758,SPKLU UCI BENY Grand Tropic,106.787764,-6.171547,3174040001,3174,120.0,2,PLN,inuse
01759,SPKLU BPK RI,106.802244,-6.2051,3173010002,3173,50.0,2,PLN,inuse
01760,SPKLU UJB RUKO SUNTER,106.871947,-6.137691,3175030001,3175,60.0,2,PLN,inuse
01763,SPKLU POS RW TAMAN NYIUR IV,106.869945,-6.134766,3175030001,3175,22.0,1,PLN,available
01764,SPKLU Masjid Raya Al-Ittihad,106.847494,-6.231638,3171090002,3171,22.0,2,PLN,inuse
01765,SPKLU JTOWN Food and Entertaiment Center,106.867775,-6.220391,3172060007,3172,22.0,1,PLN,inuse
01766,SPKLU PLN Pancar Garden,106.890222,-6.597243,3201140002,3201,22.0,2,PLN,available
01770,SPKLU PLN Rengganis Campsite,107.364287,-7.161417,3204011004,3204,22.0,2,PLN,available
01771,SPKLU PIDI 4.0,106.7787,-6.2186,3171050006,3171,22.0,3,PLN,available
01772,SPKLU RSU FATMAWATI Parkir IGD,106.7958074,-6.2945012,3171030003,3171,50.0,1,PLN,inuse
01775,SPKLU GRAND SUNSHINE RESORT,107.528462,-7.024873,3204190008,3204,22.0,2,PLN,available
01776,SPKLU PLN Dishub Kota Bekasi,106.991201,-6.230838,3275061001,3275,22.0,1,PLN,available
01777,SPKLU Posko Kelapa Gading,106.897694,-6.174806,3175050002,3175,22.0,1,PLN,inuse
01779,SPKLU Menara Bidakara 2,106.841068,-6.240463,3171090001,3171,22.0,2,PLN,inuse
01780,SPKLU PLN CLUSTER CENDANA,106.7482,-6.1112,3175010001,3175,22.0,3,PLN,available
01781,SPKLU Virginia Arcade,106.664278,-6.29227,3674020019,3674,22.0,1,PLN,maintenance
01782,SPKLU Latinos Business District,106.679369,-6.320107,3674020012,3674,22.0,1,PLN,inuse
01784,SPKLU PLN POLRES CIANJUR,107.122259,-6.836306,3203200001,3203,22.0,1,PLN,available
01786,SPKLU PLN PRIMAYA HOSPITAL KARAWANG,107.297147,-6.330123,3215031004,3215,22.0,2,PLN,inuse
01789,SPKLU Apartemen Mahata,106.837944,-6.309475,3171010005,3171,22.0,3,PLN,available
01790,SPKLU KAMPUS LIA,106.859685,-6.24836,3171080005,3171,22.0,3,PLN,available
01791,SPKLU HVT Plaza SUA,106.844335,-6.236208,3171090002,3171,60.0,1,PLN,available
01796,SPKLU PT Wijaya Karya (Persero) Tbk,106.876652,-6.241746,3172060002,3172,22.0,1,PLN,available
01797,SPKLU Rumah Duka Carolus,106.85094,-6.194907,3173030002,3173,22.0,2,PLN,inuse
01799,SPKLU Taman Safari Bogor,106.947177,-6.71399,3201110002,3201,22.0,1,PLN,inuse
01801,SPKLU PLN Pengadilan Negeri Subang,107.770159,-6.559086,3213070004,3213,22.0,1,PLN,available
01803,SPKLU KBN CAKUNG,106.936152,-6.144193,3175060001,3175,50.0,2,PLN,available
01804,SPKLU PLN Hotel Cemerlang,107.597774,-6.912297,3273190001,3273,22.0,2,PLN,available
01805,SPKLU CITRA GRAN,106.923999,-6.383973,3275011001,3275,22.0,2,PLN,available
01807,SPKLU THE BALE,106.713499,-6.152779,3174080002,3174,22.0,3,PLN,available
01808,SPKLU HVT TANGCITY,106.633693,-6.193099,3671030006,3671,200.0,1,PLN,available
01809,SPKLU DPP Partai Demokrat,106.846525,-6.201943,3173020002,3173,22.0,2,PLN,maintenance
01810,SPKLU CSE PLN Pusat,106.803782,-6.239839,3171060008,3171,100.0,2,PLN,inuse
01812,SPKLU PLN 3 BISNIS CENTER KARAWANG,107.286785,-6.28098,3215113004,3215,22.0,2,PLN,available
01813,SPKLU Modular Coffee,106.901403,-6.237986,3172070001,3172,22.0,1,PLN,available
01814,SPKLU Samara Village,106.623548,-6.27145,3603070010,3603,22.0,2,PLN,available
01815,SPKLU Estate Management Alam Sutera,106.661532,-6.236836,3674070006,3674,22.0,2,PLN,inuse
01816,SPKLU Downtown Lake Alam Sutera,106.651567,-6.228532,3671021003,3671,22.0,2,PLN,available
01817,SPKLU UCI BENY Downtown Lake Alam Sutera,106.651567,-6.228532,3671021003,3671,120.0,4,PLN,inuse
01818,SPKLU EVCITY PLN UPDL JAKARTA,106.796775,-6.194035,3174030003,3174,120.0,1,PLN,inuse
01819,SPKLU (ARISTA POWER) BYD ARISTA KELAPA GADING,106.929155,-6.164518,3172080006,3172,60.0,1,PLN,inuse
01820,SPKLU (ARISTA POWER) BYD ARISTA SAMANHUDI,106.8304,-6.162561,3173070001,3173,120.0,1,PLN,inuse
01821,SPKLU Batavia TCC,106.815846,-6.211005,3173010003,3173,22.0,2,PLN,inuse
01824,SPKLU BRITS HOTEL PURI INDAH,106.751382,-6.182852,3174010005,3174,22.0,1,PLN,available
01826,SPKLU UCI BENY Q SQUARE LIFESTYLE PARK,106.832144,-6.526736,3201130009,3201,40.0,4,PLN,inuse
01827,SPKLU STAN,106.731001,-6.267481,3674060009,3674,22.0,4,PLN,available
01828,SPKLU TELKOM SDA,106.828751,-6.183175,3173020005,3173,22.0,1,PLN,available
01833,SPKLU PLN GRAGE MALL,108.551606,-6.713324,3274050001,3274,22.0,2,PLN,unavailable
01834,SPKLU PLN HOTEL AUGUSTA,106.51945,-6.96845,3202110007,3202,22.0,1,PLN,available
01838,SPKLU PLN Best Western Hotel Setiabudhi Bandung,107.595032,-6.861207,3273260003,3273,22.0,2,PLN,available
01839,SPKLU LIVING PLAZA CINERE,106.782919,-6.332938,3276061001,3276,22.0,2,PLN,inuse
01841,SPKLU Club House Florence,106.760265,-6.106775,3175010002,3175,22.0,4,PLN,inuse
01843,SPKLU PLN RSUD Dr Slamet Garut,107.8976,-7.22043,3205181004,3205,22.0,1,PLN,available
01844,SPKLU Cipondoh Lake View,106.679618,-6.193887,3671020014,3671,22.0,2,PLN,available
01845,SPKLU Pinang Comm Graha Raya,106.692589,-6.223259,3671021006,3671,22.0,2,PLN,inuse
01846,SPKLU Universitas Terbuka,106.757704,-6.344945,3674030004,3674,22.0,2,PLN,inuse
01848,SPKLU Warung Tenda Alam Sutera,106.657502,-6.257781,3674070003,3674,22.0,2,PLN,inuse
01855,SPKLU (ARISTA POWER) BYD ARISTA BOGOR,106.807518,-6.575953,3271030001,3271,120.0,1,PLN,inuse
01856,SPKLU PLAZA HNI,106.926804,-6.24765,3172070003,3172,22.0,1,PLN,unavailable
01857,SPKLU PLN Hotel Grand Cahaya Pangandaran,108.655097,-7.695052,3218070003,3218,22.0,1,PLN,available
01858,SPKLU RS SENTRA MEDIKA,106.86465,-6.480202,3201210012,3201,22.0,2,PLN,available
01861,SPKLU Splash Water Park,106.676999,-6.239474,3674070007,3674,22.0,2,PLN,available
01863,SPKLU RSIA SAMMARIE BASRA,106.897288,-6.229188,3172070001,3172,22.0,2,PLN,available
01864,SPKLU MASJID AL MUHAJIRIN,106.794626,-6.191226,3174030003,3174,22.0,2,PLN,inuse
01865,SPKLU PLN Rindu Alam Story Puncak,107.01203,-6.712726,3203221006,3203,22.0,1,PLN,available
01866,SPKLU UCI BENY UNIVERSITAS PERBANAS II,106.829592,-6.217349,3171100003,3171,60.0,2,PLN,available
01867,SPKLU UCI BENY UNIVERSITAS PERBANAS I,106.828432,-6.217166,3171100003,3171,22.0,2,PLN,available
01868,SPKLU FNB PAKUBUWONO,106.7867,-6.2376,3171060007,3171,22.0,2,PLN,available
01869,SPKLU PLN PR Bali Resort Bogor,106.740143,-6.537597,3201231004,3201,22.0,1,PLN,available
01871,SPKLU GUDANG PLN UP3 TANJUNG PRIOK,106.888941,-6.1468,3175030002,3175,22.0,1,PLN,inuse
01873,SPKLU YAYASAN MENARA BHAKTI,106.914849,-6.312396,3172030005,3172,50.0,4,PLN,available
01875,SPKLU PLN TERAS TEH POPI,106.812466,-6.542711,3271030008,3271,22.0,1,PLN,inuse
01879,SPKLU RS ISLAM PONDOK KOPI,106.939657,-6.21986,3172070004,3172,22.0,2,PLN,available
01880,SPKLU PLN DEALER MG SUKABUMI,106.90923,-6.95598,3272011003,3272,22.0,1,PLN,available
01881,SPKLU PLN MALL INDRAMAYU,108.334835,-6.342445,3212150010,3212,22.0,1,PLN,available
01882,SPKLU BHAWATA,106.845596,-6.231801,3171090002,3171,120.0,1,PLN,inuse
01883,SPKLU APARTEMEN SIGNATURE PARK GRANDE,106.866303,-6.244385,3172050007,3172,22.0,4,PLN,inuse
01884,SPKLU GEDUNG GRAHA DIRGANTARA,106.882646,-6.25609,3172040004,3172,200.0,2,PLN,inuse
01886,SPKLU KANTOR KELURAHAN KEMBANGAN SELATAN,106.751639,-6.183218,3174010005,3174,22.0,2,PLN,inuse
01889,SPKLU PLN FAMILY PARK CITRAGRAN,106.925725,-6.386798,3275011001,3275,22.0,2,PLN,available
01890,SPKLU BP2TL (Balai Pendidikan dan Pelatihan Transportasi Laut),106.814101,-6.346811,3171010001,3171,22.0,3,PLN,available
01891,SPKLU UJB HOTEL TAMARIN,106.827066,-6.187347,3173020004,3173,60.0,2,PLN,inuse
01892,SPKLU Great Western Resort,106.632364,-6.220909,3671021001,3671,22.0,2,PLN,available
01893,SPKLU HVT GADING FESTIVAL,106.92517,-6.169028,3172080007,3172,50.0,1,PLN,inuse
01894,SPKLU HVT OLD SHANGHAI,106.923975,-6.164968,3172080006,3172,120.0,3,PLN,available
01897,SPKLU CITYWALK LIPPO CIKARANG,107.127747,-6.328108,3216023005,3216,22.0,1,PLN,available
01898,SPKLU RM PONDOK LARAS,106.853584,-6.35474,3276040012,3276,22.0,2,PLN,inuse
01899,SPKLU TAKUA CAFE,106.88743,-6.351392,3172020002,3172,22.0,2,PLN,available
01904,SPKLU PLN MALL LIPPO CIKARANG,107.136706,-6.33345,3216023006,3216,25.0,2,PLN,inuse
01905,SPKLU TRIBOON KEMANG,106.812997,-6.278887,3171020001,3171,22.0,2,PLN,available
01907,SPKLU PERMATA HIJAU SUITES,106.784002,-6.212684,3171050006,3171,22.0,3,PLN,available
01908,SPKLU Teras Basofi,106.908463,-6.356434,3172030001,3172,22.0,2,PLN,available
01909,SPKLU PLN Kantor Pemkot Cimahi,107.555337,-6.869667,3277030002,3277,22.0,1,PLN,inuse
01910,SPKLU PLN Mall Pelayanan Publik Cimahi,107.561482,-6.882731,3277030001,3277,22.0,1,PLN,available
01911,SPKLU CAFE LIWET,106.766653,-6.157225,3174070003,3174,22.0,2,PLN,available
01914,SPKLU PUSDIKLAT PLN RAGUNAN,106.819382,-6.300532,3171020002,3171,22.0,1,PLN,inuse
01916,SPKLU Mobile EV Charger PLN UP3 Menteng,106.832787,-6.180311,3173080003,3173,200.0,1,PLN,available
01922,SPKLU Bukit Golf,106.907715,-6.416475,3201190004,3201,22.0,1,PLN,available
01923,SPKLU UCI BENY JAECOO ARTA PLUIT,106.793779,-6.117819,3175010005,3175,120.0,1,PLN,available
01925,SPKLU TAMAN PURI SRIWEDARI,106.900102,-6.377597,3276040009,3276,22.0,2,PLN,inuse
01927,SPKLU Victoria Square,106.607886,-6.188453,3671031006,3671,22.0,2,PLN,available
01928,SPKLU VLOCITY ARENA,106.776906,-6.16378,3174040006,3174,120.0,1,PLN,inuse
01930,SPKLU CALMING CARE INDONESIA,106.844345,-6.150019,3175555888,3175,180.0,2,PLN,inuse
01931,SPKLU PLN RS AU dr M Hassan Toto,106.762061,-6.544656,3201230007,3201,22.0,1,PLN,maintenance
01933,SPKLU Hexing Teras Teh Popi,106.812433,-6.54272,3271030008,3271,30.0,1,PLN,available
01935,SPKLU Pasar Kota Pondok Gede,106.915013,-6.284875,3275012004,3275,200.0,1,PLN,inuse
01936,SPKLU HVT BINTARO TRADE CENTER,106.720612,-6.278782,3674060006,3674,60.0,1,PLN,inuse
01937,SPKLU PULOGEBANG PERMAI,106.949532,-6.197304,3172080003,3172,22.0,2,PLN,available
01938,SPKLU ELMIS CAFE,106.924658,-6.251194,3172070003,3172,22.0,3,PLN,available
01939,SPKLU UCI BENY WISMA GADING PERMAI,106.901649,-6.168264,3175050002,3175,120.0,2,PLN,inuse
01940,SPKLU UCI BENY MOLINO BUPERTA CIBUBUR,106.896934,-6.37022,3276040009,3276,60.0,2,PLN,inuse
01941,SPKLU Kantor Kelurahan Meruya Selatan,106.73643,-6.214666,3174010003,3174,22.0,1,PLN,available
01942,SPKLU UCI BENY CHERY TRIMEGAH BEKASI,106.995638,-6.263917,3275041003,3275,120.0,2,PLN,inuse
01943,SPKLU CITRA 2 EXT,106.694327,-6.133419,3174080003,3174,22.0,4,PLN,available
01944,"SPKLU TENGAH, PEOPLE & PLACE PALMERAH",106.783066,-6.207159,3174020002,3174,60.0,1,PLN,inuse
01945,SPKLU ELEVATED PARKING UTARA GBK,106.807798,-6.216354,3173010001,3173,60.0,4,PLN,inuse
01946,SPKLU Kantor PLN Kalideres,106.703083,-6.152674,3174080002,3174,22.0,2,PLN,available
01948,SPKLU PLN Forest Hills Hotel Ciwidey,107.499595,-7.054734,3204190003,3204,22.0,2,PLN,available
01949,SPKLU Kantor Kelurahan Meruya Utara,106.747673,-6.196306,3174010004,3174,22.0,2,PLN,inuse
01950,SPKLU Gereja Kemah Tabernakel PIK 2,106.704063,-6.045543,3603210010,3603,22.0,4,PLN,available
01951,SPKLU CIBUBUR INN,106.9242,-6.380794,3275011002,3275,22.0,1,PLN,inuse
01955,SPKLU Marketing Gallery Asthara,106.637965,-6.114835,3671051007,3671,22.0,2,PLN,inuse
01956,SPKLU UCI BENY SUPPAWASH BSD,106.649964,-6.288513,3603070008,3603,22.0,1,PLN,available
01957,SPKLU Adira Expo,106.650837,-6.251308,3674070005,3674,22.0,2,PLN,available
01958,SPKLU UJB Rest Area KM 45B Merak - Jakarta,106.408666,-6.185688,3603140001,3603,160.0,2,PLN,available
01960,SPKLU UJB MALL ARTHA GADING,106.891746,-6.147281,3175050001,3175,160.0,4,PLN,inuse
01962,SPKLU UDIKLAT CENGKARENG,106.722833,-6.12321,3174080004,3174,22.0,1,PLN,maintenance
01964,SPKLU JAKARTA GOLF CLUB,106.875557,-6.197053,3172090005,3172,50.0,1,PLN,inuse
01966,SPKLU Boho Coffee & Kitchen,106.969937,-6.281148,3275050002,3275,22.0,1,PLN,available
01968,SPKLU HVT SOTHERN LAKE RESIDENCE,106.877169,-6.145383,3175030002,3175,120.0,1,PLN,inuse
01969,SPKLU Hotel Fitra Majalengka,108.209385,-6.832486,3210070013,3210,22.0,1,PLN,available
01972,SPKLU Apartemen Maple Park,106.857913,-6.149454,3175030001,3175,22.0,2,PLN,inuse
01973,SPKLU Kopi Insight,106.966749,-6.289718,3275020003,3275,22.0,2,PLN,inuse
01975,SPKLU Energi Lasumi Alus,107.674011,-6.904819,3273130003,3273,60.0,3,PLN,inuse
01976,SPKLU PABERIK BADJOE,107.638621,-6.945709,3273160001,3273,22.0,1,PLN,available
01978,SPKLU Kementerian Perindustrian,106.831072,-6.238055,3171100002,3171,22.0,3,PLN,inuse
01980,SPKLU HVT ITC PERMATA HIJAU,106.783343,-6.221064,3171050006,3171,200.0,2,PLN,inuse
01981,SPKLU Apartemen L'Avenue MC,106.843151,-6.24866,3171080004,3171,22.0,3,PLN,available
01983,SPKLU Arthamas JRP,106.699933,-6.272837,3674060004,3674,120.0,2,PLN,inuse
01984,SPKLU Arthamas BiiFest,106.691157,-6.267261,3674060004,3674,120.0,1,PLN,inuse
01987,SPKLU ALVACHARGE 120 kW RA KM 228 A RUAS KANCI - PEJAGAN,108.7027781,-6.881331,3209021005,3209,120.0,1,PLN,available
01988,SPKLU CSE PLN UP3 BANDUNG,107.611765,-6.948859,3273060001,3273,120.0,2,PLN,inuse
01989,SPKLU CSE PLN UP3 Cirebon,108.540256,-6.71115,3209162006,3209,120.0,3,PLN,available
01990,SPKLU HVT ONE STOP CHARGING STATION SURAPATI,107.621305,-6.898728,3273230004,3273,60.0,2,PLN,inuse
01991,SPKLU Griya Inti Sentosa 2,106.855791,-6.136873,3175030001,3175,22.0,1,PLN,available
01998,SPKLU NISCALA ONE STOP CHARGING STATION SURAPATI,107.621305,-6.898728,3273230004,3273,120.0,1,PLN,available
02001,SPKLU BTN Kanwil Jawa Barat,107.625613,-6.940122,3273070001,3273,60.0,1,PLN,inuse
02002,SPKLU LAPAS KELAS 1 TANGERANG,106.6403,-6.185767,3671030006,3671,22.0,2,PLN,inuse
02004,SPKLU PLN UCI BENY SM GEELY CIBUBUR,106.9529614,-6.3915989,3201180018,3201,120.0,1,PLN,available
02005,SPKLU Center Amanah Raharjo Rest Area KM 229 B Ruas Kanci - Pejagan,108.708023,-6.884592,3209021005,3209,180.0,5,PLN,available
02006,SPKLU Center Niscala Rest Area KM 229 B Ruas Kanci - Pejagan,108.707599,-6.884346,3209021005,3209,60.0,2,PLN,inuse
02008,SPKLU ALVACHARGE 60 kW RA KM 229 B RUAS KANCI - PEJAGAN,108.707599,-6.884346,3209021005,3209,60.0,1,PLN,available
02011,SPKLU BTN CABANG CIBUBUR SALES CENTER,106.937607,-6.385731,3201190008,3201,60.0,1,PLN,inuse
02013,SPKLU NISCALA 120 kW RA KM 228 A RUAS KANCI - PEJAGAN,108.7027781,-6.881331,3209021005,3209,120.0,1,PLN,available
02014,SPKLU Mahkamah Konstitusi,106.822479,-6.173225,3173080003,3173,22.0,3,PLN,inuse
02015,SPKLU CLUSTER ROME,106.764519,-6.110274,3175010002,3175,22.0,2,PLN,inuse
02017,SPKLU PLN Mall Pelayanan Publik Kabupaten Sumedang,107.920549,-6.860387,3211050011,3211,22.0,1,PLN,available
02019,SPKLU EVCITY KEMENTRIAN PERDAGANGAN,106.832936,-6.181202,3173080003,3173,120.0,3,PLN,inuse
02020,SPKLU HVT PLN UID JAKARTA RAYA,106.833191,-6.18039,3173080003,3173,200.0,1,PLN,inuse
02021,SPKLU EVCITY PLN UID BANTEN,106.642654,-6.184244,3671030014,3671,120.0,1,PLN,inuse
02022,SPKLU CENTER HVT PLN UP3 BULUNGAN,106.7976895,-6.2394543,3171060007,3171,120.0,1,PLN,inuse
02023,SPKLU NISCALA PLN TANJUNG PRIOK,106.893027,-6.121191,3175030006,3175,120.0,3,PLN,inuse
02024,SPKLU NISCALA PLN UID JAKARTA RAYA,106.833191,-6.18039,3173080003,3173,120.0,1,PLN,inuse
02025,SPKLU ZORA PLN UID JAKARTA RAYA,106.833191,-6.18039,3173080003,3173,120.0,1,PLN,inuse
02026,SPKLU DAYA+ PLN UP3 CEMPAKA PUTIH,106.87529,-6.181423,3173050002,3173,120.0,2,PLN,inuse
02027,SPKLU DAYA+ PLN UP3 KEBON JERUK,106.738352,-6.234548,3671011005,3671,120.0,1,PLN,inuse
02028,SPKLU NISCALA PLN UP3 BANDENGAN,106.797052,-6.136481,3175010004,3175,120.0,1,PLN,inuse
02030,SPKLU EVCITY RS POLRI,106.87115,-6.269289,3172050005,3172,50.0,2,PLN,inuse
02031,SPKLU EVCITY Grand Waterfront Agung Sedayu,106.923139,-6.166306,3172080007,3172,120.0,1,PLN,available
02032,SPKLU DAYA+ UID BANTEN,106.64269,-6.184265,3671030014,3671,120.0,1,PLN,inuse
02033,SPKLU Universitas Pelita Harapan,106.610202,-6.229616,3603051004,3603,120.0,1,PLN,inuse
02034,SPKLU HOEGENG POSPOL GADOG,106.858832,-6.655357,3201100013,3201,120.0,2,PLN,inuse
02035,SPKLU DAYA+ ULP Bogor Kota,106.790009,-6.596175,3271040001,3271,120.0,1,PLN,inuse
02036,SPKLU EVCITY PLN UP3 LENTENG AGUNG,106.83529,-6.254284,3171080003,3171,120.0,1,PLN,inuse
02037,SPKLU NISCALA PLN UP3 PONDOK KOPI,106.920621,-6.242994,3172070002,3172,120.0,1,PLN,inuse
02038,SPKLU DAYA+ PLN UP3 BEKASI,107.010401,-6.252847,3275040005,3275,120.0,6,PLN,inuse
02039,SPKLU DAYA+ PLN ULP BEKASI KOTA 120kW,106.993489,-6.239109,3275050004,3275,120.0,1,PLN,inuse
02040,SPKLU HVT PLN ULP CIPAYUNG,106.89581,-6.650524,3201120009,3201,120.0,1,PLN,available
02041,SPKLU HVT PLN PUSAT,106.803782,-6.239839,3171060008,3171,200.0,1,PLN,inuse
02042,SPKLU (ARISTA POWER) BYD ARISTA MONDERLAND,106.63736,-6.195356,3671030006,3671,120.0,1,PLN,inuse
02043,SPKLU CENTER DAYA+ PLN UP3 BULUNGAN,106.7976895,-6.2394543,3171060007,3171,120.0,2,PLN,inuse
02045,SPKLU HVT Rest Area KM 229B,108.707599,-6.884346,3209021005,3209,120.0,2,PLN,available
02048,SPKLU HVT Rest Area KM 6 Jakarta - Cikampek,106.928259,-6.25868,3275010012,3275,200.0,2,PLN,inuse
02050,SPKLU APARTEMEN TAMAN RASUNA,106.836116,-6.218448,3171100005,3171,120.0,2,PLN,inuse
02053,SPKLU UCI BENY CHERY TRIMEGAH BSD,106.666991,-6.296249,3674020019,3674,120.0,2,PLN,inuse
02054,SPKLU DAYA+ CENTER UP3 BANDUNG,107.611765,-6.948859,3273060001,3273,120.0,2,PLN,inuse
02055,SPKLU CLUSTER VENICE,106.763076,-6.104976,3175010002,3175,22.0,2,PLN,available
02058,SPKLU DAYA+ PLN UP3 BOGOR,106.808797,-6.5721287,3271030001,3271,180.0,1,PLN,inuse
02060,SPKLU DAYA+ UNIKA ATMAJAYA BSD,106.6507,-6.318393,3603081005,3603,120.0,1,PLN,inuse
02061,SPKLU BALAI PRAJURIT CILANDAK,106.813493,-6.304168,3171020001,3171,120.0,2,PLN,inuse
02070,SPKLU PLN BBN,106.829801,-6.26257,3171080001,3171,22.0,2,PLN,available
02072,SPKLU DAYA+ ULP Bandung Utara,107.597197,-6.878957,3273250003,3273,120.0,1,PLN,inuse
02073,SPKLU 3POINT CAFE & RESTO,106.857337,-6.227478,3171090003,3171,22.0,2,PLN,available
02076,SPKLU PLN UNIVERSITAS PADJADJARAN JATINANGOR,107.77143,-6.92133,3211010008,3211,60.0,1,PLN,inuse
02078,SPKLU UCI BENY GARDENS SWG,106.7457,-6.3789,3276011007,3276,120.0,2,PLN,inuse
02083,SPKLU UCI BENNY ASTON PUNCAK,107.010887,-6.712701,3203221006,3203,120.0,2,PLN,inuse
02087,SPKLU APARTEMEN SENAYAN RESIDENCE,106.794617,-6.222672,3171050006,3171,22.0,3,PLN,inuse
02089,SPKLU VOKSEL TAMAN PANAS DINGIN CAFÉ CIBINONG,106.851302,-6.436056,3201210013,3201,120.0,1,PLN,unavailable
02095,SPKLU CLUSTER JOHAR GOLF,106.743378,-6.108113,3175010001,3175,22.0,2,PLN,available
02096,SPKLU CLUSTER JOHAR HIJAU,106.743389,-6.107999,3175010001,3175,22.0,2,PLN,inuse
02099,SPKLU KOTA BELANDA PIK 2,106.69249,-6.04466,3603210010,3603,100.0,3,PLN,available
02107,SPKLU HVT CENTRE POINT PIK 2,106.694665,-6.049505,3603210010,3603,100.0,4,PLN,inuse
02110,SPKLU HVT LAVELA,106.70105,-6.18868,3671020016,3671,200.0,4,PLN,inuse
02111,SPKLU UJB BALAI SAMUDERA,106.890429,-6.153959,3175050001,3175,200.0,4,PLN,inuse
02119,SPKLU NISCALA PLN ULP BOGOR BARAT,106.757028,-6.515967,3201230010,3201,60.0,1,PLN,available
02126,Jasa Raharja Kanwil DKI Jakarta,106.868176,-6.223796,3172060007,3172,30.0,1,PLN,available
02129,SPKLU PLN Kajene Food Park,108.4854,-6.972809,3208130006,3208,40.0,1,PLN,available
02131,SPKLU UCI WALIKOTA  JAKARTA  UTARA,106.892946,-6.120085,3175030006,3175,120.0,1,PLN,available
02132,SPKLU ARTHAMAS LTC GLODOK,106.817153,-6.14535,3174060005,3174,120.0,1,PLN,inuse
02134,SPKLU PAKONS PRIME HOTEL,106.6330949,-6.1693287,3671030018,3671,22.0,1,PLN,available
02135,SPKLU EVCITY APARTEMEN PURI CASABLANCA,106.839052,-6.224022,3171090001,3171,120.0,2,PLN,inuse
02142,SPKLU DHAF COFFEE & CAR WASH,106.987473,-6.2584853,3275050003,3275,180.0,2,PLN,inuse
02144,SPKLU SWISS-BELHOTEL KARAWANG,107.293541,-6.296124,3215113004,3215,22.0,2,PLN,inuse
02149,SPKLU UCI BENY LEPAS MAS KLP GADING,106.896536,-6.174822,3175050002,3175,120.0,1,PLN,inuse
02151,SPKLU POLRES KARAWANG,107.333055,-6.332562,3215112002,3215,22.0,2,PLN,available
02152,SPKLU NUSA ENERGI BSD,106.661417,-6.27575,3674070001,3674,120.0,1,PLN,inuse
02153,SPKLU PLN UPT Bogor,106.79705,-6.590686,3271040006,3271,7.0,1,PLN,unavailable
02154,SPKLU PLN BAKORWIL BOGOR,106.79575,-6.593458,3271040007,3271,7.0,1,PLN,available
02155,SPKLU EVCITY KEMENTERIAN PERINDUSTRIAN,106.831072,-6.238055,3171100002,3171,120.0,2,PLN,inuse
02156,SPKLU EVCITY JOGLO KEMANG,106.815583,-6.279917,3171020001,3171,60.0,1,PLN,inuse
02157,SPKLU (ARISTA POWER) BYD ARISTA DAAN MOGOT,106.755989,-6.156304,3174070003,3174,180.0,2,PLN,inuse
02158,ZORA SPKLU SIGNATURE,106.613403,-6.257521,3603070010,3603,480.0,1,PLN,inuse
02164,SPKLU DAYA+ PLN UP3 BINTARO,106.723157,-6.274516,3674060006,3674,120.0,2,PLN,inuse
02165,SPKLU MOBILE LRT CITY CIRACAS,106.885975,-6.322493,3172020003,3172,200.0,1,PLN,available
02166,SPKLU MASJID AGUNG AT-TIN,106.885589,-6.29697,3172040001,3172,200.0,3,PLN,available
02167,SPKLU EVCITY PLN UP3 CIPUTAT,106.749556,-6.342218,3674030003,3674,120.0,1,PLN,available
02168,SPKLU EVCITY PLN UP3 PONDOK GEDE,106.930197,-6.283431,3275010008,3275,120.0,1,PLN,inuse
02169,SPKLU HVT Chery Avante Sholeh Iskandar,106.788375,-6.560036,3271060002,3271,120.0,1,PLN,inuse
02170,SPKLU PLN POSKO CIMALAKA,107.959884,-6.815006,3211160013,3211,7.0,1,PLN,available
02171,SPKLU PLN POSKO KADIPATEN,108.170611,-6.765513,3210170004,3210,7.0,1,PLN,available
02172,SPKLU PLN POSKO TOMO,108.136203,-6.761118,3211120008,3211,7.0,1,PLN,available
02175,SPKLU EVCITY KANTOR PLN UP3 SERPONG,106.664806,-6.290783,3674020019,3674,120.0,1,PLN,available
02178,SPKLU PLN POSKO CIKIJING,108.391911,-7.020685,3208010008,3208,7.0,1,PLN,available
02179,SPKLU PLN PDKB UP3 CIMAHI,107.536615,-6.867374,3277030004,3277,7.0,1,PLN,available
02180,SPKLU PLN Posko Cisarua,107.574637,-6.7977,3217130004,3217,7.0,1,PLN,available
02181,SPKLU PLN Posko Citatah,107.426411,-6.83452,3217080004,3217,7.0,1,PLN,available
02182,SPKLU PLN Posko Saguling,107.356306,-6.933053,3217060010,3217,7.0,1,PLN,available
02185,SPKLU PLN POSKO SINDANG LAUT,108.622624,-6.830496,3209060015,3209,7.0,1,PLN,available
02186,SPKLU  PLN Posko Cikalong Wetan,107.440882,-6.740749,3217140007,3217,7.0,1,PLN,available
02188,SPKLU (ARISTA POWER) BYD ARISTA SENTUL,106.850909,-6.567082,3201140006,3201,120.0,2,PLN,inuse
02189,SPKLU PLN Posko Cugenang,107.0789,-6.799131,3203210009,3203,7.0,1,PLN,available
02190,SPKLU  PLN Posko Cikalong,107.211328,-6.713103,3203240012,3203,7.0,1,PLN,available
02191,SPKLU PLN Posko Pagelaran,107.144653,-7.206671,3203100002,3203,7.0,1,PLN,available
02192,SPKLU  PLN  Posko Sindangbarang,107.152536,-7.424049,3203020008,3203,7.0,1,PLN,available
02193,SPKLU PLN Posko Kadupandak,107.052174,-7.262552,3203071009,3203,7.0,1,PLN,available
02194,SPKLU ROYAL RESIDENCE,106.960453,-6.197794,3172080003,3172,180.0,1,PLN,available
02195,SPKLU DAYA+ UNIKA ATMAJAYA PLUIT,106.794057,-6.124933,3175010004,3175,120.0,2,PLN,inuse
02196,SPKLU (ARISTA POWER) BYD ARISTA BANDUNG SUCI,107.647999,-6.901224,3273210006,3273,120.0,1,PLN,available
02197,SPKLU HVT PLN UP3 KEBON JERUK,106.73852,-6.23445,3671011005,3671,120.0,1,PLN,available
02198,SPKLU PT AMARTA MUSTIKA SAWANGAN,106.745508,-6.373445,3276010013,3276,120.0,1,PLN,inuse
02199,SPKLU PLN DIKLAT RESERSE POLRI,106.92227,-6.643518,3201110010,3201,22.0,1,PLN,available
02200,SPKLU NAM HOTEL KEMAYORAN,106.846824,-6.154959,3173060008,3173,180.0,1,PLN,inuse
02205,SPKLU PLN ULP BALEENDAH,107.625739,-7.006223,3204140003,3204,7.0,1,PLN,available
02206,SPKLU PLN ULP PRIMA MAJALAYA,107.625739,-7.006223,3204140003,3204,7.0,1,PLN,available
02210,SPKLU UCI BENY MALL ARION,106.890138,-6.193703,3172090005,3172,120.0,4,PLN,inuse
02211,SPKLU PLN POSKO KANDANG HAUR,108.112549,-6.360899,3212190005,3212,7.0,1,PLN,available
02220,SPKLU Pusharlis UP2W III,107.640584,-6.916393,3273160008,3273,120.0,2,PLN,available
02222,SPKLU Jatiwarna Square,106.937066,-6.306252,3275020005,3275,180.0,1,PLN,inuse
02224,SPKLU PLN POSKO CIPARAY,107.712,-7.035193,3204130007,3204,7.0,2,PLN,available
02225,SPKLU GLODOK PLAZA,106.816224,-6.141776,3174060005,3174,180.0,1,PLN,available
02228,SPKLU UCI BENY LEPAS SM SUNTER,106.879984,-6.144747,3175030002,3175,120.0,2,PLN,available
02229,SPKLU UCI BENY ONE DISTRICT AT PURI,106.70344,-6.19706,3671020016,3671,120.0,2,PLN,inuse
02234,SPKLU EVCITY UP3 MARUNDA,106.926328,-6.127681,3175060006,3175,120.0,1,PLN,available
02235,SPKLU UCI BENY HARMONI KOTA,106.622137,-6.17997,3671031010,3671,120.0,1,PLN,inuse
02238,SPKLU EVCITY UP3 KRAMAT JATI,106.871811,-6.283455,3172050005,3172,120.0,1,PLN,inuse
02242,SPKLU MALAKA COUNTRY,106.941887,-6.222849,3172070004,3172,180.0,1,PLN,inuse
02245,SPKLU CENTER DAYA+ PLN UP3 CIREBON,108.540153,-6.711136,3209162006,3209,180.0,2,PLN,available
02246,SPKLU CENTER DAYA+ RA KM 228 A RUAS TOL PALIKANCI,108.70276,-6.881308,3209021005,3209,180.0,3,PLN,available
02248,SPKLU MOBILE PLN UP3 BULUNGAN,106.797577,-6.239515,3171060007,3171,180.0,1,PLN,inuse
02256,SPKLU NISCALA SIGNATURE PARK GRANDE,106.866492,-6.244497,3172050007,3172,120.0,1,PLN,inuse
02257,SPKLU ARTHAMAS SYMPHONY,106.7030194,-6.3463144,3674020009,3674,120.0,2,PLN,inuse
02261,SPKLU CENTER SUMMARECON BEKASI,107.00069,-6.22557,3275070006,3275,240.0,10,PLN,inuse
02262,SPKLU CENTER HVT SAKURA GARDEN CITY,106.888771,-6.323542,3172030004,3172,200.0,6,PLN,inuse
02264,SPKLU HVT PASAR SEGAR,106.83337,-6.403602,3276020011,3276,300.0,4,PLN,unavailable
02270,SPKLU MOBILE GUDANG CIPUTAT,106.7188817,-6.3445267,3674030001,3674,22.0,1,PLN,inuse
02273,SPKLU EVCITY PLN UP3 BANDENGAN,106.796928,-6.136541,3175010004,3175,120.0,1,PLN,inuse
02275,SPKLU UCI WALKING DRUMS,106.834342,-6.367095,3276050004,3276,180.0,1,PLN,inuse
02276,SPKLU UCI BENY BALAI KOTA BOGOR,106.794047,-6.594914,3271040007,3271,120.0,1,PLN,inuse
02277,SPKLU MALL CIPINANG INDAH,106.894348,-6.239365,3172070001,3172,180.0,1,PLN,inuse
02278,SPKLU HVT PLN UP3 CIRACAS,106.876192,-6.326076,3172020003,3172,120.0,1,PLN,available
02279,SPKLU DAYA+ PLN UP3 CIRACAS,106.876192,-6.326076,3172020003,3172,120.0,1,PLN,available
02280,SPKLU PLN ULP CITEUREUP (Sementara),106.885365,-6.452385,3201190001,3201,7.0,1,PLN,available
02282,SPKLU BP JGC,106.962278,-6.172278,3172080005,3172,180.0,1,PLN,inuse
02283,SPKLU METLAND MENTENG,106.966954,-6.181438,3172080004,3172,180.0,1,PLN,inuse
02284,SPKLU SUMMARECON CROWN GADING,106.998813,-6.157927,3216100002,3216,180.0,1,PLN,available
02285,SPKLU EVCITY PLN UP3 JATINEGARA,106.868581,-6.220902,3172060007,3172,120.0,1,PLN,inuse
02287,SPKLU PLN BALE BUDAYA,107.475541,-6.866339,3217090003,3217,25.0,1,PLN,available
02288,SPKLU CSENERGY KANTOR PLN UP3 SERPONG,106.664851,-6.290702,3674020019,3674,120.0,1,PLN,available
02293,SPKLU BPSDM ESDM,106.830167,-6.237472,3171100002,3171,200.0,1,PLN,inuse
02296,SPKLU MASJID RAYA BINTARO JAYA,106.714502,-6.284073,3674060005,3674,180.0,1,PLN,inuse
02298,SPKLU CENTER EVCITY PLN UP3 TANJUNG PRIOK,106.893121,-6.121064,3175030006,3175,120.0,2,PLN,inuse
02299,SPKLU UCI BENY SUPPAWASH CENGKARENG,106.730477,-6.125294,3174070005,3174,120.0,1,PLN,inuse
02302,SPKLU SYNTHESIS HUIS,106.864487,-6.320761,3172010004,3172,180.0,1,PLN,inuse
02306,SPKLU MTH Residence,106.868111,-6.243176,3172060001,3172,180.0,1,PLN,available
02313,SPKLU FARIZON ARISTA BANDUNG,107.59615,-6.947141,3273040005,3273,180.0,2,PLN,available
02317,SPKLU NINDYA KARYA UFC,106.86579,-6.24406,3172050007,3172,180.0,1,PLN,inuse
02321,SPKLU EVCITY RUMAH SARWONO,106.845552,-6.267898,3171020007,3171,120.0,1,PLN,inuse
02322,SPKLU PLN IP SERVICES,106.843951,-6.266104,3171020006,3171,180.0,1,PLN,inuse
02325,SPKLU PERUMAHAN BUMI SENTOSA CIBINONG,106.843228,-6.506825,3201210003,3201,120.0,1,PLN,available
02326,SPKLU UCI BENY JIEP,106.919834,-6.206631,3172080001,3172,120.0,2,PLN,inuse
02332,SPKLU UJB RUKO JBD JGC,106.953502,-6.167953,3172080005,3172,180.0,3,PLN,inuse
02339,SPKLU NISCALA ROYAL RESIDENCE,106.960457,-6.197753,3172080003,3172,120.0,2,PLN,inuse
02340,SPKLU TITANIUM SQUARE,106.869697,-6.341051,3172010001,3172,180.0,1,PLN,inuse
02341,SPKLU UCI BENY SUPPAWASH KEDOYA,106.763909,-6.181839,3174020006,3174,180.0,1,PLN,inuse
02342,SPKLU CENTER HVT PLN TANJUNG PRIOK,106.893027,-6.121191,3175030006,3175,200.0,2,PLN,inuse
02343,SPKLU CENTER FUTURA PLN TANJUNG PRIOK,106.893027,-6.121191,3175030006,3175,120.0,2,PLN,available
02345,SPKLU VOKSEL ASTON SENTUL,106.88208,-6.586483,3201140004,3201,60.0,1,PLN,inuse
02346,UNIVERSITAS ISLAM INTERNASIONAL INDONESIA,106.8632,-6.388756,3276030011,3276,25.0,2,PLN,available
02352,SPKLU (EVCITY) PT Persona Prima Utama,106.845271,-6.212821,3171100006,3171,120.0,1,PLN,available
02354,SPKLU GRAHA JASINDO,106.835448,-6.18492,3173020005,3173,120.0,1,PLN,inuse
02355,SPKLU UCI BENY SENTRA EROPA CIBUBUR,106.957223,-6.368895,3201190009,3201,120.0,1,PLN,inuse
02359,SPKLU MENARA MTH,106.855036,-6.242931,3171090003,3171,180.0,1,PLN,inuse
02363,SPKLU UCI PLN UP3 DEPOK,106.826822,-6.418023,3276030007,3276,120.0,1,PLN,inuse
02366,SPKLU SIGNATURE PLN PUSAT,106.803388,-6.240588,3171060005,3171,120.0,5,PLN,inuse
02368,SPKLU BP AKR PIK2,106.690339,-6.064384,3603210009,3603,180.0,2,PLN,maintenance
02370,SPKLU (EVCITY) Walao-Eh Gading Serpong,106.628612,-6.244754,3603051002,3603,120.0,1,PLN,inuse
02371,SPKLU (EVCITY) Entertainment District PIK 2,106.704638,-6.047209,3603210010,3603,120.0,2,PLN,available
02374,SPKLU HVT ICON HUB (BRAGA HERITAGE),107.609872,-6.920062,3273170001,3273,200.0,1,PLN,inuse
02377,SPKLU EVCITY BLACK OWL,106.894683,-6.144892,3175050001,3175,180.0,1,PLN,available
02379,SPKLU PERSADA GADING ELOK,106.89178,-6.153133,3175050001,3175,180.0,1,PLN,available
02380,SPKLU PT. TOBAMIX FERRUMINDO,106.83201,-6.147361,3173070005,3173,120.0,1,PLN,available
02381,SPKLU UCI BENY IBIS BSD,106.650638,-6.306661,3603081005,3603,120.0,1,PLN,inuse
02384,SPKLU UJB ITC BSD,106.664302,-6.286238,3674020021,3674,240.0,6,PLN,inuse
02386,SPKLU EVCITY AKS Jakarta,106.803002,-6.126823,3175010004,3175,480.0,4,PLN,available
02388,SPKLU PLN SAUNG SABIN,106.99401,-6.572989,3201150006,3201,22.0,1,PLN,available
02390,SPKLU LAD PLN UP3 TANJUNG PRIOK,106.888502,-6.14677,3175030002,3175,120.0,1,PLN,available
02391,SPKLU (EVCITY) Sales Gallery JGC,106.955156,-6.171312,3172080005,3172,120.0,1,PLN,available
02392,SPKLU Klinik SS,106.615286,-6.565992,3201021003,3201,120.0,1,PLN,available
02393,SPKLU PPSDM KEBTKE 1,106.869567,-6.322849,3172020004,3172,200.0,1,PLN,available
10001,Hyundai Simprug (Khusus Kendaraan Hyundai),106.788031,-6.232141,3171050005,3171,7.4,2,nonPLN,offline mode
10002,Hyundai Cilandak (Khusus Kendaraan Hyundai),106.781115,-6.30823,3171030001,3171,7.4,2,nonPLN,offline mode
10003,Hyundai Ciputat (Khusus Kendaraan Hyundai),106.765342,-6.295924,3674050004,3674,7.4,1,nonPLN,offline mode
10004,Hyundai Kelapa Gading (Khusus Kendaraan Hyundai),106.893844,-6.154283,3175050001,3175,7.4,1,nonPLN,offline mode
10005,Hyundai Sunter (Khusus Kendaraan Hyundai),106.855494,-6.131184,3175030001,3175,7.4,2,nonPLN,offline mode
10006,Hyundai Cibubur (Khusus Kendaraan Hyundai),106.922909,-6.379806,3275011002,3275,7.4,2,nonPLN,offline mode
10007,Hyundai Kalimalang (Khusus Kendaraan Hyundai),106.92883,-6.247956,3172070003,3172,7.4,2,nonPLN,offline mode
10008,Hyundai Serpong (Khusus Kendaraan Hyundai),106.642839,-6.232793,3674070006,3674,7.4,3,nonPLN,offline mode
10009,Hyundai Soekarno Hatta (Khusus Kendaraan Hyundai),107.647302,-6.943416,3273150002,3273,7.4,2,nonPLN,offline mode
10010,Hyundai Cihampelas (Khusus Kendaraan Hyundai),107.604597,-6.906724,3273200001,3273,7.4,1,nonPLN,offline mode
10011,Hyundai Cirebon (Khusus Kendaraan Hyundai),108.537921,-6.723102,3209162003,3209,7.4,2,nonPLN,offline mode
10020,Hyundai Pancoran (Khusus Kendaraan Hyundai),106.84328,-6.24567,3171080004,3171,7.4,2,nonPLN,offline mode
10021,Hyundai Sawah Besar (Khusus Kendaraan Hyundai),106.82283,-6.16006,3174060002,3174,7.4,1,nonPLN,offline mode
10026,Hyundai Lippo Mall Puri (Khusus Kendaraan Hyundai),106.7390941,-6.1902378,3174010005,3174,7.4,1,nonPLN,offline mode
10029,Hyundai Kebon Jeruk (Khusus Kendaraan Hyundai),106.76561,-6.17409,3174020007,3174,7.4,2,nonPLN,offline mode
10030,Hyundai Fatmawati (Khusus Kendaraan Hyundai),106.795793,-6.283879,3171030003,3171,7.4,1,nonPLN,offline mode
10031,Hyundai Rancaekek (Khusus Kendaraan Hyundai),107.765118,-6.952862,3204110005,3204,7.4,2,nonPLN,offline mode
10033,Hyundai Pluit (Khusus Kendaraan Hyundai),106.789028,-6.117945,3175010005,3175,7.4,1,nonPLN,offline mode
10034,Hyundai Cimanggis (Khusus Kendaraan Hyundai),106.85938,-6.35875,3276040011,3276,7.4,2,nonPLN,offline mode
10035,Hyundai Leuwipanjang (Khusus Kendaraan Hyundai),107.5988,-6.94738,3273040005,3273,7.4,2,nonPLN,offline mode
10037,Hyundai Margonda (Khusus Kendaraan Hyundai),106.83072,-6.38085,3276050003,3276,7.4,1,nonPLN,offline mode
10038,Hyundai Summarecon Bekasi (Khusus Kendaraan Hyundai),107.00345,-6.22584,3275070006,3275,7.4,1,nonPLN,offline mode
10039,Hyundai Tajur (Khusus Kendaraan Hyundai),106.82437,-6.630143,3271020003,3271,7.4,2,nonPLN,offline mode
10042,Hyundai Bintaro (Khusus Kendaraan Hyundai),106.698586,-6.27284,3674060004,3674,7.4,2,nonPLN,offline mode
10043,Hyundai Purwakarta (Khusus Kendaraan Hyundai),107.448941,-6.521014,3214100013,3214,7.4,1,nonPLN,offline mode
10044,Hyundai Joglo (Khusus Kendaraan Hyundai),106.73752,-6.22066,3174010001,3174,7.4,1,nonPLN,offline mode
10046,Hyundai Summarecon Mall Serpong (Khusus Kendaraan Hyundai),106.62926,-6.24001,3603051003,3603,7.4,2,nonPLN,offline mode
10050,Hyundai Pasteur (Khusus Kendaraan Hyundai),107.58196,-6.89264,3273190005,3273,7.4,1,nonPLN,offline mode
10052,Hyundai Pegangsaan (Khusus Kendaraan Hyundai),106.9138,-6.17466,3175050003,3175,7.4,2,nonPLN,offline mode
10054,Hyundai Sholeh Iskandar (Khusus Kendaraan Hyundai),106.77148,-6.54151,3271060008,3271,7.4,1,nonPLN,offline mode
10063,Hyundai Cikarang (Khusus Kendaraan Hyundai),107.150803,-6.290641,3216061003,3216,7.4,2,nonPLN,offline mode
10066,Hyundai Mampang (Khusus Kendaraan Hyundai),106.83075,-6.26426,3171080001,3171,7.4,2,nonPLN,offline mode
10068,Hyundai Cianjur (Khusus Kendaraan Hyundai),107.150589,-6.809591,3203200005,3203,7.4,1,nonPLN,offline mode
10078,Hyundai Ahmad Yani (Khusus Kendaraan Hyundai),107.63091,-6.915017,3273200003,3273,7.4,1,nonPLN,offline mode
10079,Hyundai Tasikmalaya (Khusus Kendaraan Hyundai),108.21799,-7.34611,3278050001,3278,7.4,1,nonPLN,offline mode
10081,Hyundai Sukabumi (Khusus Kendaraan Hyundai),106.909221,-6.956039,3272011003,3272,7.4,1,nonPLN,offline mode
10083,Hyundai Pondok Gede (Khusus Kendaraan Hyundai),106.927997,-6.283568,3275010008,3275,7.4,2,nonPLN,offline mode
10084,Hyundai Narogong (Khusus Kendaraan Hyundai),106.984667,-6.291632,3275041002,3275,7.4,2,nonPLN,offline mode
10085,Hyundai Karawang (Khusus Kendaraan Hyundai),107.29229,-6.32867,3215031006,3215,7.4,2,nonPLN,offline mode
10086,Hyundai DI Panjaitan (Khusus Kendaraan Hyundai),106.878094,-6.235565,3172060003,3172,7.4,2,nonPLN,offline mode
10087,Hyundai BSD City (Khusus Kendaraan Hyundai),106.64636,-6.28845,3603070008,3603,7.4,2,nonPLN,offline mode
10088,Hyundai Pramuka (Khusus Kendaraan Hyundai),106.86689,-6.19215,3173050001,3173,7.4,2,nonPLN,offline mode
10098,Hyundai Indramayu (Khusus Kendaraan Hyundai),108.3325,-6.34597,3212150010,3212,7.4,1,nonPLN,offline mode
10101,Hyundai Lippo Plaza Kramat Jati (Khusus Kendaraan Hyundai),106.868085,-6.270747,3172050005,3172,7.4,1,nonPLN,offline mode
10105,Astrido Toyota Karawaci (Khusus Toyota & Lexus),106.618858,-6.21485,3671041001,3671,22.0,1,nonPLN,offline mode
10106,AUTO2000 BSD City (Khusus Toyota & Lexus),106.638733,-6.288881,3603070008,3603,22.0,1,nonPLN,offline mode
10107,AUTO2000 Bintaro Jaya (Khusus Toyota & Lexus),106.723781,-6.276869,3674060006,3674,22.0,1,nonPLN,offline mode
10108,Plaza Toyota Serpong (Khusus Toyota & Lexus),106.62689,-6.246727,3603051002,3603,22.0,1,nonPLN,offline mode
10111,Astrido Toyota Kelapa Gading II (Khusus Toyota & Lexus),106.89374,-6.160825,3175050001,3175,22.0,1,nonPLN,offline mode
10112,AUTO2000 Wahid Hasyim / GSO (Khusus Toyota & Lexus),106.820331,-6.186584,3173010007,3173,22.0,1,nonPLN,offline mode
10113,Daya Toyota Cakung (Khusus Toyota & Lexus),106.970232,-6.192671,3275061003,3275,22.0,1,nonPLN,offline mode
10114,Tunas Toyota Dewi Sartika (Khusus Toyota & Lexus),106.865885,-6.249361,3172050007,3172,22.0,1,nonPLN,offline mode
10115,AUTO2000 Juanda (Khusus Toyota & Lexus),106.825729,-6.166757,3173080004,3173,22.0,1,nonPLN,offline mode
10116,AUTO2000 Kapuk (Khusus Toyota & Lexus),106.730815,-6.124975,3174070005,3174,22.0,1,nonPLN,offline mode
10117,AUTO2000 P. Jayakarta (Khusus Toyota & Lexus),106.81808,-6.139016,3174060008,3174,22.0,1,nonPLN,offline mode
10118,AUTO2000 Pramuka (Khusus Toyota & Lexus),106.867796,-6.192798,3172100006,3172,22.0,1,nonPLN,offline mode
10119,AUTO2000 Tebet Supomo (Khusus Toyota & Lexus),106.84474,-6.238816,3171090001,3171,22.0,1,nonPLN,offline mode
10120,AUTO2000 Yos Sudarso (Khusus Toyota & Lexus),106.891034,-6.139637,3175030005,3175,22.0,1,nonPLN,offline mode
10121,Plaza Toyota Green Garden (Khusus Toyota & Lexus),106.765139,-6.172632,3174020007,3174,22.0,1,nonPLN,offline mode
10122,Plaza Toyota Kyai Tapa (Khusus Toyota & Lexus),106.795798,-6.166912,3174040003,3174,22.0,1,nonPLN,offline mode
10123,Plaza Toyota Pemuda (Khusus Toyota & Lexus),106.877361,-6.191869,3172090005,3172,22.0,1,nonPLN,offline mode
10124,Plaza Toyota Tendean (Khusus Toyota & Lexus),106.827274,-6.239662,3171070005,3171,22.0,1,nonPLN,offline mode
10129,Astrido Toyota Bekasi (Khusus Toyota & Lexus),106.983087,-6.22888,3275060003,3275,22.0,2,nonPLN,offline mode
10131,Duta Cendana Mobilindo (Khusus Toyota & Lexus),107.149268,-6.811932,3203200005,3203,22.0,1,nonPLN,offline mode
10132,JD Toyota Jababeka Cikarang (Khusus Toyota & Lexus),107.175207,-6.28329,3216061005,3216,22.0,1,nonPLN,offline mode
10147,Lexus Menteng Gallery (Khusus Kendaraan Lexus),106.846001,-6.201662,3173020002,3173,7.0,1,nonPLN,offline mode
10148,Lexus Mampang Gallery (Khusus Kendaraan Lexus),106.826073,-6.244496,3171070004,3171,7.0,1,nonPLN,offline mode
10149,Lexus Pluit Gallery (Khusus Kendaraan Lexus),106.797808,-6.125683,3175010004,3175,7.0,1,nonPLN,offline mode
10150,Mall Kelapa Gading 3 (Lexus Parking Privilege) (Khusus Kendaraan Lexus),106.907921,-6.158626,3175050002,3175,50.0,1,nonPLN,offline mode
10151,Mall Central Park (Lumina Lobby) (Khusus Kendaraan Lexus),106.790683,-6.177315,3174040002,3174,7.0,1,nonPLN,offline mode
10152,Menara ASTRA (Basement 1) (Khusus Kendaraan Lexus),106.821334,-6.207225,3173010003,3173,60.0,1,nonPLN,offline mode
10153,Pantai Indah Kapuk (North Lobby - Valet area) (Khusus Kendaraan Lexus),106.740291,-6.109227,3175010001,3175,7.0,1,nonPLN,offline mode
10158,TAM LNTC Sunter (Khusus Kendaraan Lexus),106.887123,-6.139345,3175030005,3175,7.0,1,nonPLN,offline mode
10160,(VOLTRON) Suvarna Golf Club,106.89466,-6.285128,3172040004,3172,7.0,1,nonPLN,offline mode
10161,(VOLTRON) Shila Sawangan,106.742971,-6.401449,3276011003,3276,7.0,1,nonPLN,offline mode
10162,(VOLTRON) Jambuluwuk Thamrin Hotel,106.824428,-6.190996,3173020004,3173,22.0,2,nonPLN,offline mode
10163,(VOLTRON) Artotel Suites Mangkuluhur,106.814832,-6.221625,3171100001,3171,22.0,2,nonPLN,offline mode
10164,(VOLTRON) Sequis Tower,106.806938,-6.22512,3171060010,3171,22.0,2,nonPLN,offline mode
10165,(VOLTRON) Bez Walk/ Paramount Serpong,106.620344,-6.258105,3603051002,3603,22.0,2,nonPLN,offline mode
10166,(VOLTRON) Fame Hotel/ Paramount Serpong,106.621898,-6.255261,3603051002,3603,22.0,2,nonPLN,offline mode
10167,(VOLTRON) Atria Hotel / Paramount Serpong,106.627088,-6.243747,3603051003,3603,22.0,2,nonPLN,offline mode
10168,(VOLTRON) Wisma BCA Foresta BSD,106.639503,-6.287683,3603070008,3603,22.0,2,nonPLN,offline mode
10169,(VOLTRON) Vivere - South 78 ,106.617631,-6.263373,3603051002,3603,22.0,2,nonPLN,offline mode
10170,(VOLTRON) Plaza Summarecon Bandung,107.693805,-6.955515,3273101001,3273,22.0,2,nonPLN,offline mode
10171,(VOLTRON) Cluster Emily Summarecon,107.700395,-6.963607,3273101001,3273,7.0,1,nonPLN,offline mode
10172,(VOLTRON) FX Sudirman Mall,106.803912,-6.224659,3173010001,3173,22.0,2,nonPLN,offline mode
10173,(VOLTRON) Bintaro Xchange Mall 2,106.728133,-6.284824,3674060006,3674,100.0,1,nonPLN,offline mode
10174,(VOLTRON) Plaza Bintaro,106.742498,-6.27279,3674060010,3674,22.0,2,nonPLN,offline mode
10175,(VOLTRON) Sari Pacific Hotel,106.823605,-6.185629,3173020005,3173,22.0,2,nonPLN,offline mode
10176,(VOLTRON) Commodity Square,106.824352,-6.234022,3171100002,3171,30.0,2,nonPLN,offline mode
10177,(VOLTRON) The Bellezza Retail & Apartment,106.782206,-6.221363,3171050006,3171,22.0,2,nonPLN,offline mode
10178,(VOLTRON) Sumarecon Mall Bekasi,107.001077,-6.226111,3275070006,3275,22.0,2,nonPLN,offline mode
10179,(VOLTRON) Marketing Office Summarecon Karawang,107.337635,-6.322579,3215112003,3215,22.0,1,nonPLN,offline mode
10180,(VOLTRON) Cluster Verena Summarecon Karawang,107.342113,-6.325273,3215112003,3215,7.0,1,nonPLN,offline mode
10181,(VOLTRON) Siloam Hospital Cikarang,107.135136,-6.331359,3216023006,3216,22.0,2,nonPLN,offline mode
10182,(VOLTRON) Siloam Hospital Karawaci,106.597961,-6.225221,3603051006,3603,22.0,2,nonPLN,offline mode
10183,(VOLTRON) Menara Era,106.840361,-6.172845,3173030005,3173,22.0,2,nonPLN,offline mode
10184,(VOLTRON) The Branz BSD,106.642494,-6.300899,3603070006,3603,22.0,2,nonPLN,offline mode
10185,(VOLTRON) 23 Paskal Mall,107.594562,-6.915233,3273180006,3273,22.0,2,nonPLN,offline mode
10186,(VOLTRON) Pakubuwono View,106.784507,-6.236607,3171050003,3171,22.0,2,nonPLN,offline mode
10188,(VOLTRON) TCC Batavia,106.815854,-6.211037,3173010003,3173,22.0,2,nonPLN,offline mode
10189,(VOLTRON) Plaza Slipi Jaya,106.796508,-6.189257,3174030003,3174,22.0,2,nonPLN,offline mode
10191,(VOLTRON) Plaza Festival,106.832894,-6.220918,3171100003,3171,22.0,2,nonPLN,offline mode
10192,(VOLTRON) Menara Dea,106.824028,-6.228101,3171100002,3171,22.0,2,nonPLN,offline mode
10193,(VOLTRON) Rajawali Place - St. Regis Kuningan,106.827846,-6.206105,3171100008,3171,11.0,1,nonPLN,offline mode
10194,(VOLTRON) SDC Scientia Park,106.615499,-6.257033,3603051002,3603,22.0,2,nonPLN,offline mode
10195,(VOLTRON) Plaza Bank Index,106.823434,-6.192066,3173020004,3173,22.0,2,nonPLN,offline mode
10196,(VOLTRON) Menara Thamrin,106.822795,-6.185818,3173020005,3173,22.0,2,nonPLN,offline mode
10197,(VOLTRON) Mall @ Bassurra,106.878071,-6.224327,3172060003,3172,22.0,2,nonPLN,offline mode
10198,(VOLTRON) Arkadia Green Park,106.832933,-6.301468,3171020003,3171,22.0,2,nonPLN,offline mode
10199,(VOLTRON) AIA Central,106.817027,-6.218061,3171100001,3171,22.0,2,nonPLN,offline mode
10200,(VOLTRON) Equity Tower,106.808766,-6.226382,3171060010,3171,22.0,2,nonPLN,offline mode
10201,(VOLTRON) Prudential Tower,106.822522,-6.20956,3171100008,3171,22.0,2,nonPLN,offline mode
10202,(VOLTRON) Alamanda Tower,106.804614,-6.290966,3171030003,3171,22.0,1,nonPLN,offline mode
10203,(VOLTRON) Lippo Park Serpong,106.609171,-6.228558,3603051004,3603,22.0,2,nonPLN,offline mode
10205,(VOLTRON) TKDN,106.668431,-6.159257,3671050005,3671,22.0,1,nonPLN,offline mode
10206,(VOLTRON) IKEA Kota Baru Parahyangan,107.466707,-6.867079,3217090004,3217,22.0,1,nonPLN,offline mode
10207,(VOLTRON) Senayan City Mall,106.797085,-6.227157,3173010001,3173,22.0,1,nonPLN,offline mode
10208,(VOLTRON) JW Marriott Hotel Jakarta ,106.827148,-6.226815,3171100002,3171,22.0,1,nonPLN,offline mode
10209,(VOLTRON) The Ritz Carlton Mega Kuningan ,106.827301,-6.228915,3171100002,3171,22.0,1,nonPLN,offline mode
10210,(VOLTRON) South Hills,106.831125,-6.223254,3171100003,3171,22.0,1,nonPLN,offline mode
10211,(VOLTRON) McD Kelapa Gading,106.896482,-6.146811,3175050001,3175,22.0,2,nonPLN,offline mode
10212,(VOLTRON) Verde 1 Apartment,106.832598,-6.21419,3171100004,3171,22.0,1,nonPLN,offline mode
10213,(VOLTRON) Menara Karya,106.831255,-6.233217,3171100002,3171,22.0,1,nonPLN,offline mode
10214,(VOLTRON) 57 Promenade Apartment,106.818931,-6.196816,3173010004,3173,22.0,1,nonPLN,offline mode
10215,(VOLTRON) Mall Metropolitan Bekasi,106.991119,-6.248447,3275050003,3275,22.0,1,nonPLN,offline mode
10216,(VOLTRON) Grand Metropolitan  Mall Bekasi,106.984534,-6.249103,3275050003,3275,22.0,1,nonPLN,offline mode
10217,(VOLTRON) Botanica Apartment,106.788363,-6.233021,3171050005,3171,22.0,1,nonPLN,offline mode
10223,(WULING) Arista Garuda,106.846311,-6.158199,3173060008,3173,7.0,1,nonPLN,offline mode
10224,(WULING) Arista PH Mustofa,107.648495,-6.901742,3273210004,3273,7.0,1,nonPLN,offline mode
10225,(WULING) Arista Bogor,106.807282,-6.575883,3271030001,3271,7.0,1,nonPLN,offline mode
10226,(WULING) Arista Bekasi,106.992013,-6.271598,3275041003,3275,7.0,1,nonPLN,offline mode
10227,(WULING) Arista Depok,106.818884,-6.401524,3276020011,3276,7.0,1,nonPLN,offline mode
10228,(WULING) Arista Kalimalang,106.91676,-6.2476,3172070002,3172,7.0,1,nonPLN,offline mode
10229,(WULING) Arista Jayakarta,106.819286,-6.13804,3174060008,3174,7.0,1,nonPLN,offline mode
10230,(WULING) Arista Cirebon,108.474237,-6.696978,3209140024,3209,7.0,1,nonPLN,offline mode
10231,(WULING) Arista Soekarno Hatta,107.668264,-6.938076,3273090004,3273,7.0,1,nonPLN,offline mode
10232,(WULING) Arista Serpong,106.619381,-6.256929,3603051002,3603,7.0,1,nonPLN,offline mode
10237,(WULING) Arista Pluit,106.789191,-6.110045,3175010005,3175,7.0,1,nonPLN,offline mode
10242,(WULING) Arista Bintaro,106.699909,-6.272909,3674060004,3674,7.0,1,nonPLN,offline mode
10243,(WULING) Arista Cikarang,107.153507,-6.337738,3216023006,3216,7.0,1,nonPLN,offline mode
10244,(WULING) Arista Kelapa Gading,106.89701,-6.174079,3175050002,3175,7.0,1,nonPLN,offline mode
10248,(WULING) Arista Cengkareng,106.730577,-6.13408,3174070005,3174,7.0,1,nonPLN,offline mode
10249,(WULING) Arista Cikokol,106.627942,-6.20357,3671030004,3671,7.0,1,nonPLN,offline mode
10250,(WULING) Arista Tasikmalaya,108.217736,-7.343494,3278040001,3278,7.0,1,nonPLN,offline mode
10251,(WULING) Arista Garut,107.889901,-7.1808,3205182012,3205,7.0,1,nonPLN,offline mode
10252,(WULING) Arista Karawang,107.311841,-6.309166,3215112005,3215,7.0,1,nonPLN,offline mode
10253,(WULING) Arista Sukabumi,106.904006,-6.912385,3272030005,3272,7.0,1,nonPLN,offline mode
10254,(WULING) Arista Purwakarta,107.452733,-6.516645,3214100013,3214,7.0,1,nonPLN,offline mode
10257,(WULING) Arista Rancaekek,107.762963,-6.95017,3211010001,3211,7.0,1,nonPLN,offline mode
10259,(WULING) Arista Cimahi,107.525231,-6.868065,3217100002,3217,7.0,1,nonPLN,offline mode
10261,(WULING) Arista Cibinong,106.86101,-6.470167,3201210011,3201,7.0,1,nonPLN,offline mode
10263,(WULING) Arista Tambun,107.109728,-6.218179,3216070016,3216,7.0,1,nonPLN,offline mode
10264,(WULING) Arista Ciledug,106.717661,-6.227821,3671010016,3671,7.0,1,nonPLN,offline mode
10265,(WULING) Arista Kramat Jati,106.872114,-6.281297,3172050005,3172,7.0,1,nonPLN,offline mode
10299,(WULING) Kumala BKR,107.617821,-6.932714,3273070005,3273,7.0,1,nonPLN,offline mode
10301,(WULING) Kumala Lebakwangi,106.733788,-6.440761,3201240011,3201,7.0,1,nonPLN,offline mode
10308,(WULING) Prima Fatmawati,106.797655,-6.267462,3171030005,3171,7.0,1,nonPLN,offline mode
10309,(WULING) Prima Cibubur,106.906954,-6.375451,3276040009,3276,7.0,1,nonPLN,offline mode
10310,(WULING) Prima Daan Mogot,106.669039,-6.162949,3671050005,3671,7.0,1,nonPLN,offline mode
10311,(WULING) Prima Cikupa,106.525372,-6.244612,3603040007,3603,7.0,1,nonPLN,offline mode
10313,(WULING) Prima Kebon Jeruk,106.768817,-6.187405,3174020005,3174,7.0,1,nonPLN,offline mode
10317,(WULING) Prima Harmoni,106.812978,-6.170696,3173080002,3173,7.0,1,nonPLN,offline mode
10321,(WULING) Maju Motor Pondok Gede,106.896958,-6.288818,3172040004,3172,7.0,1,nonPLN,offline mode
10322,(WULING) Maju Motor Karawaci,106.620127,-6.222771,3671041001,3671,7.0,1,nonPLN,offline mode
10323,(WULING) Maju Motor Ciputat,106.747058,-6.328188,3674040006,3674,7.0,1,nonPLN,offline mode
10327,(WULING) Maju Motor Senayan,106.798088,-6.215703,3173010001,3173,7.0,1,nonPLN,offline mode
10332,(WULING) Maju Motor Cikarang Barat,107.107812,-6.272232,3216071009,3216,7.0,1,nonPLN,offline mode
10333,(WULING) Maju Motor Setiabudi,107.601427,-6.882355,3273260001,3273,7.0,1,nonPLN,offline mode
10339,(WULING) Wuling Experience Center Pondok Indah,106.782015,-6.25882,3171050002,3171,7.0,1,nonPLN,offline mode
10340,(WULING) WAS Jagakarsa,106.835381,-6.335161,3171010005,3171,7.0,1,nonPLN,offline mode
10342,"SPKLU Utomo Charge+ Thamrin Nine - UoB Plaza, Jakarta",106.822399,-6.19923,3173010004,3173,11.0,10,nonPLN,offline mode
10349,Wisma SSK - Daan Mogot,106.753914,-6.152354,3174070003,3174,60.0,1,nonPLN,offline mode
10354,Akastra Motor,106.782658,-6.209935,3174020002,3174,22.0,1,nonPLN,offline mode
10356,Astrido Toyota Cileungsi,106.974336,-6.366228,3201180019,3201,22.0,1,nonPLN,offline mode
10357,Astrido Toyota Klender,106.900294,-6.215938,3172070007,3172,22.0,1,nonPLN,offline mode
10358,Astrido Toyota Pondok Gede,106.910406,-6.28335,3275010009,3275,22.0,1,nonPLN,offline mode
10360,AUTO2000 Alam Sutera,106.665099,-6.223529,3671021004,3671,22.0,1,nonPLN,offline mode
10363,AUTO2000 Bekasi Timur,107.033636,-6.253514,3216081006,3216,22.0,1,nonPLN,offline mode
10364,AUTO2000 Cibinong,106.84764,-6.473579,3201210010,3201,22.0,1,nonPLN,offline mode
10365,AUTO2000 Ciledug,106.747426,-6.236617,3171040004,3171,22.0,1,nonPLN,offline mode
10368,AUTO2000 Kalimalang,106.920456,-6.247349,3172070002,3172,22.0,1,nonPLN,offline mode
10372,AUTO2000 Tangerang,106.636479,-6.193324,3671030006,3671,22.0,1,nonPLN,offline mode
10374,AUTO2000 Tebet Saharjo,106.846666,-6.22837,3171090001,3171,22.0,1,nonPLN,offline mode
10393,Selamat Toyota Sukabumi,106.90549,-6.9139236,3272030005,3272,22.0,1,nonPLN,offline mode
10395,Tunas Toyota Balaraja,106.45956,-6.1938081,3603130006,3603,22.0,1,nonPLN,offline mode
10396,Tunas Toyota Bekasi,107.008148,-6.2255279,3275070006,3275,22.0,1,nonPLN,offline mode
10397,Tunas Toyota Bintaro,106.768081,-6.2595103,3171040001,3171,22.0,1,nonPLN,offline mode
10399,Tunas Toyota Cinere,106.784113,-6.3305024,3276061001,3276,22.0,1,nonPLN,offline mode
10400,Tunas Toyota Cipondoh,106.688068,-6.2098517,3671021008,3671,22.0,1,nonPLN,offline mode
10401,Tunas Toyota Ciputat,106.746295,-6.319205,3674040007,3674,22.0,1,nonPLN,offline mode
10402,Tunas Toyota Jatinegara,106.86798,-6.219226,3172060007,3172,22.0,1,nonPLN,offline mode
10403,Tunas Toyota Jatiwaringin,106.910614,-6.259551,3275010011,3275,22.0,1,nonPLN,offline mode
10404,Tunas Toyota Kebayoran Lama,106.783089,-6.207998,3174020002,3174,22.0,1,nonPLN,offline mode
10405,Tunas Toyota Latumenten,106.793168,-6.153391,3174040007,3174,22.0,1,nonPLN,offline mode
10406,Tunas Toyota Mampang,106.826896,-6.249841,3171070003,3171,22.0,1,nonPLN,offline mode
10407,Tunas Toyota Pasar Minggu,106.842778,-6.261929,3171080001,3171,22.0,1,nonPLN,offline mode
10408,Tunas Toyota Pecenongan,106.826653,-6.164372,3173080004,3173,22.0,1,nonPLN,offline mode
10409,Tunas Toyota Radin Inten,106.923557,-6.224566,3172070002,3172,22.0,1,nonPLN,offline mode
10411,Tunas Toyota Kiara Condong,107.642468,-6.944307,3273150001,3273,22.0,1,nonPLN,offline mode
10412,Tunas Toyota Tangerang,106.618631,-6.184699,3671031005,3671,22.0,1,nonPLN,offline mode
10413,Wijaya Toyota A. Yani,107.6356,-6.912792,3273210001,3273,22.0,1,nonPLN,offline mode
10414,Wijaya Toyota Padalarang,107.510875,-6.863818,3217100001,3217,22.0,1,nonPLN,offline mode
10415,Wijaya Toyota Subang,107.805886,-6.277355,3213190008,3213,22.0,1,nonPLN,offline mode
10416,Budi Jaya Mobilindo Toyota,107.889385,-7.20172,3205181009,3205,22.0,1,nonPLN,offline mode
10418,Grand Indonesia (Arjuna Lobby - West Mall),106.820491,-6.195152,3173010004,3173,7.0,1,nonPLN,offline mode
10423,(INDOMOBIL) Nissan Puri Indah,106.734157,-6.185317,3174010005,3174,7.4,1,nonPLN,offline mode
10424,(INDOMOBIL) Nissan TB Simatupang,106.783214,-6.290497,3171050001,3171,7.4,1,nonPLN,offline mode
10425,(INDOMOBIL) Nissan Roxy,106.809121,-6.165847,3173080001,3173,7.4,1,nonPLN,offline mode
10427,(INDOMOBIL) KIA Pondok Indah,106.781207,-6.289806,3171050001,3171,7.4,1,nonPLN,offline mode
10428,(INDOMOBIL) KIA Bintaro,106.718212,-6.274897,3674060006,3674,7.4,1,nonPLN,offline mode
10429,(INDOMOBIL) KIA Radin Inten,106.92299,-6.224834,3172070002,3172,7.4,1,nonPLN,offline mode
10430,(INDOMOBIL) KIA MT. Haryono,106.86302,-6.242383,3172060001,3172,7.4,1,nonPLN,offline mode
10431,(INDOMOBIL) KIA Sedayu Klp Gading,106.929678,-6.16192,3172080006,3172,7.4,1,nonPLN,offline mode
10433,(INDOMOBIL) Citroen Halim,106.881068,-6.248272,3172040003,3172,22.0,1,nonPLN,offline mode
10434,(INDOMOBIL) Citroen Pantai Indah Kapuk,106.755291,-6.124839,3175010002,3175,22.0,1,nonPLN,offline mode
10435,(PARKING+) RUMANAMI hotel & restaurant,106.816883,-6.274761,3171020001,3171,22.0,2,nonPLN,offline mode
10436,(PARKING+) The Pakubuwono Residence,106.786151,-6.236404,3171060007,3171,22.0,4,nonPLN,offline mode
10437,(PARKING+) Kota Kasablanka,106.843256,-6.223528,3171090001,3171,22.0,2,nonPLN,offline mode
10438,(PARKING+) Kejaksaan Agung,106.797829,-6.240792,3171060006,3171,22.0,3,nonPLN,offline mode
10441,(PARKING+) Kemang Village Residence,106.81141,-6.259523,3171070001,3171,22.0,3,nonPLN,offline mode
10442,(PARKING+) Paris Van Java,107.596507,-6.888577,3273240004,3273,22.0,3,nonPLN,offline mode
10443,(PARKING+) Supermal Karawaci,106.606198,-6.226605,3603051006,3603,22.0,2,nonPLN,offline mode
10451,(Terra Charge) ACA KIA SUZUKI Pondok Indah,106.7811,-6.2897,3171050001,3171,22.0,1,nonPLN,offline mode
10452,(Terra Charge) Apartemen Saveria BSD,106.6522,-6.3069,3603081005,3603,22.0,1,nonPLN,offline mode
10453,(Terra Charge) Bogor Icon Apartment,106.7083,-6.5561,3201050015,3201,22.0,1,nonPLN,offline mode
10454,(Terra Charge) Bintaro Icon Apartment,106.7083,-6.2706,3674060006,3674,22.0,1,nonPLN,offline mode
10455,(Terra Charge) Vega Hotel,106.6239,-6.2444,3603051004,3603,22.0,1,nonPLN,offline mode
10456,(Terra Charge) Apartemen Eksekutif Menteng,106.8406,-6.1983,3173020001,3173,22.0,1,nonPLN,offline mode
10457,(Terra Charge) Sky Garden Setiabudi,106.8286,-6.2153,3171100003,3171,22.0,2,nonPLN,offline mode
10458,(Terra Charge) Pondok Cabe Golf,106.764,-6.3539,3674030004,3674,22.0,1,nonPLN,offline mode
10459,(Terra Charge) Fraser Residence Menteng,106.8344,-6.1844,3173020005,3173,22.0,1,nonPLN,offline mode
10460,(Terra Charge) Mega Plaza,106.8308,-6.2131,3171100004,3171,22.0,1,nonPLN,offline mode
10461,Wisma HSBC Bandung,107.6119,-6.9219,3273070006,3273,22.0,1,nonPLN,offline mode
10462,(Terra Charge) Ra Suites,106.7956,-6.2914,3171030003,3171,22.0,2,nonPLN,offline mode
10463,(Terra Charge) Cibis Park,106.8144,-6.2928,3171020001,3171,22.0,2,nonPLN,offline mode
10464,(Terra Charge) Mediterania Lagoon Residences,106.8525,-6.1531,3173060006,3173,22.0,1,nonPLN,offline mode
10465,(Terra Charge) Great Western Resort,106.6342,-6.2142,3671030004,3671,22.0,1,nonPLN,offline mode
10466,(Terra Charge) Mardhika Park Apartment,107.0656,-6.2672,3216081004,3216,22.0,1,nonPLN,offline mode
10467,(Terra Charge) Menara Kuningan (Taman Kantor E3.3),106.8275,-6.2314,3171100002,3171,22.0,2,nonPLN,offline mode
10468,(VOLTRON) Paradise Mansion Apartment,106.702558,-6.132135,3174080003,3174,22.0,2,nonPLN,offline mode
10469,(VOLTRON) Apartment Park View,106.831761,-6.372511,3276050003,3276,22.0,2,nonPLN,offline mode
10470,(VOLTRON) Aryaduta Lippo Village & Aryaduta Country Club,106.603276,-6.22801,3603051006,3603,22.0,2,nonPLN,offline mode
10471,(VOLTRON) Imperial Klub Golf,106.606067,-6.233184,3603051006,3603,22.0,2,nonPLN,offline mode
10472,(VOLTRON) Mall Boxies 123,106.826816,-6.634034,3271020003,3271,22.0,2,nonPLN,offline mode
10473,(VOLTRON) Aryaduta Menteng,106.834917,-6.181347,3173080003,3173,22.0,2,nonPLN,offline mode
10474,(VOLTRON) Citragrand Cibubur CBD,106.939666,-6.369349,3275011003,3275,22.0,2,nonPLN,offline mode
10475,(VOLTRON) Embarcadero Suites,106.702799,-6.281671,3674060005,3674,22.0,2,nonPLN,offline mode
10476,(VOLTRON) The St. Regis Residences,106.827503,-6.206137,3171100008,3171,22.0,2,nonPLN,offline mode
10477,(VOLTRON) Fairview & Hillcrest,106.601726,-6.225639,3603051006,3603,22.0,2,nonPLN,offline mode
10478,(VOLTRON) TOTO Wisma 81,106.79757,-6.187908,3174030005,3174,22.0,2,nonPLN,offline mode
10479,(VOLTRON) Apartemen Holland Village,106.876053,-6.167812,3173050002,3173,22.0,2,nonPLN,offline mode
10480,(VOLTRON) McDonald's Gading Serpong,106.634737,-6.22877,3603051003,3603,22.0,2,nonPLN,offline mode
10481,(VOLTRON) McDonald's Alam Sutera,106.6498,-6.24439,3674070005,3674,22.0,2,nonPLN,offline mode
10482,(VOLTRON) Nine Residence,106.826728,-6.253143,3171080003,3171,22.0,2,nonPLN,offline mode
10483,(VOLTRON) Providence Park Apartment,106.787054,-6.2237,3171050006,3171,22.0,2,nonPLN,offline mode
10484,(VOLTRON) Seasons City Mall,106.796095,-6.153263,3174050006,3174,22.0,2,nonPLN,offline mode
10485,(VOLTRON) Soho Pancoran,106.845052,-6.242849,3171090002,3171,22.0,2,nonPLN,offline mode
10486,(VOLTRON) Thamrin City,106.816111,-6.193767,3173010004,3173,22.0,2,nonPLN,offline mode
10487,(VOLTRON) The St. Moritz Apartment,106.740037,-6.186357,3174010005,3174,22.0,2,nonPLN,offline mode
10488,(VOLTRON) Trinity Tower,106.833467,-6.224941,3171100003,3171,22.0,2,nonPLN,offline mode
10489,(VOLTRON) Verde Two Apartment,106.834459,-6.214009,3171100004,3171,22.0,3,nonPLN,offline mode
10490,(VOLTRON) Intiland Tower,106.817669,-6.214299,3173010003,3173,22.0,2,nonPLN,offline mode
10491,(VOLTRON) South Quarter Office,106.784699,-6.294124,3171030003,3171,22.0,2,nonPLN,offline mode
10492,(VOLTRON) Summarecon Mall Bandung,107.697235,-6.95475,3273101003,3273,22.0,2,nonPLN,offline mode
10493,(VOLTRON) McDonald's Puri Indah Kembangan,106.737947,-6.187338,3174010005,3174,22.0,2,nonPLN,offline mode
10494,(VOLTRON) ESDM,106.833479,-6.226031,3171100002,3171,22.0,2,nonPLN,offline mode
10495,(VOLTRON) DPR RI,106.799655,-6.209059,3173010001,3173,22.0,2,nonPLN,offline mode
10496,(VOLTRON) Jasamarga,106.879412,-6.292754,3172050004,3172,22.0,2,nonPLN,offline mode
10497,(VOLTRON) Marketing Galery Park Serpong,106.609171,-6.228558,3603051004,3603,22.0,2,nonPLN,offline mode
10498,(VOLTRON) LTC Glodok,106.818328,-6.155629,3174060002,3174,22.0,2,nonPLN,offline mode
10499,(VOLTRON) Metropolitan Mall Cibubur,106.975431,-6.399443,3201180017,3201,22.0,2,nonPLN,offline mode
10500,(VOLTRON) Starbucks Metland Cyber City,106.704015,-6.197917,3671020016,3671,22.0,2,nonPLN,offline mode
10501,(VOLTRON) Menara Citicon,106.797828,-6.192552,3174030002,3174,22.0,2,nonPLN,offline mode
10502,(VOLTRON) Baywalk Mall,106.779247,-6.107684,3175010005,3175,22.0,2,nonPLN,offline mode
10503,(VOLTRON) Plaza Kenari Mas,106.849042,-6.192277,3173030002,3173,22.0,2,nonPLN,offline mode
10504,(VOLTRON) Graha BIP,106.820004,-6.230004,3171100001,3171,22.0,2,nonPLN,offline mode
10505,(VOLTRON) Harco Glodok,106.81553,-6.143287,3174060005,3174,22.0,2,nonPLN,offline mode
10506,(VOLTRON) Pacific Place Residence,106.810467,-6.225519,3171060010,3171,22.0,2,nonPLN,offline mode
10508,(VOLTRON) Blok M Square,106.800649,-6.244433,3171060005,3171,22.0,2,nonPLN,offline mode
10509,(VOLTRON) One Belpark Mall,106.79474,-6.305103,3171030002,3171,22.0,2,nonPLN,offline mode
10510,(VOLTRON) Kondominium Menara Kelapa Gading,106.916607,-6.169485,3175050003,3175,22.0,2,nonPLN,offline mode
10511,(VOLTRON) Apartemen Bona Vista,106.784446,-6.298545,3171030001,3171,22.0,2,nonPLN,offline mode
10512,(VOLTRON) Evenciio Apartment,106.833467,-6.359839,3276050004,3276,22.0,2,nonPLN,offline mode
10513,(VOLTRON) Hotel Neo+ @ Icon Kebayoran,106.777834,-6.237839,3171050004,3171,22.0,2,nonPLN,offline mode
10514,(VOLTRON) Springhill Royale Suites,106.852812,-6.14994,3175020002,3175,22.0,2,nonPLN,offline mode
10515,(VOLTRON) Mall Matahari Daan Mogot,106.714005,-6.151651,3174080002,3174,22.0,2,nonPLN,offline mode
10516,(VOLTRON) Pesona Square Mall,106.843715,-6.379917,3276030010,3276,100.0,3,nonPLN,offline mode
10517,(VOLTRON) McDonald's Ciputra International,106.72892,-6.173998,3174070002,3174,22.0,2,nonPLN,offline mode
10518,(VOLTRON) Padina Soho Residences,106.678485,-6.162445,3671050004,3671,22.0,2,nonPLN,offline mode
10519,(VOLTRON) Living World Alam Sutera,106.653082,-6.244256,3674070005,3674,22.0,1,nonPLN,offline mode
10520,(VOLTRON) The City Tower,106.823527,-6.199415,3173020001,3173,22.0,2,nonPLN,offline mode
10521,(VOLTRON) Brawijaya Hospital Saharjo,106.847908,-6.224546,3171090002,3171,22.0,2,nonPLN,offline mode
10523,(VOLTRON) Regatta Marketing Office,106.791193,-6.096022,3175010005,3175,22.0,2,nonPLN,offline mode
10525,(VOLTRON) HK Tower Cawang,106.873586,-6.245473,3172060002,3172,100.0,3,nonPLN,offline mode
10526,(VOLTRON) Springhill Terrace Residences,106.851235,-6.149634,3175020002,3175,22.0,2,nonPLN,offline mode
10528,(VOLTRON) McDonald's Ampera,106.819344,-6.28293,3171020002,3171,60.0,1,nonPLN,offline mode
10529,(VOLTRON) Plaza Mandiri,106.81453,-6.224951,3171060010,3171,100.0,1,nonPLN,offline mode
10530,(VOLTRON) Apartemen Menara Marina Condominium,106.791259,-6.109464,3175010005,3175,22.0,2,nonPLN,offline mode
10531,(VOLTRON) Airlangga Apartment,106.827701,-6.228696,3171100002,3171,22.0,2,nonPLN,offline mode
10532,(VOLTRON) Lippo Thamrin,106.822735,-6.188905,3173020004,3173,22.0,2,nonPLN,offline mode
10533,(VOLTRON) Mandiri University Daan Mogot,106.773373,-6.15705,3174040006,3174,22.0,2,nonPLN,offline mode
10535,(VOLTRON) Rest Area KM 207 A Ruas Palikanc,108.562789,-6.774913,3209090001,3209,100.0,2,nonPLN,offline mode
10541,(VOLTRON) The Elements,106.834133,-6.216733,3171100003,3171,22.0,2,nonPLN,offline mode
10542,(STARVO) Antam Office Building,106.84295,-6.302153,3171010006,3171,11.0,4,nonPLN,offline mode
10543,(STARVO) Apartemen Permata Senayan,106.796293,-6.209333,3173010001,3173,7.0,1,nonPLN,offline mode
10544,(STARVO) Asyana Kemayoran Jakarta,106.841354,-6.165132,3173060007,3173,11.0,2,nonPLN,offline mode
10545,(STARVO) Asyana Sentul Bogor,106.849021,-6.58585,3201130006,3201,11.0,1,nonPLN,offline mode
10546,(STARVO) Asyana Sentul Bogor II,106.84906,-6.585844,3201130006,3201,7.0,1,nonPLN,offline mode
10547,(STARVO) Avenzel Hotel and Convention Cibubur,106.917221,-6.374516,3275011002,3275,7.0,1,nonPLN,offline mode
10548,(STARVO) Cikarang Listrindo - EJIP Center,107.122793,-6.328095,3216023005,3216,22.0,1,nonPLN,offline mode
10549,(STARVO) Cikarang Listrindo - MM2100 OFFICE,107.078505,-6.294653,3216071007,3216,22.0,1,nonPLN,offline mode
10551,(STARVO) Cyber 2 Tower,106.83217,-6.226569,3171100002,3171,11.0,2,nonPLN,offline mode
10552,(STARVO) De Braga Hotel Bandung,107.610226,-6.920463,3273170001,3273,7.0,1,nonPLN,offline mode
10553,(STARVO) DENSO Indonesia 1,107.090178,-6.293459,3216071005,3216,22.0,1,nonPLN,offline mode
10554,(STARVO) DENSO Indonesia 2,107.090187,-6.293484,3216071005,3216,22.0,1,nonPLN,offline mode
10555,(STARVO) Electronic City SCBD,106.81097,-6.226739,3171060010,3171,120.0,1,nonPLN,offline mode
10556,(STARVO) Erajaya Plaza,106.803743,-6.136539,3174050011,3174,11.0,1,nonPLN,offline mode
10557,(STARVO) Fieris Hotel,106.890252,-6.197945,3172090005,3172,11.0,1,nonPLN,offline mode
10558,(STARVO) FK UIN Syarif Hidayatullah JKT,106.756339,-6.306577,3674050003,3674,7.0,1,nonPLN,offline mode
10559,(STARVO) Gedung Artha Graha,106.810799,-6.22435,3171060010,3171,11.0,2,nonPLN,offline mode
10560,(STARVO) Gedung Wisma Mertha 2 - Balai Pustaka,106.885986,-6.200459,3172090005,3172,7.0,2,nonPLN,offline mode
10561,(STARVO) Graha Indramas KS. Tubun,106.80007,-6.199776,3174030002,3174,11.0,1,nonPLN,offline mode
10562,(STARVO) Gran Melia Hotel Jakarta,106.830282,-6.23476,3171100002,3171,7.0,2,nonPLN,offline mode
10563,(STARVO) Grand Mercure Jakarta Harmoni,106.81952,-6.160221,3173080004,3173,11.0,2,nonPLN,offline mode
10564,(STARVO) Grand Mercure Kemayoran,106.849642,-6.153685,3173060008,3173,11.0,2,nonPLN,offline mode
10565,(STARVO) Grand Sunshine Resort & Convention,107.528682,-7.025396,3204190008,3204,7.0,1,nonPLN,offline mode
10566,(STARVO) Jababeka Golf & Country Club,107.176008,-6.294312,3216041001,3216,7.0,1,nonPLN,offline mode
10570,(STARVO) LG Electronics Indonesia,107.082796,-6.297895,3216071005,3216,22.0,1,nonPLN,offline mode
10571,(STARVO) Lorin Sentul Hotel,106.855756,-6.531952,3201140009,3201,11.0,2,nonPLN,offline mode
10574,(STARVO) M-Ten,106.824446,-6.239709,3171070005,3171,11.0,2,nonPLN,offline mode
10575,(STARVO) Mangga Dua Square,106.831656,-6.138507,3175020003,3175,11.0,5,nonPLN,offline mode
10576,(STARVO) Manhattan Hotel Jakarta,106.831055,-6.225204,3171100003,3171,7.0,2,nonPLN,offline mode
10579,(STARVO) Maybank Wisma Eka Jiwa Mg. Dua,106.822214,-6.137141,3173070005,3173,60.0,2,nonPLN,offline mode
10580,(STARVO) Menara Mandiri Sudirman,106.807451,-6.224009,3171060010,3171,30.0,3,nonPLN,offline mode
10581,(STARVO) Menara Sun Life,106.826591,-6.229982,3171100002,3171,11.0,3,nonPLN,offline mode
10582,(STARVO) Mercure Bandung City Centre,107.611504,-6.923877,3273070006,3273,7.0,1,nonPLN,offline mode
10583,(STARVO) Morrissey Hotel,106.829424,-6.186977,3173020005,3173,11.0,2,nonPLN,offline mode
10584,(STARVO) MUJI CHARGING STATION GRAND HOTEL PREANGER,107.611836,-6.920537,3273170001,3273,7.0,1,nonPLN,offline mode
10585,(STARVO) Mulia Hotel Senayan Jakarta,106.797152,-6.215135,3173010001,3173,7.0,1,nonPLN,offline mode
10589,(STARVO) Novus Hotel Giri Puncak,107.03792,-6.723345,3203221001,3203,11.0,2,nonPLN,offline mode
10591,(STARVO) Old Shanghai Sedayu City,106.92461,-6.164961,3172080006,3172,7.0,2,nonPLN,offline mode
10592,(STARVO) Omron Manufacturing Of Indonesia,107.116613,-6.330995,3216023005,3216,22.0,1,nonPLN,offline mode
10593,(STARVO) ON Space BSD,106.635192,-6.300449,3603070006,3603,7.0,1,nonPLN,offline mode
10594,(STARVO) One Satrio,106.826677,-6.225715,3171100002,3171,11.0,2,nonPLN,offline mode
10595,(STARVO) Plaza Senayan,106.800671,-6.225374,3173010001,3173,7.0,8,nonPLN,offline mode
10596,(STARVO) PT JFE Steel Galvanizing Indonesia,107.084169,-6.346009,3216023001,3216,22.0,1,nonPLN,offline mode
10597,(STARVO) PT. Aisin Indonesia,107.110777,-6.327583,3216023005,3216,22.0,1,nonPLN,offline mode
10598,(STARVO) PT. KRAKATAU SARANA PROPERTI,106.831741,-6.238514,3171100002,3171,30.0,2,nonPLN,offline mode
10599,(STARVO) Ra Mampang Tower,106.82557,-6.247055,3171070003,3171,7.0,1,nonPLN,offline mode
10600,(STARVO) Ra Suites Simatupang,106.796023,-6.29167,3171030003,3171,7.0,1,nonPLN,offline mode
10601,(STARVO) Senayan Residence Apartment,106.794435,-6.222957,3171050006,3171,11.0,3,nonPLN,offline mode
10602,(STARVO) Setiabudi One,106.829767,-6.215306,3171100003,3171,7.0,3,nonPLN,offline mode
10603,(STARVO) Starbucks Elang Laut PIK,106.739902,-6.12417,3175010001,3175,60.0,3,nonPLN,offline mode
10604,(STARVO) Starbucks Pacific Garden Alam Sutera,106.651754,-6.22435,3671021003,3671,7.0,2,nonPLN,offline mode
10605,(STARVO) STO Telkom Gambir,106.826591,-6.181004,3173080003,3173,11.0,2,nonPLN,offline mode
10606,(STARVO) Sumitomo Electric Wintec Indonesia,107.080564,-6.305061,3216071005,3216,7.0,1,nonPLN,offline mode
10607,(STARVO) TE Setiabudi One,106.830368,-6.214794,3171100003,3171,24.0,1,nonPLN,offline mode
10608,(STARVO) Telkom Property,106.830454,-6.18254,3173080003,3173,11.0,2,nonPLN,offline mode
10609,(STARVO) THE 1O1 Jakarta Airport CBC,106.689478,-6.112794,3671060005,3671,11.0,2,nonPLN,offline mode
10610,(STARVO) The Gaia Hotel Bandung,107.60054,-6.843921,3273260003,3273,11.0,2,nonPLN,offline mode
10611,(STARVO) The Manhattan Square,106.810541,-6.289876,3171020001,3171,30.0,4,nonPLN,offline mode
10612,(STARVO) The Stature Jakarta,106.828051,-6.183222,3173020005,3173,11.0,2,nonPLN,offline mode
10614,(STARVO) Wisma Barito Pacific I,106.798096,-6.196704,3174030002,3174,7.0,3,nonPLN,offline mode
10615,(STARVO) Wisma Barito Pacific II,106.798611,-6.198752,3174030002,3174,7.0,3,nonPLN,offline mode
10616,(STARVO) WISMA KEIAI,106.821442,-6.205736,3173010003,3173,11.0,2,nonPLN,offline mode
10617,(STARVO) WTC Mangga Dua,106.831093,-6.134603,3175020003,3175,60.0,1,nonPLN,offline mode
10618,(Terra Charge) Sudirman Hill,106.821278,-6.21155,3171100004,3171,22.0,1,nonPLN,offline mode
10619,(Terra Charge) Apartemen Sayana Harapan Indah,106.973681,-6.158433,3216100001,3216,22.0,2,nonPLN,offline mode
10620,(Terra Charge) Hotel Santika Premiere Kota Harapan Indah,106.976012,-6.184672,3275061003,3275,22.0,2,nonPLN,offline mode
10621,(Terra Charge) Pinewood Apartemen Jatinangor,107.771781,-6.935712,3211010009,3211,22.0,1,nonPLN,offline mode
10626,(HVT) Mediterania Garden 1,106.790152,-6.17877,3174040002,3174,50.0,1,nonPLN,offline mode
10627,(HVT) Mediterania Garden 2,106.788846,-6.174108,3174040002,3174,50.0,1,nonPLN,offline mode
10628,(HVT) Central Park Residence,106.790152,-6.17877,3174040002,3174,50.0,1,nonPLN,offline mode
10629,(HVT) Apartment Sherwood,106.906938,-6.152937,3175050001,3175,60.0,1,nonPLN,offline mode
10630,(HVT) Graha Niaga,106.80623,-6.21844,3173010001,3173,120.0,1,nonPLN,offline mode
10631,(BLUECHARGE) Rs Emc Tangerang,106.647807,-6.184248,3671030015,3671,7.0,1,nonPLN,offline mode
10632,(BLUECHARGE) Ventura Building Jakarta,106.4733,-6.1729,3603121006,3603,22.0,2,nonPLN,offline mode
10633,(BLUECHARGE) Kuningan City Jakarta,106.4948,-6.133,3603170004,3603,22.0,3,nonPLN,offline mode
10634,(BLUECHARGE) Soewarna Golf,106.4028,-6.0716,3603151003,3603,22.0,2,nonPLN,offline mode
10635,(BLUECHARGE) Pelindo Tower,106.5337,-6.0716,3603160010,3603,22.0,2,nonPLN,offline mode
10636,(BLUECHARGE) Smesco Tower,106.5009,-6.143,3603121004,3603,22.0,1,nonPLN,offline mode
10637,(BLUECHARGE) Mall Artha Gading,106.533,-6.084,3603160009,3603,22.0,2,nonPLN,offline mode
10638,(BLUECHARGE) Bintaro Avenue,106.4321,-6.1637,3603132002,3603,22.0,2,nonPLN,offline mode
10640,(BLUECHARGE) Central Park,106.4729,-6.10418,3603161003,3603,22.0,1,nonPLN,offline mode
10641,(BLUECHARGE) Mall Daan Mogot,106.425,-6.0903,3603150003,3603,22.0,2,nonPLN,offline mode
10642,(BLUECHARGE) BASURA CITY MALL,106.524,-6.1326,3603170004,3603,22.0,2,nonPLN,offline mode
10643,(BLUECHARGE) MOI APARTMENT-LYON GARDEN,106.5332,-6.0859,3603160009,3603,22.0,1,nonPLN,offline mode
10644,(BLUECHARGE) Cibinong City Mall,106.5032,-6.2904,3603021009,3603,22.0,2,nonPLN,offline mode
10645,(BLUECHARGE) Menara Sentraya,106.4813,-6.1441,3603121007,3603,22.0,2,nonPLN,offline mode
10646,(BLUECHARGE) TOP GOLF,106.474,-6.18196,3603121006,3603,22.0,3,nonPLN,offline mode
10647,(BLUECHARGE) MOI APARTMENT-EVIAN GARDEN,106.5334,-6.0859,3603160009,3603,22.0,1,nonPLN,offline mode
10648,(BLUECHARGE) SUDIRMAN TOWER CONDOMINIUM,106.4857,-6.1313,3603170003,3603,22.0,2,nonPLN,offline mode
10649,(BLUECHARGE) GRAMEDIA MATRAMAN,106.5122,-6.121,3603170009,3603,22.0,1,nonPLN,offline mode
10653,(VOLTRON) Suvarna Golf Club,106.8946602,-6.2851276,3172040004,3172,7.0,2,nonPLN,offline mode
10654,(VOLTRON) Shila Sawangan,106.742971,-6.4014485,3276011003,3276,22.0,1,nonPLN,offline mode
10655,(VOLTRON) Jambuluwuk Thamrin Hotel,106.8244281,-6.190996,3173020004,3173,22.0,2,nonPLN,offline mode
10656,(VOLTRON) Artotel Suites Mangkuluhur,106.814832,-6.2216249,3171100001,3171,22.0,2,nonPLN,offline mode
10657,(VOLTRON) Sequis Tower,106.8069382,-6.22512,3171060010,3171,22.0,2,nonPLN,offline mode
10658,(VOLTRON) BEZ Walk,106.6203439,-6.2581047,3603051002,3603,22.0,2,nonPLN,offline mode
10659,(VOLTRON) Fame Hotel,106.6218977,-6.2552611,3603051002,3603,22.0,2,nonPLN,offline mode
10660,(VOLTRON) Atria Hotel,106.6270877,-6.2437472,3603051003,3603,22.0,2,nonPLN,offline mode
10661,(VOLTRON) Wisma BCA Foresta BSD,106.6393509,-6.287336,3603070008,3603,22.0,2,nonPLN,offline mode
10662,(VOLTRON) South 78,106.6176313,-6.2633731,3603051002,3603,22.0,2,nonPLN,offline mode
10663,(VOLTRON) Plaza Summarecon,107.6938052,-6.9555149,3273101001,3273,22.0,2,nonPLN,offline mode
10664,(VOLTRON) Cluster Emily Summarecon,107.7003952,-6.9636068,3273101001,3273,22.0,1,nonPLN,offline mode
10665,(VOLTRON) FX Sudirman,106.8039121,-6.2246593,3173010001,3173,22.0,2,nonPLN,offline mode
10666,(VOLTRON) Bintaro Jaya Xchange Mall,106.7281331,-6.2848236,3674060006,3674,22.0,2,nonPLN,offline mode
10667,(VOLTRON) Sari Pacific Hotel,106.8236046,-6.1856293,3173020005,3173,22.0,2,nonPLN,offline mode
10668,(VOLTRON) CFX Tower,106.8243521,-6.234022,3171100002,3171,30.0,2,nonPLN,offline mode
10669,(VOLTRON) The Bellezza Shopping Arcade,106.782206,-6.2213626,3171050006,3171,22.0,2,nonPLN,offline mode
10670,(VOLTRON) Summarecon Mall Bekasi,107.0010766,-6.2261104,3275070006,3275,22.0,2,nonPLN,offline mode
10671,(VOLTRON) Marketing Office Summarecon,107.3376351,-6.322579,3215112003,3215,22.0,1,nonPLN,offline mode
10672,(VOLTRON) Cluster Verena Summarecon,107.3421128,-6.325273,3215112003,3215,7.0,2,nonPLN,offline mode
10673,(VOLTRON) Siloam Hospitals Cikarang,107.1351363,-6.3313585,3216023006,3216,22.0,2,nonPLN,offline mode
10674,(VOLTRON) Siloam Hospitals Karawaci,106.5979611,-6.2252212,3603051006,3603,22.0,2,nonPLN,offline mode
10675,(VOLTRON) Menara Era,106.8403611,-6.1728453,3173030005,3173,22.0,2,nonPLN,offline mode
10676,(VOLTRON) The Branz BSD,106.642494,-6.300899,3603070006,3603,22.0,2,nonPLN,offline mode
10677,(VOLTRON) 23 Paskal Mall,107.5945622,-6.9152332,3273180006,3273,22.0,2,nonPLN,offline mode
10678,(VOLTRON) Pakubuwono View,106.7846266,-6.2364929,3171050003,3171,22.0,2,nonPLN,offline mode
10680,(VOLTRON) TCC Batavia,106.8158537,-6.2110373,3173010003,3173,22.0,2,nonPLN,offline mode
10681,(VOLTRON) Plaza Slipi Jaya,106.7965083,-6.1892569,3174030003,3174,22.0,2,nonPLN,offline mode
10683,(VOLTRON) Plaza Festival,106.8328939,-6.2209178,3171100003,3171,22.0,2,nonPLN,offline mode
10685,(VOLTRON) Rajawali Place,106.8278458,-6.2061052,3171100008,3171,22.0,6,nonPLN,offline mode
10686,(VOLTRON) SDC Scientia Park,106.6154992,-6.2570324,3603051002,3603,22.0,2,nonPLN,offline mode
10687,(VOLTRON) Plaza Bank Index,106.8234338,-6.1920663,3173020004,3173,22.0,2,nonPLN,offline mode
10688,(VOLTRON) Menara Thamrin,106.8227951,-6.1858183,3173020005,3173,22.0,2,nonPLN,offline mode
10689,(VOLTRON) Mall @ Bassura,106.8780712,-6.2243274,3172060003,3172,22.0,2,nonPLN,offline mode
10690,(VOLTRON) Arkadia Green Park,106.8329332,-6.3014682,3171020003,3171,22.0,2,nonPLN,offline mode
10691,(VOLTRON) AIA Central,106.8170266,-6.2180613,3171100001,3171,22.0,2,nonPLN,offline mode
10692,(VOLTRON) Equity Tower,106.8087664,-6.2263814,3171060010,3171,22.0,2,nonPLN,offline mode
10693,(VOLTRON) Prudential Tower,106.8225218,-6.2095602,3171100008,3171,22.0,2,nonPLN,offline mode
10694,(VOLTRON) Alamanda Tower,106.8046138,-6.2909657,3171030003,3171,22.0,2,nonPLN,offline mode
10696,(VOLTRON) Teknologi Karya Digital Nusa,106.6684311,-6.159257,3671050005,3671,22.0,1,nonPLN,offline mode
10697,(VOLTRON) IKEA Kota Baru Parahyangan,107.4667067,-6.8670792,3217090004,3217,22.0,2,nonPLN,offline mode
10698,(VOLTRON) Senayan City,106.7970845,-6.2271569,3173010001,3173,100.0,7,nonPLN,offline mode
10699,(VOLTRON) JW Marriott,106.8271478,-6.2268146,3171100002,3171,22.0,2,nonPLN,offline mode
10700,(VOLTRON) The Ritz-Carlton,106.8273006,-6.2289148,3171100002,3171,22.0,2,nonPLN,offline mode
10701,(VOLTRON) South Hills,106.8311249,-6.2232538,3171100003,3171,22.0,2,nonPLN,offline mode
10702,(VOLTRON) McDonalds Kelapa Gading,106.8964818,-6.1468113,3175050001,3175,22.0,2,nonPLN,offline mode
10703,(VOLTRON) Verde Apartment,106.8325982,-6.21419,3171100004,3171,22.0,2,nonPLN,offline mode
10704,(VOLTRON) Menara Karya,106.8312551,-6.2332169,3171100002,3171,22.0,2,nonPLN,offline mode
10705,(VOLTRON) 57 Promenade Apartment,106.8189314,-6.196816,3173010004,3173,22.0,2,nonPLN,offline mode
10706,(VOLTRON) Mall Metropolitan,106.9911189,-6.2484464,3275050003,3275,22.0,2,nonPLN,offline mode
10707,(VOLTRON) Grand Metropolitan Mall,106.9845337,-6.2491035,3275050003,3275,22.0,2,nonPLN,offline mode
10708,(VOLTRON) Botanica Apartment,106.7883633,-6.2330206,3171050005,3171,22.0,2,nonPLN,offline mode
10709,(VOLTRON) Lippo Office Thamrin,106.822863,-6.1890344,3173020004,3173,22.0,2,nonPLN,offline mode
10711,(VOLTRON) Apartemen Marina Tower,106.7922924,-6.1097585,3175010005,3175,22.0,2,nonPLN,offline mode
10712,(VOLTRON) Apartemen Airlangga,106.8281087,-6.228675,3171100002,3171,22.0,2,nonPLN,offline mode
10713,(VOLTRON) Springhills Terrace Residence,106.8516155,-6.1496189,3175020002,3175,22.0,2,nonPLN,offline mode
10714,(VOLTRON) Waskita Rajawali Tower,106.8654306,-6.2427864,3172060001,3172,22.0,2,nonPLN,offline mode
10715,(VOLTRON) McD Kelapa Gading,106.8969307,-6.1467458,3175050001,3175,22.0,2,nonPLN,offline mode
10716,(VOLTRON) MCD Alam Sutera,106.6507868,-6.2443575,3674070005,3674,22.0,2,nonPLN,offline mode
10717,(VOLTRON) MCD BSD Sunburt,106.6650442,-6.2992273,3674020019,3674,22.0,2,nonPLN,offline mode
10718,(VOLTRON) Mcd Gading Serpong,106.635123,-6.228813,3603051003,3603,22.0,2,nonPLN,offline mode
10719,(VOLTRON) Mcd Puri Kembangan,106.7386126,-6.1874872,3174010005,3174,22.0,2,nonPLN,offline mode
10720,(VOLTRON) McD Ciputra Internasional,106.7297014,-6.1738373,3174070002,3174,22.0,2,nonPLN,offline mode
10723,(VOLTRON) McD Sunter Barat,106.8578306,-6.1455079,3175030001,3175,22.0,2,nonPLN,offline mode
10724,(VOLTRON) McD Jatiasih,106.9594996,-6.2953982,3275020004,3275,22.0,2,nonPLN,offline mode
10725,(VOLTRON) McD TB Simatupang,106.8488119,-6.3035312,3171010006,3171,60.0,1,nonPLN,offline mode
10726,(VOLTRON) McD Grand Wisata,107.0457092,-6.2750997,3216081002,3216,60.0,1,nonPLN,offline mode
10727,(VOLTRON) MCD Bumi Serpong Damai,106.6612497,-6.2803566,3674020021,3674,60.0,1,nonPLN,offline mode
10728,(VOLTRON) MCD Salemba,106.8510312,-6.1947424,3173030002,3173,60.0,1,nonPLN,offline mode
10729,(VOLTRON) McD Perdatam,106.8438589,-6.2499343,3171080004,3171,22.0,2,nonPLN,offline mode
10733,(VOLTRON) McD Kemang,106.8149843,-6.2574856,3171070001,3171,60.0,1,nonPLN,offline mode
10734,(VOLTRON) McD Lippo Cikarang,107.1272583,-6.3271399,3216023005,3216,22.0,2,nonPLN,offline mode
10736,(VOLTRON) McD Otista Raya,106.8695641,-6.2367344,3172060001,3172,22.0,2,nonPLN,offline mode
10737,(VOLTRON) McD Cibitung,107.0897141,-6.2695081,3216071009,3216,22.0,2,nonPLN,offline mode
10738,(VOLTRON) MCD Kota Harapan Indah,106.9771465,-6.1910574,3275061004,3275,22.0,2,nonPLN,offline mode
10739,(VOLTRON) MCD Margonda,106.8299431,-6.382202,3276050003,3276,22.0,2,nonPLN,offline mode
10740,(VOLTRON) McDonald's Bintaro Sektor 9,106.7137088,-6.2808944,3674060005,3674,60.0,1,nonPLN,offline mode
10741,(VOLTRON) McD Grand Taruma,107.2781,-6.3059828,3215031008,3215,22.0,2,nonPLN,offline mode
10745,(VOLTRON) McD Kosambi,107.3699608,-6.3669551,3215040013,3215,22.0,2,nonPLN,offline mode
10747,(VOLTRON) MCD Pasir Koja,107.5762345,-6.9297234,3273020005,3273,22.0,2,nonPLN,offline mode
10750,(VOLTRON) McDonald's Brigjen Darsono,108.5416174,-6.7320293,3274040002,3274,22.0,2,nonPLN,offline mode
10754,(VOLTRON) Hollywood Junction Jababeka,107.1473014,-6.2951274,3216061003,3216,100.0,1,nonPLN,offline mode
10755,(VOLTRON) Bintaro Jaya Xchange Mall 2,106.729282,-6.285776,3674060006,3674,100.0,1,nonPLN,offline mode
10756,(VOLTRON) Lippo Kuningan,106.8317389,-6.2165448,3171100003,3171,100.0,2,nonPLN,offline mode
10757,(VOLTRON) Summarecon Mall Bekasi UFC,107.0015485,-6.2259462,3275070006,3275,100.0,1,nonPLN,offline mode
10759,(VOLTRON) Food Centrum,106.8552678,-6.1407093,3175030001,3175,100.0,2,nonPLN,offline mode
10760,(VOLTRON) Noble House,106.8288946,-6.2267776,3171100002,3171,100.0,2,nonPLN,offline mode
10761,(VOLTRON) MKG Kemayoran,106.8492481,-6.1545239,3173060008,3173,100.0,1,nonPLN,offline mode
10762,(VOLTRON) Artotel Gelora Senayan Jakarta,106.8033327,-6.2228556,3173010001,3173,100.0,2,nonPLN,offline mode
10763,(VOLTRON) Dipo Tower,106.8012726,-6.2024301,3173010005,3173,100.0,1,nonPLN,offline mode
10764,(VOLTRON) Botani Square Mall Bogor,106.807855,-6.6012409,3271040004,3271,100.0,2,nonPLN,offline mode
10765,(VOLTRON) Indonesia Design District,106.7031757,-6.0489403,3603210010,3603,100.0,1,nonPLN,offline mode
10766,(VOLTRON) Equity Tower UFC,106.7031865,-6.0489296,3603210010,3603,100.0,1,nonPLN,offline mode
10767,(VOLTRON) Gedung Bursa Efek Indonesia,106.8089449,-6.2260492,3171060010,3171,100.0,2,nonPLN,offline mode
10768,(STROOM PPI) ATRIA @SUDIRMAN,106.8174658,-6.2136866,3173010003,3173,40.0,1,nonPLN,offline mode
10769,(STROOM PPI) Centennial Tower,106.8207837,-6.2300493,3171100001,3171,40.0,2,nonPLN,offline mode
10771,(STROOM PPI) Essence Darmawangsa,106.805633,-6.2578758,3171060002,3171,40.0,2,nonPLN,offline mode
10772,(STROOM PPI) ICE BSD Hall 1,106.6374456,-6.2982119,3603070006,3603,40.0,2,nonPLN,offline mode
10773,(STROOM PPI) ICE BSD Hall 10,106.6362648,-6.3032437,3603070006,3603,40.0,2,nonPLN,offline mode
10774,(STROOM PPI) Menara Rajawali,106.8264264,-6.2271612,3171100002,3171,40.0,2,nonPLN,offline mode
10775,(STROOM PPI) MSIG Sinarmas Sudirman,106.8222718,-6.2104328,3171100004,3171,60.0,2,nonPLN,offline mode
10776,(STROOM PPI) Nifarro Park,106.8434253,-6.2633812,3171020007,3171,40.0,2,nonPLN,offline mode
10777,(STROOM PPI) Palace Hotel,107.041855,-6.7351619,3203221002,3203,11.0,1,nonPLN,offline mode
10778,(STROOM PPI) R Hotel Rancamaya,106.8230435,-6.6586634,3271010005,3271,40.0,2,nonPLN,offline mode
10779,(STROOM PPI) Rancamaya Marketing Gallery,106.8447541,-6.6625171,3271010008,3271,40.0,2,nonPLN,offline mode
10780,(STROOM PPI) Royal Tulip Gunung Geulis Parking Area,106.8630654,-6.6267188,3201130003,3201,22.0,1,nonPLN,offline mode
10781,(STROOM PPI) Royal Tulip Gunung Geulis Wing C,106.863106,-6.6267098,3201130003,3201,22.0,1,nonPLN,offline mode
10782,(STROOM PPI) SCBD Park,106.809662,-6.2264793,3171060010,3171,40.0,2,nonPLN,offline mode
10783,(STROOM PPI) Navapark Country Club,106.6530401,-6.290624,3603070008,3603,60.0,2,nonPLN,offline mode
10784,(STROOM PPI) Navapark North Point,106.6511023,-6.2893362,3603070008,3603,22.0,1,nonPLN,offline mode
10785,(STROOM PPI) Navapark Marigold,106.6505963,-6.2971245,3603081005,3603,22.0,1,nonPLN,offline mode
10789,(DayaGreen) 3 Multi Gudang Daan Mogot,106.6667272,-6.1635895,3671050005,3671,7.0,1,nonPLN,offline mode
10790,(DayaGreen) Hotel Courtyard By Marriott Bandung Dago,107.6106052,-6.9041887,3273200001,3273,7.0,1,nonPLN,offline mode
10791,(DayaGreen) Hotel Naval / Zen Spa Bandung Sukajadi,107.5967939,-6.8844458,3273240005,3273,7.0,1,nonPLN,offline mode
10798,(DayaGreen) Hotel Alana Sentul City,106.8481697,-6.5693831,3201140006,3201,7.0,1,nonPLN,offline mode
10799,(DayaGreen) Hotel Grand Aston Puncak,107.0105763,-6.7120026,3203221006,3203,7.0,1,nonPLN,offline mode
10800,(DayaGreen) Hotel Crowne Plaza Bandung,107.6119609,-6.9168281,3273170001,3273,7.0,2,nonPLN,offline mode
10802,(DayaGreen) SAP Elang Laut,106.7401894,-6.1238082,3175010001,3175,7.0,1,nonPLN,offline mode
10803,(DayaGreen) Office 8 Senopati,106.8056935,-6.2291119,3171060010,3171,22.0,4,nonPLN,offline mode
10804,(DayaGreen) Apartemen Saumata Alam Sutera,106.65487,-6.2296843,3671021003,3671,7.0,1,nonPLN,offline mode
10805,(DayaGreen) Hotel Tamansari Tera Residence,107.6125905,-6.9153454,3273170004,3273,7.0,1,nonPLN,offline mode
10806,(DayaGreen) CBD Pluit,106.7892194,-6.1270976,3175010004,3175,22.0,5,nonPLN,offline mode
10807,(DayaGreen) Living World Alam Sutera,106.6531127,-6.2442046,3674070005,3674,7.0,1,nonPLN,offline mode
10809,(DayaGreen) Harvest Senopati,106.810058,-6.2312428,3171060008,3171,22.0,1,nonPLN,offline mode
10810,(DayaGreen) Hotel Prime Plaza Puwarkarta,107.4632452,-6.4385568,3214112007,3214,7.0,1,nonPLN,offline mode
10812,(DayaGreen) Black Owl Kelapa Gading,106.8946392,-6.1450583,3175050001,3175,7.0,2,nonPLN,offline mode
10815,(DayaGreen) Yuan Garden Pasar Baru,106.8322921,-6.1630354,3173070001,3173,22.0,1,nonPLN,offline mode
10816,(DayaGreen) Food Hall The Mansion Dukuh Atas Kemayoran,106.8527795,-6.1477317,3175020002,3175,22.0,2,nonPLN,offline mode
10817,(DayaGreen) Minikopi,106.7756526,-6.171611,3174020005,3174,22.0,2,nonPLN,offline mode
10818,(DayaGreen) BMW Ultima,106.7030419,-6.3156858,3674020010,3674,22.0,1,nonPLN,offline mode
10819,(DayaGreen) PappaJack Kedoya,106.7610423,-6.1897667,3174020006,3174,7.0,1,nonPLN,offline mode
10820,(DayaGreen) Hotel Cipta Pancoran,106.8434536,-6.247013,3171080004,3171,22.0,1,nonPLN,offline mode
10821,(DayaGreen) Club De Arjuna,106.7605926,-6.1899612,3174020006,3174,22.0,1,nonPLN,offline mode
10822,(DayaGreen) Jakarta Design Center,106.8008247,-6.2014883,3173010005,3173,22.0,1,nonPLN,offline mode
10823,(DayaGreen) PappaJack Elang Laut,106.7398978,-6.1234922,3175010001,3175,7.0,1,nonPLN,offline mode
10824,(DayaGreen) The Mansion Jasmine Tower AB,106.8530777,-6.1464158,3175020002,3175,7.0,1,nonPLN,offline mode
10825,(DayaGreen) Tis Square,106.8479003,-6.2427248,3171090002,3171,22.0,1,nonPLN,offline mode
10826,(DayaGreen) Multivision Tower,106.8335039,-6.2121109,3171100005,3171,22.0,1,nonPLN,offline mode
10827,(DayaGreen) Black Owl Gading Serpong,106.6173205,-6.2670965,3603070010,3603,22.0,1,nonPLN,offline mode
10828,(DayaGreen) Moxy Hotel,107.6120604,-6.9001942,3273200001,3273,22.0,1,nonPLN,offline mode
10829,(DayaGreen) Mediterania Residence,106.7899619,-6.1103637,3175010005,3175,22.0,1,nonPLN,offline mode
10830,(DayaGreen) Gereja Salvator,106.8045453,-6.1967862,3174030002,3174,22.0,1,nonPLN,offline mode
10831,(DayaGreen) Lotus Residence,106.8289822,-6.4446572,3276031002,3276,22.0,1,nonPLN,offline mode
10832,(DayaGreen) Paragon Village,106.5869571,-6.2336036,3603050007,3603,7.0,1,nonPLN,offline mode
10833,(DayaGreen) Apartemen Semanan Indah,106.7197199,-6.1638459,3174070001,3174,22.0,1,nonPLN,offline mode
10834,(DayaGreen) Mall Taman Palem,106.731584,-6.1400218,3174070005,3174,22.0,1,nonPLN,offline mode
10835,(DayaGreen) Four Points Bandung,107.6124583,-6.9013978,3273200002,3273,22.0,1,nonPLN,offline mode
10836,(DayaGreen) Mangga 2 Court,106.8241514,-6.1381269,3173070005,3173,22.0,1,nonPLN,offline mode
10837,(DayaGreen) Apartement Semanggi,106.8013512,-6.2023044,3173010005,3173,22.0,1,nonPLN,offline mode
10838,(DayaGreen) The East,106.8246217,-6.2289538,3171100002,3171,22.0,1,nonPLN,offline mode
10839,(DayaGreen) Puri Indah Auto Center,106.7362973,-6.1907963,3174010005,3174,22.0,1,nonPLN,offline mode
10840,(DayaGreen) Pluit Gading Hospital,106.9158648,-6.165952,3175050003,3175,22.0,1,nonPLN,offline mode
10841,(DayaGreen) Setiabudi Residences,106.8291879,-6.2166864,3171100003,3171,22.0,1,nonPLN,offline mode
10842,(TERRA CHARGE) Pluit Junction Mall,106.7904526,-6.1263734,3175010004,3175,22.0,2,nonPLN,offline mode
10843,(TERRA CHARGE) Apartemen Tamansari Semanggi,106.8191554,-6.2264579,3171100001,3171,22.0,1,nonPLN,offline mode
10844,(TERRA CHARGE) Plaza Simatupang,106.7762418,-6.2856086,3171050001,3171,22.0,1,nonPLN,offline mode
10845,(TERRA CHARGE) Harton Tower Citi Hub,106.8971589,-6.1468341,3175050001,3175,22.0,1,nonPLN,offline mode
10846,(TERRA CHARGE) Mitra Oasis Residence,106.8397094,-6.1736359,3173030005,3173,22.0,2,nonPLN,offline mode
10847,(TERRA CHARGE) Riverside (Apartemen Muara Indah),106.7747004,-6.1168319,3175010005,3175,22.0,1,nonPLN,offline mode
10848,(TERRA CHARGE) West Vista Shop House,106.7267038,-6.1580281,3174070001,3174,22.0,1,nonPLN,offline mode
10849,(TERRA CHARGE) West Vista Apartment,106.7266869,-6.1581592,3174070001,3174,22.0,2,nonPLN,offline mode
10850,(TERRA CHARGE) World Trade Center DC,106.819141,-6.2145678,3171100004,3171,50.0,1,nonPLN,offline mode
10851,(TERRA CHARGE) World Trade Center 6 A,106.819141,-6.2145678,3171100004,3171,22.0,2,nonPLN,offline mode
10852,(TERRA CHARGE) World Trade Center 6 B,106.819141,-6.2145678,3171100004,3171,22.0,3,nonPLN,offline mode
10853,(TERRA CHARGE) World Trade Center 1,106.819141,-6.2145678,3171100004,3171,22.0,2,nonPLN,offline mode
10854,(TERRA CHARGE) Harmonie Exchange,106.8209905,-6.1642106,3173080004,3173,22.0,2,nonPLN,offline mode
10855,(TERRA CHARGE) Apartemen Grand Dhika City Jatiwarna,106.9229134,-6.3134792,3275012002,3275,22.0,1,nonPLN,offline mode
10856,(TERRA CHARGE) MTH Square Apartment,106.8692882,-6.2436643,3172060001,3172,22.0,1,nonPLN,offline mode
10857,(TERRA CHARGE) Mediterania Palace Residences,106.8527404,-6.1547693,3173060006,3173,22.0,1,nonPLN,offline mode
10858,(TERRA CHARGE) Trembesi Tower,106.6685163,-6.2947369,3674020019,3674,22.0,2,nonPLN,offline mode
10860,(TERRA CHARGE) Green Central City,106.8156562,-6.1471405,3174060007,3174,22.0,2,nonPLN,offline mode
10861,(TERRA CHARGE) De Paviljoen Bandung,107.620587,-6.9060535,3273200002,3273,22.0,1,nonPLN,offline mode
10862,(TERRA CHARGE) Gedung Baja,106.8309049,-6.1441149,3173070005,3173,22.0,2,nonPLN,offline mode
10863,(TERRA CHARGE) Green Pramuka Square Mall,106.8742473,-6.1886766,3173050001,3173,22.0,2,nonPLN,offline mode
10864,(TERRA CHARGE) Kebayoran Apartment,106.7628362,-6.2389237,3171040003,3171,22.0,2,nonPLN,offline mode
10865,(TERRA CHARGE) Regent Residences Jakarta,106.8159611,-6.2214385,3171100001,3171,22.0,4,nonPLN,offline mode
10866,(TERRA CHARGE) Plaza Kalibata,106.8559928,-6.2572853,3171080002,3171,22.0,2,nonPLN,offline mode
10867,(TERRA CHARGE) Casablanca Mansion,106.8452602,-6.2234254,3171090001,3171,22.0,2,nonPLN,offline mode
10868,(TERRA CHARGE) MTH 27 Office Suites (B1),106.8634721,-6.2436673,3172050007,3172,22.0,2,nonPLN,offline mode
10869,(TERRA CHARGE) MTH 27 Office Suites (GF),106.8634721,-6.2436673,3172050007,3172,22.0,2,nonPLN,offline mode
10870,(TERRA CHARGE) Apartemen Elpis Residences,106.836,-6.14893,3173070002,3173,22.0,2,nonPLN,offline mode
10873,(TERRA CHARGE) The Grand Mansion Menteng by The Crest Collection,106.848,-6.20049,3173020002,3173,22.0,2,nonPLN,offline mode
10874,(TERRA CHARGE) Summitmas Tower,106.804,-6.2267,3171060010,3171,22.0,2,nonPLN,offline mode
10875,(TERRA CHARGE) Aloft South Jakarta,106.816,-6.29175,3171020001,3171,22.0,1,nonPLN,offline mode
10876,(TERRA CHARGE) La Vie All Suites Apartment,106.829,-6.21836,3171100003,3171,22.0,2,nonPLN,offline mode
10877,(TERRA CHARGE) Menara Duta,106.83,-6.20817,3171100007,3171,22.0,2,nonPLN,offline mode
10878,(TERRA CHARGE) Ra Mampang Tower,106.825,-6.24701,3171070003,3171,22.0,1,nonPLN,offline mode
10879,(TERRA CHARGE) HDI Hive Menteng,106.839,-6.19663,3173020004,3173,22.0,1,nonPLN,offline mode
10880,(TERRA CHARGE) Ra Premiere Simatupang,106.802,-6.29367,3171030003,3171,22.0,1,nonPLN,offline mode
10881,(TERRA CHARGE) DoubleTree by Hilton Jakarta Bintaro Jaya,106.729,-6.28615,3674060006,3674,22.0,1,nonPLN,offline mode
10882,(TERRA CHARGE) Ozone Hotel,106.753,-6.11278,3175010002,3175,22.0,2,nonPLN,offline mode
10883,(TERRA CHARGE) Gading Raya Golf Club,106.636,-6.24638,3603051003,3603,22.0,2,nonPLN,offline mode
10884,(TERRA CHARGE) Novotel Bogor Golf Resort and Convention Center,106.839,-6.60444,3201130005,3201,22.0,2,nonPLN,offline mode
10885,(TERRA CHARGE) ibis Styles Bogor Raya,106.837,-6.60459,3201130005,3201,22.0,1,nonPLN,offline mode
10886,(TERRA CHARGE) Navasari Hot Spring and Resort Hotel,107.658,-6.73794,3213021002,3213,22.0,1,nonPLN,offline mode
10888,(TERRA CHARGE) Wisma Asia BCA,106.798,-6.18911,3174030005,3174,22.0,2,nonPLN,offline mode
10891,(VOLTRON) BYD Haka Auto Bintaro,106.70967,-6.273687,3674060005,3674,60.0,1,nonPLN,offline mode
10892,(VOLTRON) BYD Haka Auto Cibubur,106.91307,-6.375712,3275011001,3275,60.0,1,nonPLN,offline mode
10895,(VOLTRON) BYD Haka Auto Warung Buncit,106.830821,-6.27221,3171080001,3171,60.0,1,nonPLN,offline mode
10897,(VOLTRON) Gedung Jaya,106.822708,-6.186571,3173020005,3173,60.0,1,nonPLN,offline mode
10898,(VOLTRON) IDD - Indonesia Design District,106.702714,-6.049122,3603210010,3603,100.0,1,nonPLN,offline mode
10899,(VOLTRON) Living World Alam Sutera - West Lobby,106.652706,-6.245134,3674070005,3674,360.0,3,nonPLN,offline mode
10900,(VOLTRON) McDonald's BSD City,106.661915,-6.280495,3674020021,3674,60.0,1,PLN,available
10901,(VOLTRON) McDonald's BSD Sunburst,106.664433,-6.299227,3674020019,3674,60.0,1,PLN,available
10903,(VOLTRON) McDonald's Simatupang Tanjung Barat,106.848072,-6.303627,3171010006,3171,60.0,1,PLN,available
10906,(VOLTRON) Mega Glodok Kemayoran,106.848937,-6.154631,3173060008,3173,100.0,1,nonPLN,offline mode
10907,(VOLTRON) PNM Tower,106.835471,-6.213394,3171100005,3171,120.0,2,PLN,available
10908,(VOLTRON) Rest Area KM 88 A Ruas Cipularang Bandung,107.427437,-6.602453,3214050014,3214,100.0,2,nonPLN,offline mode
10909,(VOLTRON) Rest Area KM 88 B Ruas Cipularang Bandung,107.424491,-6.602248,3214050014,3214,100.0,2,nonPLN,offline mode
10910,(VOLTRON) Satrio Tower,106.829748,-6.22515,3171100003,3171,100.0,1,nonPLN,offline mode
10911,(VOLTRON) Sudirman Mansion,106.805602,-6.226202,3171060010,3171,22.0,3,nonPLN,offline mode
10912,(VOLTRON) The St. Moritz Apartment (Presidential Tower),106.738794,-6.191003,3174010005,3174,120.0,1,nonPLN,offline mode
10930,(TERRA CHARGE) Denza Pluit Sales Center,106.788194,-6.126135,3175010005,3175,30.0,2,nonPLN,offline mode
10931,(TERRA CHARGE) Citra Landmark Ciracas,106.873753,-6.32971,3172020003,3172,22.0,1,nonPLN,offline mode
10932,(TERRA CHARGE) Delta Spa Gatot Subroto,106.842917,-6.242478,3171090001,3171,22.0,1,nonPLN,offline mode
10933,(TERRA CHARGE) Delta Spa Pondok Indah,106.781512,-6.260385,3171050002,3171,22.0,1,nonPLN,offline mode
10934,(TERRA CHARGE) Vilo Gelato Menteng,106.829115,-6.193648,3173020004,3173,22.0,1,nonPLN,offline mode
10935,"SPKLU Utomo Charge+ Thamrin Nine - UoB Plaza, Jakarta",106.822399,-6.19923,3173010004,3173,22.0,6,nonPLN,offline mode
10936,SPKLU Utomo Charge+ The Energy Building Medco Power,106.808727,-6.225415,3171060010,3171,55.0,2,nonPLN,offline mode
10937,SPKLU Utomo Charge+ Gama Tower,106.833162,-6.220998,3171100003,3171,120.0,2,nonPLN,offline mode
10938,SPKLU Utomo Charge+ Arandra Residence,106.865844,-6.176409,3173050002,3173,30.0,2,nonPLN,offline mode
10939,SPKLU Utomo Charge+ Kompas Gramedia Palmerah Barat,106.794751,-6.207939,3173010001,3173,60.0,2,nonPLN,offline mode
10940,SPKLU Utomo Charge+ Arena Pekan Raya Jakarta,106.846039,-6.128901,3175020002,3175,120.0,1,nonPLN,offline mode
10941,SPKLU Utomo Charge+ Wisma BCA Pondok Indah,106.779281,-6.287222,3171050001,3171,120.0,1,nonPLN,offline mode
10943,SPKLU Utomo Charge+ Aeon Mall Deltamas,107.195422,-6.351938,3216022005,3216,120.0,4,nonPLN,offline mode
10944,SPKLU Utomo Charge+ Binus University at Bekasi,106.999818,-6.219651,3275070006,3275,22.0,2,nonPLN,offline mode
10945,SPKLU Utomo Charge+ Binus University at Alam Sutera,107.000278,-6.219942,3275070006,3275,11.0,2,nonPLN,offline mode
10946,SPKLU Utomo Charge+ Depo Bangunan Serpong,106.649844,-6.240105,3674070005,3674,60.0,4,nonPLN,offline mode
10951,(TERRA CHARGE) Sky Terrace Lagoon Condo,106.713269,-6.150824,3174080002,3174,22.0,1,nonPLN,offline mode
10952,(TERRA CHARGE) Apartemen Palm Mansion,106.705535,-6.132307,3174080003,3174,22.0,1,nonPLN,offline mode
10953,(TERRA CHARGE) Metropolitan Tower,106.784964,-6.293265,3171030003,3171,22.0,2,nonPLN,offline mode
10960,SPKLU Utomo Charge+ CGK Hub,106.683909,-6.116875,3671060005,3671,120.0,4,nonPLN,offline mode
10961,SPKLU Utomo Charge+ Oakwood Premier Cozmo Jakarta,106.825735,-6.227688,3171100002,3171,60.0,3,nonPLN,offline mode
10964,(HVT) ISTIQLAL GLOBAL FUND,106.831326,-6.168914,3173070001,3173,60.0,1,nonPLN,offline mode
10965,(HVT) WYNDHAM CASABLANCA JAKARTA,106.861198,-6.241464,3171090004,3171,60.0,1,nonPLN,offline mode
10966,(HVT) APARTMENT THAMRIN EXECUTIVE,106.8165,-6.195926,3173010004,3173,50.0,1,nonPLN,offline mode
10967,(HVT) GRAHA EL NUSA,106.809628,-6.289562,3171020001,3171,50.0,1,nonPLN,offline mode
10968,(HVT) MADISON PARK,106.788892,-6.178605,3174040002,3174,60.0,1,nonPLN,offline mode
10969,(HVT) GRAND MADISON,106.787282,-6.17652,3174040002,3174,60.0,1,nonPLN,offline mode
10971,(HVT) SEASON CITY,106.795349,-6.152246,3174050006,3174,60.0,1,nonPLN,offline mode
10972,(HVT) WISMA KORINDO,106.844034,-6.243758,3171080004,3171,50.0,1,nonPLN,offline mode
10973,(HVT) KALIBATA CITY,106.852838,-6.256483,3171080002,3171,120.0,1,nonPLN,offline mode
10974,(HVT) SUDIRMAN PARK,106.819141,-6.210373,3173010003,3173,120.0,1,nonPLN,offline mode
10975,(HVT) GADING MEDITERANIA,106.8926,-6.159758,3175050001,3175,60.0,1,nonPLN,offline mode
10977,(Terra Charge) Branz Mega Kuningan,106.821656,-6.228838,3171100002,3171,22.0,1,nonPLN,offline mode
10978,(Terra Charge) SGC Mall,107.145563,-6.256479,3216061007,3216,22.0,1,nonPLN,offline mode
10980,(Terra Charge) Sequis Tower,106.806651,-6.224721,3171060010,3171,22.0,1,nonPLN,offline mode
10981,(Terra Charge) City Park,106.734542,-6.129928,3174070005,3174,22.0,1,nonPLN,offline mode
10982,(Terra Charge) Green Terrace,106.897844,-6.30769,3172030006,3172,22.0,1,nonPLN,offline mode
10983,(Terra Charge) TCC Batavia,106.815834,-6.21084,3173010003,3173,22.0,2,nonPLN,offline mode
10984,(Terra Charge) Hive Harapan Indah,106.974735,-6.171857,3216100001,3216,22.0,2,nonPLN,offline mode
10985,(Terra Charge) Bellezza Permata Hijau,106.784335,-6.223273,3171050006,3171,22.0,3,nonPLN,offline mode
10986,(Terra Charge) Batavia Apartment Tower 1,106.812336,-6.210757,3173010002,3173,22.0,1,nonPLN,offline mode
10987,(Terra Charge) Batavia Apartment Tower 2,106.812371,-6.211048,3173010002,3173,22.0,1,nonPLN,offline mode
10988,(Terra Charge) KEM Tower,106.839987,-6.157556,3173070002,3173,22.0,2,nonPLN,offline mode
10989,(Terra Charge) The Mansion Bougenville,106.8544,-6.147145,3175020002,3175,22.0,2,nonPLN,offline mode
10995,(Terra Charge) JBA Cabang Jakarta - Raya,106.685828,-6.12828,3671060003,3671,22.0,1,nonPLN,offline mode
10998,(Terra Charge) Hamptons Park Apartment,106.794952,-6.281022,3171030003,3171,22.0,2,nonPLN,offline mode
11001,(Terra Charge) DoubleTree by Hilton Jakarta Diponegoro,106.843105,-6.198983,3173020002,3173,22.0,2,nonPLN,offline mode
11002,(Terra Charge) Apartemen Grand Asia Afrika,107.6166,-6.927091,3273070007,3273,22.0,1,nonPLN,offline mode
11003,(Terra Charge) Apartemen Grand Dhika City Bekasi,107.016628,-6.262821,3275041004,3275,22.0,1,nonPLN,offline mode
11004,(Terra Charge) Eaton Muara Karang,106.78331,-6.11788,3175010005,3175,22.0,1,nonPLN,offline mode
11006,(Terra Charge) Mall Ciputra Cibubur,106.928454,-6.382008,3275011002,3275,22.0,2,nonPLN,offline mode
11007,(Terra Charge) Multika Building,106.826902,-6.248541,3171070003,3171,22.0,1,nonPLN,offline mode
11008,(Terra Charge) Apartemen Taman Melati Jatinangor,107.778856,-6.915459,3211010011,3211,22.0,1,nonPLN,offline mode
11009,(Terra Charge) Lagoon Avenue Mall Bekasi,106.978654,-6.250707,3275050003,3275,22.0,1,nonPLN,offline mode
11010,(Terra Charge) Roxy Square,106.799516,-6.166419,3174040003,3174,22.0,2,nonPLN,offline mode
11011,(Terra Charge) Ayam Taliwang Asad,106.798466,-6.277248,3171030005,3171,22.0,1,nonPLN,offline mode
11012,(Terra Charge) Fresh Fields,106.788661,-6.170154,3174040003,3174,22.0,2,nonPLN,offline mode
11013,(Terra Charge) Denza Pluit Sales Center (unregistered),106.788227,-6.126167,3175010005,3175,22.0,2,nonPLN,offline mode
11014,(Terra Charge) Citra Landmark Ciracas (unregistered),106.873755,-6.329677,3172020003,3172,22.0,1,nonPLN,offline mode
11015,(Terra Charge) Delta Spa Gatot Subroto (unregistered),106.842928,-6.242185,3171090001,3171,22.0,1,nonPLN,offline mode
11016,(VOLTRON) Aletra Kemang,106.815764,-6.268965,3171070001,3171,60.0,1,nonPLN,offline mode
11017,(VOLTRON) Aletra Pluit,106.78607,-6.115355,3175010005,3175,60.0,1,nonPLN,offline mode
11018,(VOLTRON) BYD Haka Auto Kebon Jeruk,106.763436,-6.162029,3174020007,3174,60.0,1,nonPLN,offline mode
11019,(VOLTRON) Indosat Ooredoo KPPTI Jakarta Pusat,106.822147,-6.180139,3173080003,3173,60.0,1,nonPLN,offline mode
11020,(VOLTRON) LTI Rental Mobil - Head Office,106.666909,-6.189497,3671020020,3671,80.0,2,nonPLN,offline mode
11021,(VOLTRON) Menara Mandiri Wijaya Kusuma,106.769265,-6.158813,3174040006,3174,100.0,1,nonPLN,offline mode
11022,(VOLTRON) Pizza Hut Ristorante Gatot Subroto,106.839529,-6.241452,3171090001,3171,60.0,1,nonPLN,offline mode
11023,(VOLTRON) SPBU COCO Cikini 31.103.03 Pertamina,106.840689,-6.195944,3173020003,3173,100.0,1,nonPLN,offline mode
11024,SPKLU Utomo Charge+ Thamrinine - UOB Chub Square,106.822399,-6.19923,3173010004,3173,22.0,14,nonPLN,offline mode
11025,SPKLU Utomo Charge+ The Energy Building,106.806209,-6.226275,3171060010,3171,55.0,6,nonPLN,offline mode
11026,SPKLU Utomo Charge+ Pearl Garden Appartmen,106.816132,-6.223098,3171100001,3171,22.0,3,nonPLN,offline mode
11027,SPKLU Utomo Charge+ Arandra,106.865844,-6.176409,3173050002,3173,30.0,2,nonPLN,offline mode
11028,SPKLU Utomo Charge+ KG Property Palmerah,106.794751,-6.207939,3173010001,3173,60.0,2,nonPLN,offline mode
11029,SPKLU Utomo Charge+ Pekan Raya Jakarta,106.841969,-6.150685,3175555888,3175,120.0,1,nonPLN,offline mode
11030,SPKLU Utomo Charge+ BCA Pondok Indah,106.779281,-6.287222,3171050001,3171,120.0,1,nonPLN,offline mode
11031,SPKLU Utomo Charge+ Oakwood,106.825735,-6.227688,3171100002,3171,60.0,3,nonPLN,offline mode
11032,SPKLU Utomo Charge+ Binus JWC,106.796763,-6.228981,3173010001,3173,7.0,1,nonPLN,offline mode
11033,SPKLU Utomo Charge+ Kompas Tower,106.795288,-6.209651,3173010001,3173,7.0,1,nonPLN,offline mode
11034,SPKLU Utomo Charge+ Denza Gatot Subroto,106.82941,-6.238765,3171070005,3171,120.0,1,nonPLN,offline mode
11035,SPKLU Utomo Charge+ Beltway,106.817981,-6.291356,3171020002,3171,120.0,1,nonPLN,offline mode
11036,SPKLU Utomo Charge+ Aeon Deltamas,107.195422,-6.351938,3216022005,3216,120.0,4,nonPLN,offline mode
11037,SPKLU Utomo Charge+ Binus Bekasi,107.000278,-6.219942,3275070006,3275,22.0,2,nonPLN,offline mode
11047,SPKLU Utomo Charge+ BIPO Pasar Minggu,106.844929,-6.267775,3171020006,3171,120.0,1,nonPLN,offline mode
11048,SPKLU Utomo Charge+ BIPO Cimone Tangerang,106.611781,-6.184992,3671031006,3671,120.0,1,nonPLN,offline mode
11050,SPKLU Utomo Charge+ BIPO BYD Serpong,106.653316,-6.259935,3674070003,3674,120.0,1,nonPLN,offline mode
11051,SPKLU Utomo Charge+ Mobility Hub MT Haryono,106.857706,-6.242356,3171090003,3171,480.0,2,nonPLN,offline mode
11052,SPKLU Utomo Charge+ The Manor Suryacipta,107.327705,-6.374084,3215020006,3215,60.0,2,nonPLN,offline mode
11058,SPKLU Utomo Charge+ Menara Kadin ,106.83179,-6.231889,3171100002,3171,7.0,1,nonPLN,offline mode
11059,SPKLU Utomo Charge+ Graha Irama ,106.832074,-6.233391,3171100002,3171,20.0,3,nonPLN,offline mode
11060,SPKLU Utomo Charge+ Simprug Indah (360),106.787191,-6.233769,3171050005,3171,11.0,1,nonPLN,offline mode
11061,SPKLU Utomo Charge+ Paladian,106.896071,-6.151644,3175050001,3175,120.0,1,nonPLN,offline mode
11078,SPKLU Utomo Charge+ Urban Hub,106.795798,-6.213025,3173010001,3173,360.0,1,nonPLN,offline mode
11083,SPKLU El Hotel Jakarta RheCharge,106.893359,-6.152327,3175050001,3175,22.0,1,nonPLN,offline mode
11115,(iGreen+) 107 Soekarno-Hatta,106.682876,-6.116787,3671060005,3671,120.0,8,nonPLN,offline mode
11117,(iGreen+) The Landmark Center,106.823876,-6.203893,3171100008,3171,120.0,4,nonPLN,offline mode
11118,SPKLU El Hotel Bandung RheCharge,107.610497,-6.916651,3273170001,3273,40.0,1,nonPLN,offline mode
11119,(iGreen+) Model J Hotel,106.790209,-6.172705,3174040003,3174,120.0,2,nonPLN,offline mode
11120,(iGreen+) Universitas Esa Unggul,106.779129,-6.185807,3174020005,3174,120.0,2,nonPLN,offline mode
11121,(iGreen+) Tamini Square,106.881839,-6.291621,3172040001,3172,120.0,4,nonPLN,offline mode
11122,(iGreen+) Ratu Plaza,106.800775,-6.22737,3173010001,3173,120.0,4,nonPLN,offline mode
11123,(iGreen+) BYD Rest Area KM 57A,107.36033,-6.368204,3215040007,3215,120.0,3,nonPLN,offline mode
11126,"(iGreen +) Jtown, Jatinegara",106.867765,-6.220607,3172060007,3172,120.0,2,nonPLN,offline mode
11127,(iGreen+) Kavling E3 - Soetta,106.684496,-6.111349,3671060005,3671,120.0,5,nonPLN,offline mode
