id,village,district,regency,regency_code,province,lon,lat,area_km2
3171010003,Ciganjur,Jagakarsa,Kota Jakarta Selatan,3171,DKI Jakarta,106.807476,-6.333444,3.6686
3171010001,Cipedak,Jagakarsa,Kota Jakarta Selatan,3171,DKI Jakarta,106.802238,-6.354596,4.1351
3171010004,Jagakarsa,Jagakarsa,Kota Jakarta Selatan,3171,DKI Jakarta,106.819183,-6.32427,5.1907
3171010005,Lenteng Agung,Jagakarsa,Kota Jakarta Selatan,3171,DKI Jakarta,106.835723,-6.323287,3.1704
3171010002,Srengseng Sawah,Jagakarsa,Kota Jakarta Selatan,3171,DKI Jakarta,106.82581,-6.347772,5.6159
3171010006,Tanjung Barat,Jagakarsa,Kota Jakarta Selatan,3171,DKI Jakarta,106.848302,-6.307127,3.5775
3171020001,Cilandak Timur,Pasar Minggu,Kota Jakarta Selatan,3171,DKI Jakarta,106.811123,-6.29222,3.8624
3171020005,Jati Padang,Pasar Minggu,Kota Jakarta Selatan,3171,DKI Jakarta,106.830026,-6.28902,2.4464
3171020003,Kebagusan,Pasar Minggu,Kota Jakarta Selatan,3171,DKI Jakarta,106.83191,-6.309243,2.7705
3171020004,Pasar Minggu,Pasar Minggu,Kota Jakarta Selatan,3171,DKI Jakarta,106.839391,-6.28981,2.0393
3171020006,Pejaten Barat,Pasar Minggu,Kota Jakarta Selatan,3171,DKI Jakarta,106.839326,-6.272665,3.0486
3171020007,Pejaten Timur,Pasar Minggu,Kota Jakarta Selatan,3171,DKI Jakarta,106.846316,-6.279982,2.9027
3171020002,Ragunan,Pasar Minggu,Kota Jakarta Selatan,3171,DKI Jakarta,106.820909,-6.296891,4.6917
3171030003,Cilandak Barat,Cilandak,Kota Jakarta Selatan,3171,DKI Jakarta,106.7961,-6.29035,5.904
3171030005,Cipete Selatan,Cilandak,Kota Jakarta Selatan,3171,DKI Jakarta,106.805719,-6.2727,2.3917
3171030004,Gandaria Selatan,Cilandak,Kota Jakarta Selatan,3171,DKI Jakarta,106.794419,-6.271535,1.6092
3171030001,Lebak Bulus,Cilandak,Kota Jakarta Selatan,3171,DKI Jakarta,106.780484,-6.302695,4.2258
3171030002,Pondok Labu,Cilandak,Kota Jakarta Selatan,3171,DKI Jakarta,106.795966,-6.309159,3.6856
3171040001,Bintaro,Pesanggrahan,Kota Jakarta Selatan,3171,DKI Jakarta,106.761147,-6.27225,4.6398
3171040002,Pesanggrahan,Pesanggrahan,Kota Jakarta Selatan,3171,DKI Jakarta,106.758073,-6.258861,1.9966
3171040004,Petukangan Selatan,Pesanggrahan,Kota Jakarta Selatan,3171,DKI Jakarta,106.753907,-6.243041,2.1135
3171040005,Petukangan Utara,Pesanggrahan,Kota Jakarta Selatan,3171,DKI Jakarta,106.751215,-6.230106,2.8116
3171040003,Ulujami,Pesanggrahan,Kota Jakarta Selatan,3171,DKI Jakarta,106.763904,-6.236009,2.0268
3171050004,Cipulir,Kebayoran Lama,Kota Jakarta Selatan,3171,DKI Jakarta,106.773348,-6.2383,1.6932
3171050005,Grogol Selatan,Kebayoran Lama,Kota Jakarta Selatan,3171,DKI Jakarta,106.780091,-6.227494,2.981
3171050006,Grogol Utara,Kebayoran Lama,Kota Jakarta Selatan,3171,DKI Jakarta,106.78659,-6.216489,3.2418
3171050002,Kebayoran Lama Selatan,Kebayoran Lama,Kota Jakarta Selatan,3171,DKI Jakarta,106.777714,-6.253981,2.1013
3171050003,Kebayoran Lama Utara,Kebayoran Lama,Kota Jakarta Selatan,3171,DKI Jakarta,106.778324,-6.245456,2.3218
3171050001,Pondok Pinang,Kebayoran Lama,Kota Jakarta Selatan,3171,DKI Jakarta,106.779515,-6.27583,6.8286
3171060002,Cipete Utara,Kebayoran Baru,Kota Jakarta Selatan,3171,DKI Jakarta,106.804074,-6.261095,1.7296
3171060001,Gandaria Utara,Kebayoran Baru,Kota Jakarta Selatan,3171,DKI Jakarta,106.790297,-6.256675,1.5571
3171060007,Gunung,Kebayoran Baru,Kota Jakarta Selatan,3171,DKI Jakarta,106.792299,-6.23542,1.4277
3171060006,Kramat Pela,Kebayoran Baru,Kota Jakarta Selatan,3171,DKI Jakarta,106.792947,-6.245341,1.265
3171060005,Melawai,Kebayoran Baru,Kota Jakarta Selatan,3171,DKI Jakarta,106.802495,-6.24622,1.2863
3171060004,Petogogan,Kebayoran Baru,Kota Jakarta Selatan,3171,DKI Jakarta,106.811229,-6.24427,0.8577
3171060003,Pulo,Kebayoran Baru,Kota Jakarta Selatan,3171,DKI Jakarta,106.804539,-6.252625,1.1135
3171060009,Rawa Barat,Kebayoran Baru,Kota Jakarta Selatan,3171,DKI Jakarta,106.813012,-6.236086,0.655
3171060008,Selong,Kebayoran Baru,Kota Jakarta Selatan,3171,DKI Jakarta,106.804341,-6.234571,1.4392
3171060010,Senayan,Kebayoran Baru,Kota Jakarta Selatan,3171,DKI Jakarta,106.809801,-6.22647,1.4386
3171070001,Bangka,Mampang Prapatan,Kota Jakarta Selatan,3171,DKI Jakarta,106.819299,-6.264085,3.1799
3171070005,Kuningan Barat,Mampang Prapatan,Kota Jakarta Selatan,3171,DKI Jakarta,106.81985,-6.233522,0.9818
3171070004,Mampang Prapatan,Mampang Prapatan,Kota Jakarta Selatan,3171,DKI Jakarta,106.829298,-6.242803,0.7857
3171070002,Pela Mampang,Mampang Prapatan,Kota Jakarta Selatan,3171,DKI Jakarta,106.817153,-6.246904,1.9667
3171070003,Tegal Parang,Mampang Prapatan,Kota Jakarta Selatan,3171,DKI Jakarta,106.82949,-6.249082,1.0493
3171080006,Cikoko,Pancoran,Kota Jakarta Selatan,3171,DKI Jakarta,106.854407,-6.245256,0.6965
3171080003,Duren Tiga,Pancoran,Kota Jakarta Selatan,3171,DKI Jakarta,106.833892,-6.25611,2.0
3171080001,Kalibata,Pancoran,Kota Jakarta Selatan,3171,DKI Jakarta,106.834896,-6.264696,2.3155
3171080004,Pancoran,Pancoran,Kota Jakarta Selatan,3171,DKI Jakarta,106.841064,-6.247224,1.412
3171080005,Pengadegan,Pancoran,Kota Jakarta Selatan,3171,DKI Jakarta,106.854724,-6.250114,0.9486
3171080002,Rawajati,Pancoran,Kota Jakarta Selatan,3171,DKI Jakarta,106.854769,-6.25878,1.4936
3171090005,Bukit Duri,Tebet,Kota Jakarta Selatan,3171,DKI Jakarta,106.856509,-6.220377,1.0831
3171090004,Kebon Baru,Tebet,Kota Jakarta Selatan,3171,DKI Jakarta,106.862369,-6.234125,1.2741
3171090007,Manggarai,Tebet,Kota Jakarta Selatan,3171,DKI Jakarta,106.851614,-6.21337,1.0746
3171090006,Manggarai Selatan,Tebet,Kota Jakarta Selatan,3171,DKI Jakarta,106.849025,-6.219567,0.5654
3171090001,Menteng Dalam,Tebet,Kota Jakarta Selatan,3171,DKI Jakarta,106.840939,-6.232,2.525
3171090002,Tebet Barat,Tebet,Kota Jakarta Selatan,3171,DKI Jakarta,106.848398,-6.2337,1.641
3171090003,Tebet Timur,Tebet,Kota Jakarta Selatan,3171,DKI Jakarta,106.855501,-6.233823,1.33
3171100007,Guntur,Setia Budi,Kota Jakarta Selatan,3171,DKI Jakarta,106.833844,-6.207275,0.5537
3171100004,Karet,Setia Budi,Kota Jakarta Selatan,3171,DKI Jakarta,106.82709,-6.21296,0.9323
3171100003,Karet Kuningan,Setia Budi,Kota Jakarta Selatan,3171,DKI Jakarta,106.827566,-6.21949,1.7637
3171100001,Karet Semanggi,Setia Budi,Kota Jakarta Selatan,3171,DKI Jakarta,106.817865,-6.222901,0.9114
3171100002,Kuningan Timur,Setia Budi,Kota Jakarta Selatan,3171,DKI Jakarta,106.828967,-6.232545,2.2107
3171100005,Menteng Atas,Setia Budi,Kota Jakarta Selatan,3171,DKI Jakarta,106.840013,-6.216149,1.0601
3171100006,Pasar Manggis,Setia Budi,Kota Jakarta Selatan,3171,DKI Jakarta,106.842299,-6.211062,0.7843
3171100008,Setia Budi,Setia Budi,Kota Jakarta Selatan,3171,DKI Jakarta,106.825792,-6.207232,0.6761
3172010003,Baru,Pasar Rebo,Kota Jakarta Timur,3172,DKI Jakarta,106.846709,-6.32329,1.892
3172010004,Cijantung,Pasar Rebo,Kota Jakarta Timur,3172,DKI Jakarta,106.857909,-6.322055,2.6219
3172010005,Gedong,Pasar Rebo,Kota Jakarta Timur,3172,DKI Jakarta,106.860709,-6.303169,2.5306
3172010002,Kalisari,Pasar Rebo,Kota Jakarta Timur,3172,DKI Jakarta,106.857351,-6.33638,2.9915
3172010001,Pekayon,Pasar Rebo,Kota Jakarta Timur,3172,DKI Jakarta,106.863844,-6.344271,3.1191
3172020001,Cibubur,Ciracas,Kota Jakarta Timur,3172,DKI Jakarta,106.88286,-6.355342,4.8065
3172020003,Ciracas,Ciracas,Kota Jakarta Timur,3172,DKI Jakarta,106.875317,-6.32622,4.0055
3172020002,Kelapa Dua Wetan,Ciracas,Kota Jakarta Timur,3172,DKI Jakarta,106.884046,-6.34005,3.3927
3172020005,Rambutan,Ciracas,Kota Jakarta Timur,3172,DKI Jakarta,106.872004,-6.30321,2.4756
3172020004,Susukan,Ciracas,Kota Jakarta Timur,3172,DKI Jakarta,106.868692,-6.313985,2.0775
3172030006,Bambu Apus,Cipayung,Kota Jakarta Timur,3172,DKI Jakarta,106.900052,-6.313796,3.3728
3172030007,Ceger,Cipayung,Kota Jakarta Timur,3172,DKI Jakarta,106.889746,-6.310618,3.1969
3172030002,Cilangkap,Cipayung,Kota Jakarta Timur,3172,DKI Jakarta,106.907919,-6.33374,5.5384
3172030004,Cipayung,Cipayung,Kota Jakarta Timur,3172,DKI Jakarta,106.893717,-6.33019,2.4901
3172030008,Lubang Buaya,Cipayung,Kota Jakarta Timur,3172,DKI Jakarta,106.899839,-6.293624,3.6197
3172030003,Munjul,Cipayung,Kota Jakarta Timur,3172,DKI Jakarta,106.895706,-6.34903,1.9196
3172030001,Pondok Ranggon,Cipayung,Kota Jakarta Timur,3172,DKI Jakarta,106.909474,-6.35301,4.973
3172030005,Setu,Cipayung,Kota Jakarta Timur,3172,DKI Jakarta,106.914255,-6.313674,2.8566
3172040005,Cipinang Melayu,Makasar,Kota Jakarta Timur,3172,DKI Jakarta,106.911261,-6.249757,2.551
3172040004,Halim Perdana Kusumah,Makasar,Kota Jakarta Timur,3172,DKI Jakarta,106.894006,-6.26568,12.933
3172040003,Kebon Pala,Makasar,Kota Jakarta Timur,3172,DKI Jakarta,106.876836,-6.253555,2.1616
3172040002,Makasar,Makasar,Kota Jakarta Timur,3172,DKI Jakarta,106.877291,-6.2749,1.4141
3172040001,Pinang Ranti,Makasar,Kota Jakarta Timur,3172,DKI Jakarta,106.882265,-6.28727,2.3739
3172050001,Bale Kambang,Kramat Jati,Kota Jakarta Timur,3172,DKI Jakarta,106.852007,-6.281086,1.6972
3172050002,Batu Ampar,Kramat Jati,Kota Jakarta Timur,3172,DKI Jakarta,106.861596,-6.280398,2.4912
3172050007,Cawang,Kramat Jati,Kota Jakarta Timur,3172,DKI Jakarta,106.868274,-6.250766,1.9868
3172050006,Cililitan,Kramat Jati,Kota Jakarta Timur,3172,DKI Jakarta,106.866213,-6.262308,1.7648
3172050004,Dukuh,Kramat Jati,Kota Jakarta Timur,3172,DKI Jakarta,106.878166,-6.295535,1.7021
3172050003,Kampung Tengah,Kramat Jati,Kota Jakarta Timur,3172,DKI Jakarta,106.865175,-6.28945,1.9507
3172050005,Kramat Jati,Kramat Jati,Kota Jakarta Timur,3172,DKI Jakarta,106.870245,-6.27538,1.5462
3172060007,Bali Mester,Jatinegara,Kota Jakarta Timur,3172,DKI Jakarta,106.866508,-6.2193,0.6781
3172060001,Bidara Cina,Jatinegara,Kota Jakarta Timur,3172,DKI Jakarta,106.868081,-6.234484,1.2658
3172060003,Cipinang Besar Selatan,Jatinegara,Kota Jakarta Timur,3172,DKI Jakarta,106.879351,-6.228676,1.7344
3172060005,Cipinang Besar Utara,Jatinegara,Kota Jakarta Timur,3172,DKI Jakarta,106.878155,-6.220205,1.1001
3172060002,Cipinang Cempedak,Jatinegara,Kota Jakarta Timur,3172,DKI Jakarta,106.87369,-6.236405,1.6781
3172060004,Cipinang Muara,Jatinegara,Kota Jakarta Timur,3172,DKI Jakarta,106.88837,-6.226515,2.659
3172060008,Kampung Melayu,Jatinegara,Kota Jakarta Timur,3172,DKI Jakarta,106.863019,-6.218256,0.4689
3172060006,Rawa Bunga,Jatinegara,Kota Jakarta Timur,3172,DKI Jakarta,106.871418,-6.21928,0.8382
3172070002,Duren Sawit,Duren Sawit,Kota Jakarta Timur,3172,DKI Jakarta,106.917227,-6.23441,4.5276
3172070007,Klender,Duren Sawit,Kota Jakarta Timur,3172,DKI Jakarta,106.910299,-6.219305,2.9895
3172070005,Malaka Jaya,Duren Sawit,Kota Jakarta Timur,3172,DKI Jakarta,106.934971,-6.224685,1.0539
3172070006,Malaka Sari,Duren Sawit,Kota Jakarta Timur,3172,DKI Jakarta,106.928312,-6.22419,1.2732
3172070001,Pondok Bambu,Duren Sawit,Kota Jakarta Timur,3172,DKI Jakarta,106.9017,-6.23521,4.2186
3172070003,Pondok Kelapa,Duren Sawit,Kota Jakarta Timur,3172,DKI Jakarta,106.932977,-6.24066,5.574
3172070004,Pondok Kopi,Duren Sawit,Kota Jakarta Timur,3172,DKI Jakarta,106.941472,-6.227385,2.2935
3172080006,Cakung Barat,Cakung,Kota Jakarta Timur,3172,DKI Jakarta,106.934375,-6.172365,6.0715
3172080005,Cakung Timur,Cakung,Kota Jakarta Timur,3172,DKI Jakarta,106.953027,-6.17399,8.9022
3172080001,Jatinegara,Cakung,Kota Jakarta Timur,3172,DKI Jakarta,106.915828,-6.203485,6.6083
3172080002,Penggilingan,Cakung,Kota Jakarta Timur,3172,DKI Jakarta,106.933422,-6.202066,4.4786
3172080003,Pulo Gebang,Cakung,Kota Jakarta Timur,3172,DKI Jakarta,106.952979,-6.205756,6.809
3172080007,Rawa Terate,Cakung,Kota Jakarta Timur,3172,DKI Jakarta,106.924847,-6.178593,4.1634
3172080004,Ujung Menteng,Cakung,Kota Jakarta Timur,3172,DKI Jakarta,106.965214,-6.184585,3.9814
3172090002,Cipinang,Pulo Gadung,Kota Jakarta Timur,3172,DKI Jakarta,106.89085,-6.207975,1.5289
3172090004,Jati,Pulo Gadung,Kota Jakarta Timur,3172,DKI Jakarta,106.896773,-6.194617,2.0755
3172090003,Jatinegara Kaum,Pulo Gadung,Kota Jakarta Timur,3172,DKI Jakarta,106.902955,-6.199945,1.304
3172090006,Kayu Putih,Pulo Gadung,Kota Jakarta Timur,3172,DKI Jakarta,106.884358,-6.17825,3.871
3172090001,Pisangan Timur,Pulo Gadung,Kota Jakarta Timur,3172,DKI Jakarta,106.879354,-6.208635,1.8643
3172090007,Pulo Gadung,Pulo Gadung,Kota Jakarta Timur,3172,DKI Jakarta,106.900652,-6.182316,1.7878
3172090005,Rawamangun,Pulo Gadung,Kota Jakarta Timur,3172,DKI Jakarta,106.882748,-6.195915,2.6401
3172100004,Kayu Manis,Matraman,Kota Jakarta Timur,3172,DKI Jakarta,106.861935,-6.201855,0.5486
3172100001,Kebon Manggis,Matraman,Kota Jakarta Timur,3172,DKI Jakarta,106.856353,-6.206336,0.7741
3172100002,Pal Meriem,Matraman,Kota Jakarta Timur,3172,DKI Jakarta,106.859197,-6.203995,0.6531
3172100003,Pisangan Baru,Matraman,Kota Jakarta Timur,3172,DKI Jakarta,106.868863,-6.21175,0.7236
3172100005,Utan Kayu Selatan,Matraman,Kota Jakarta Timur,3172,DKI Jakarta,106.868754,-6.20372,1.1406
3172100006,Utan Kayu Utara,Matraman,Kota Jakarta Timur,3172,DKI Jakarta,106.867732,-6.19627,1.0228
3173010002,Bendungan Hilir,Tanah Abang,Kota Jakarta Pusat,3173,DKI Jakarta,106.808408,-6.208813,1.5935
3173010001,Gelora,Tanah Abang,Kota Jakarta Pusat,3173,DKI Jakarta,106.802917,-6.215432,3.3577
3173010007,Kampung Bali,Tanah Abang,Kota Jakarta Pusat,3173,DKI Jakarta,106.815997,-6.185297,0.6934
3173010003,Karet Tengsin,Tanah Abang,Kota Jakarta Pusat,3173,DKI Jakarta,106.81688,-6.207645,1.5378
3173010006,Kebon Kacang,Tanah Abang,Kota Jakarta Pusat,3173,DKI Jakarta,106.815758,-6.19056,0.7386
3173010004,Kebon Melati,Tanah Abang,Kota Jakarta Pusat,3173,DKI Jakarta,106.815832,-6.196845,1.2577
3173010005,Petamburan,Tanah Abang,Kota Jakarta Pusat,3173,DKI Jakarta,106.807185,-6.196237,0.8881
3173020003,Cikini,Menteng,Kota Jakarta Pusat,3173,DKI Jakarta,106.840791,-6.19209,0.7934
3173020004,Gondangdia,Menteng,Kota Jakarta Pusat,3173,DKI Jakarta,106.828814,-6.19238,1.4841
3173020005,Kebon Sirih,Menteng,Kota Jakarta Pusat,3173,DKI Jakarta,106.829048,-6.18492,0.8683
3173020001,Menteng,Menteng,Kota Jakarta Pusat,3173,DKI Jakarta,106.833137,-6.201305,2.4332
3173020002,Pegangsaan,Menteng,Kota Jakarta Pusat,3173,DKI Jakarta,106.847317,-6.201668,0.961
3173030006,Bungur,Senen,Kota Jakarta Pusat,3173,DKI Jakarta,106.847832,-6.171733,0.6647
3173030001,Kenari,Senen,Kota Jakarta Pusat,3173,DKI Jakarta,106.846444,-6.19327,0.8999
3173030003,Kramat,Senen,Kota Jakarta Pusat,3173,DKI Jakarta,106.845711,-6.1829,0.7101
3173030004,Kwitang,Senen,Kota Jakarta Pusat,3173,DKI Jakarta,106.839837,-6.182885,0.452
3173030002,Paseban,Senen,Kota Jakarta Pusat,3173,DKI Jakarta,106.852353,-6.19305,0.8422
3173030005,Senen,Senen,Kota Jakarta Pusat,3173,DKI Jakarta,106.840944,-6.175145,0.8109
3173040004,Galur,Johar Baru,Kota Jakarta Pusat,3173,DKI Jakarta,106.855067,-6.176089,0.2844
3173040001,Johar Baru,Johar Baru,Kota Jakarta Pusat,3173,DKI Jakarta,106.857259,-6.186405,1.1776
3173040002,Kampung Rawa,Johar Baru,Kota Jakarta Pusat,3173,DKI Jakarta,106.855541,-6.179555,0.2886
3173040003,Tanah Tinggi,Johar Baru,Kota Jakarta Pusat,3173,DKI Jakarta,106.849275,-6.180883,0.628
3173050003,Cempaka Putih Barat,Cempaka Putih,Kota Jakarta Pusat,3173,DKI Jakarta,106.862914,-6.179555,1.2587
3173050002,Cempaka Putih Timur,Cempaka Putih,Kota Jakarta Pusat,3173,DKI Jakarta,106.870273,-6.177322,2.188
3173050001,Rawa Sari,Cempaka Putih,Kota Jakarta Pusat,3173,DKI Jakarta,106.866325,-6.190778,1.2364
3173060002,Cempaka Baru,Kemayoran,Kota Jakarta Pusat,3173,DKI Jakarta,106.86525,-6.16791,0.9693
3173060008,Gunung Sahari Selatan,Kemayoran,Kota Jakarta Pusat,3173,DKI Jakarta,106.840269,-6.162409,1.5625
3173060001,Harapan Mulya,Kemayoran,Kota Jakarta Pusat,3173,DKI Jakarta,106.855737,-6.170015,0.531
3173060006,Kebon Kosong,Kemayoran,Kota Jakarta Pusat,3173,DKI Jakarta,106.853556,-6.15956,1.0018
3173060007,Kemayoran,Kemayoran,Kota Jakarta Pusat,3173,DKI Jakarta,106.844659,-6.164775,0.596
3173060004,Serdang,Kemayoran,Kota Jakarta Pusat,3173,DKI Jakarta,106.860936,-6.15896,0.8186
3173060003,Sumur Batu,Kemayoran,Kota Jakarta Pusat,3173,DKI Jakarta,106.869931,-6.1629,1.1508
3173060005,Utan Panjang,Kemayoran,Kota Jakarta Pusat,3173,DKI Jakarta,106.855105,-6.16468,0.5416
3173070002,Gunung Sahari Utara,Sawah Besar,Kota Jakarta Pusat,3173,DKI Jakarta,106.838141,-6.150512,1.3087
3173070004,Karang Anyar,Sawah Besar,Kota Jakarta Pusat,3173,DKI Jakarta,106.829278,-6.153916,0.4634
3173070003,Kartini,Sawah Besar,Kota Jakarta Pusat,3173,DKI Jakarta,106.833324,-6.153183,0.5654
3173070005,Mangga Dua Selatan,Sawah Besar,Kota Jakarta Pusat,3173,DKI Jakarta,106.8284,-6.142292,1.3
3173070001,Pasar Baru,Sawah Besar,Kota Jakarta Pusat,3173,DKI Jakarta,106.834635,-6.166315,1.7503
3173080001,Cideng,Gambir,Kota Jakarta Pusat,3173,DKI Jakarta,106.809257,-6.175239,1.2605
3173080006,Duri Pulo,Gambir,Kota Jakarta Pusat,3173,DKI Jakarta,106.804564,-6.162197,0.6886
3173080003,Gambir,Gambir,Kota Jakarta Pusat,3173,DKI Jakarta,106.826384,-6.175225,2.5417
3173080004,Kebon Kelapa,Gambir,Kota Jakarta Pusat,3173,DKI Jakarta,106.824623,-6.163765,0.7901
3173080002,Petojo Selatan,Gambir,Kota Jakarta Pusat,3173,DKI Jakarta,106.816349,-6.17452,1.1422
3173080005,Petojo Utara,Gambir,Kota Jakarta Pusat,3173,DKI Jakarta,106.81537,-6.165302,1.1337
3174010001,Joglo,Kembangan,Kota Jakarta Barat,3174,DKI Jakarta,106.738194,-6.218075,4.5038
3174010005,Kembangan Selatan,Kembangan,Kota Jakarta Barat,3174,DKI Jakarta,106.745812,-6.183133,4.4371
3174010006,Kembangan Utara,Kembangan,Kota Jakarta Barat,3174,DKI Jakarta,106.742258,-6.171755,4.2177
3174010003,Meruya Selatan,Kembangan,Kota Jakarta Barat,3174,DKI Jakarta,106.73406,-6.206851,3.3261
3174010004,Meruya Utara,Kembangan,Kota Jakarta Barat,3174,DKI Jakarta,106.732943,-6.198313,4.1339
3174010002,Srengseng,Kembangan,Kota Jakarta Barat,3174,DKI Jakarta,106.754961,-6.209819,4.6451
3174020005,Duri Kepa,Kebon Jeruk,Kota Jakarta Barat,3174,DKI Jakarta,106.773641,-6.176328,3.7157
3174020004,Kebon Jeruk,Kebon Jeruk,Kota Jakarta Barat,3174,DKI Jakarta,106.770145,-6.19399,3.7019
3174020006,Kedoya Selatan,Kebon Jeruk,Kota Jakarta Barat,3174,DKI Jakarta,106.759978,-6.182208,2.5949
3174020007,Kedoya Utara,Kebon Jeruk,Kota Jakarta Barat,3174,DKI Jakarta,106.760186,-6.16778,3.0243
3174020003,Kelapa Dua,Kebon Jeruk,Kota Jakarta Barat,3174,DKI Jakarta,106.768487,-6.209498,1.4251
3174020001,Sukabumi Selatan,Kebon Jeruk,Kota Jakarta Barat,3174,DKI Jakarta,106.772043,-6.221807,1.6726
3174020002,Sukabumi Utara,Kebon Jeruk,Kota Jakarta Barat,3174,DKI Jakarta,106.777403,-6.209279,1.5972
3174030006,Jati Pulo,Palmerah,Kota Jakarta Barat,3174,DKI Jakarta,106.803665,-6.178095,0.8378
3174030003,Kemanggisan,Palmerah,Kota Jakarta Barat,3174,DKI Jakarta,106.789962,-6.1895,2.1148
3174030005,Kota Bambu Selatan,Palmerah,Kota Jakarta Barat,3174,DKI Jakarta,106.802426,-6.186795,0.5883
3174030004,Kota Bambu Utara,Palmerah,Kota Jakarta Barat,3174,DKI Jakarta,106.803506,-6.183466,0.6688
3174030001,Palmerah,Palmerah,Kota Jakarta Barat,3174,DKI Jakarta,106.790758,-6.20082,2.2088
3174030002,Slipi,Palmerah,Kota Jakarta Barat,3174,DKI Jakarta,106.801252,-6.195325,0.9848
3174040004,Grogol,Grogol Petamburan,Kota Jakarta Barat,3174,DKI Jakarta,106.79428,-6.159615,1.0689
3174040005,Jelambar,Grogol Petamburan,Kota Jakarta Barat,3174,DKI Jakarta,106.785413,-6.15964,1.5377
3174040007,Jelambar Baru,Grogol Petamburan,Kota Jakarta Barat,3174,DKI Jakarta,106.786646,-6.148875,1.4919
3174040002,Tanjung Duren Selatan,Grogol Petamburan,Kota Jakarta Barat,3174,DKI Jakarta,106.7897,-6.178952,1.365
3174040001,Tanjung Duren Utara,Grogol Petamburan,Kota Jakarta Barat,3174,DKI Jakarta,106.781626,-6.17518,1.3105
3174040003,Tomang,Grogol Petamburan,Kota Jakarta Barat,3174,DKI Jakarta,106.797298,-6.172807,1.8231
3174040006,Wijaya Kesuma,Grogol Petamburan,Kota Jakarta Barat,3174,DKI Jakarta,106.77517,-6.15437,2.2906
3174050007,Angke,Tambora,Kota Jakarta Barat,3174,DKI Jakarta,106.795758,-6.14572,0.7911
3174050002,Duri Selatan,Tambora,Kota Jakarta Barat,3174,DKI Jakarta,106.804844,-6.15919,0.3844
3174050004,Duri Utara,Tambora,Kota Jakarta Barat,3174,DKI Jakarta,106.804604,-6.154255,0.3704
3174050006,Jembatan Besi,Tambora,Kota Jakarta Barat,3174,DKI Jakarta,106.797653,-6.15192,0.5257
3174050008,Jembatan Lima,Tambora,Kota Jakarta Barat,3174,DKI Jakarta,106.803771,-6.145175,0.4914
3174050001,Kalianyar,Tambora,Kota Jakarta Barat,3174,DKI Jakarta,106.79909,-6.158086,0.3131
3174050005,Krendang,Tambora,Kota Jakarta Barat,3174,DKI Jakarta,106.804309,-6.150905,0.3303
3174050011,Pekojan,Tambora,Kota Jakarta Barat,3174,DKI Jakarta,106.803989,-6.1369,0.7837
3174050010,Roa Malaka,Tambora,Kota Jakarta Barat,3174,DKI Jakarta,106.809644,-6.13627,0.5328
3174050009,Tambora,Tambora,Kota Jakarta Barat,3174,DKI Jakarta,106.808794,-6.144735,0.2908
3174050003,Tanah Sereal,Tambora,Kota Jakarta Barat,3174,DKI Jakarta,106.809476,-6.154295,0.5785
3174060007,Glodok,Taman Sari,Kota Jakarta Barat,3174,DKI Jakarta,106.813038,-6.144725,0.3676
3174060006,Keagungan,Taman Sari,Kota Jakarta Barat,3174,DKI Jakarta,106.814558,-6.1513,0.3552
3174060001,Krukut,Taman Sari,Kota Jakarta Barat,3174,DKI Jakarta,106.814644,-6.15694,0.6085
3174060005,Mangga Besar,Taman Sari,Kota Jakarta Barat,3174,DKI Jakarta,106.818064,-6.14491,0.5497
3174060002,Maphar,Taman Sari,Kota Jakarta Barat,3174,DKI Jakarta,106.820259,-6.15588,0.7179
3174060008,Pinangsia,Taman Sari,Kota Jakarta Barat,3174,DKI Jakarta,106.814304,-6.136448,0.988
3174060003,Taman Sari,Taman Sari,Kota Jakarta Barat,3174,DKI Jakarta,106.824308,-6.153255,0.6014
3174060004,Tangki,Taman Sari,Kota Jakarta Barat,3174,DKI Jakarta,106.823194,-6.145935,0.3909
3174070006,Cengkareng Barat,Cengkareng,Kota Jakarta Barat,3174,DKI Jakarta,106.723307,-6.138849,4.0154
3174070005,Cengkareng Timur,Cengkareng,Kota Jakarta Barat,3174,DKI Jakarta,106.736713,-6.138607,4.5393
3174070001,Duri Kosambi,Cengkareng,Kota Jakarta Barat,3174,DKI Jakarta,106.720149,-6.171524,5.9948
3174070004,Kapuk,Cengkareng,Kota Jakarta Barat,3174,DKI Jakarta,106.753931,-6.139775,5.2684
3174070003,Kedaung Kali Angke,Cengkareng,Kota Jakarta Barat,3174,DKI Jakarta,106.760915,-6.150565,2.967
3174070002,Rawa Buaya,Cengkareng,Kota Jakarta Barat,3174,DKI Jakarta,106.73685,-6.165395,3.7317
3174080002,Kalideres,Kali Deres,Kota Jakarta Barat,3174,DKI Jakarta,106.702826,-6.148832,5.098
3174080005,Kamal,Kali Deres,Kota Jakarta Barat,3174,DKI Jakarta,106.699593,-6.103005,3.1595
3174080003,Pegadungan,Kali Deres,Kota Jakarta Barat,3174,DKI Jakarta,106.701377,-6.131512,7.5771
3174080888,Prepedan,Kali Deres,Kota Jakarta Barat,3174,DKI Jakarta,106.698596,-6.114918,1.8045
3174080001,Semanan,Kali Deres,Kota Jakarta Barat,3174,DKI Jakarta,106.702698,-6.166095,5.2105
3174080004,Tegal Alur,Kali Deres,Kota Jakarta Barat,3174,DKI Jakarta,106.717076,-6.11532,5.5694
3175010001,Kamal Muara,Penjaringan,Kota Jakarta Utara,3175,DKI Jakarta,106.73725,-6.111901,11.3938
3175010002,Kapuk Muara,Penjaringan,Kota Jakarta Utara,3175,DKI Jakarta,106.762845,-6.120725,9.1852
3175010003,Pejagalan,Penjaringan,Kota Jakarta Utara,3175,DKI Jakarta,106.784859,-6.133488,3.7035
3175010004,Penjaringan,Penjaringan,Kota Jakarta Utara,3175,DKI Jakarta,106.805027,-6.115944,4.594
3175010005,Pluit,Penjaringan,Kota Jakarta Utara,3175,DKI Jakarta,106.791078,-6.109611,7.6487
3175020003,Ancol,Pademangan,Kota Jakarta Utara,3175,DKI Jakarta,106.824189,-6.122977,8.1186
3175020001,Pademangan Barat,Pademangan,Kota Jakarta Utara,3175,DKI Jakarta,106.836192,-6.136886,1.5449
3175020002,Pademangan Timur,Pademangan,Kota Jakarta Utara,3175,DKI Jakarta,106.845896,-6.139924,2.8919
3175030006,Kebon Bawang,Tanjung Priok,Kota Jakarta Utara,3175,DKI Jakarta,106.888846,-6.119632,1.7116
3175030003,Papango,Tanjung Priok,Kota Jakarta Utara,3175,DKI Jakarta,106.871892,-6.129781,3.0427
3175030005,Sungai Bambu,Tanjung Priok,Kota Jakarta Utara,3175,DKI Jakarta,106.885334,-6.126757,2.3596
3175030001,Sunter Agung,Tanjung Priok,Kota Jakarta Utara,3175,DKI Jakarta,106.862203,-6.137123,5.2869
3175030002,Sunter Jaya,Tanjung Priok,Kota Jakarta Utara,3175,DKI Jakarta,106.874719,-6.151184,5.1821
3175030007,Tanjung Priuk,Tanjung Priok,Kota Jakarta Utara,3175,DKI Jakarta,106.88585,-6.108226,3.9005
3175030004,Warakas,Tanjung Priok,Kota Jakarta Utara,3175,DKI Jakarta,106.876855,-6.12059,1.0773
3175040006,Koja,Koja,Kota Jakarta Utara,3175,DKI Jakarta,106.898964,-6.105885,2.6087
3175040004,Lagoa,Koja,Kota Jakarta Utara,3175,DKI Jakarta,106.910042,-6.113747,1.5836
3175040001,Rawabadak Selatan,Koja,Kota Jakarta Utara,3175,DKI Jakarta,106.898261,-6.13151,1.8261
3175040005,Rawabadak Utara,Koja,Kota Jakarta Utara,3175,DKI Jakarta,106.898393,-6.122573,1.2802
3175040002,Tugu Selatan,Koja,Kota Jakarta Utara,3175,DKI Jakarta,106.910536,-6.136278,1.8693
3175040003,Tugu Utara,Koja,Kota Jakarta Utara,3175,DKI Jakarta,106.91236,-6.124897,2.3314
3175050001,Kelapa Gading Barat,Kelapa Gading,Kota Jakarta Utara,3175,DKI Jakarta,106.89535,-6.15562,7.4675
3175050002,Kelapa Gading Timur,Kelapa Gading,Kota Jakarta Utara,3175,DKI Jakarta,106.903656,-6.166854,3.1719
3175050003,Pegangsaan Dua,Kelapa Gading,Kota Jakarta Utara,3175,DKI Jakarta,106.915295,-6.160213,5.5546
3175060004,Cilincing,Cilincing,Kota Jakarta Utara,3175,DKI Jakarta,106.940906,-6.114832,7.0426
3175060007,Kali Baru,Cilincing,Kota Jakarta Utara,3175,DKI Jakarta,106.924489,-6.10264,2.5124
3175060003,Marunda,Cilincing,Kota Jakarta Utara,3175,DKI Jakarta,106.95892,-6.111631,7.5735
3175060002,Rorotan,Cilincing,Kota Jakarta Utara,3175,DKI Jakarta,106.95625,-6.145197,10.5539
3175060006,Semper Barat,Cilincing,Kota Jakarta Utara,3175,DKI Jakarta,106.923951,-6.123076,3.283
3175060005,Semper Timur,Cilincing,Kota Jakarta Utara,3175,DKI Jakarta,106.933368,-6.121044,4.2684
3175060001,Suka Pura,Cilincing,Kota Jakarta Utara,3175,DKI Jakarta,106.928752,-6.149472,5.8436
3175555888,Danau Sunter Dll,Danau Sunter Dll,Kota Jakarta Utara,3175,DKI Jakarta,106.84738,-6.149502,0.5034
3175888888,Danau Sunter,Danau Sunter,Kota Jakarta Utara,3175,DKI Jakarta,106.858124,-6.151365,0.1481
3201010002,Bantar Karet,Nanggung,Bogor,3201,Jawa Barat,106.571012,-6.679519,37.6889
3201010011,Batu Tulis,Nanggung,Bogor,3201,Jawa Barat,106.55071,-6.566572,3.0975
3201010003,Cisarua,Nanggung,Bogor,3201,Jawa Barat,106.542239,-6.656479,18.711
3201010004,Curug Bitung,Nanggung,Bogor,3201,Jawa Barat,106.517276,-6.638462,11.2904
3201010008,Hambaro,Nanggung,Bogor,3201,Jawa Barat,106.560952,-6.58583,3.2701
3201010009,Kalong Liud,Nanggung,Bogor,3201,Jawa Barat,106.551615,-6.580028,3.5553
3201010001,Malasari,Nanggung,Bogor,3201,Jawa Barat,106.519995,-6.710955,61.4727
3201010005,Nanggung,Nanggung,Bogor,3201,Jawa Barat,106.524324,-6.616215,6.7936
3201010006,Pangkal Jaya,Nanggung,Bogor,3201,Jawa Barat,106.549428,-6.602201,3.8248
3201010010,Parakan Muncang,Nanggung,Bogor,3201,Jawa Barat,106.538544,-6.589075,3.9343
3201010007,Sukaluyu,Nanggung,Bogor,3201,Jawa Barat,106.568608,-6.594583,4.3828
3201020006,Barengkok,Leuwiliang,Bogor,3201,Jawa Barat,106.636236,-6.597609,4.0934
3201020016,Cibeber I,Leuwiliang,Bogor,3201,Jawa Barat,106.619566,-6.572795,4.5842
3201020007,Cibeber II,Leuwiliang,Bogor,3201,Jawa Barat,106.616225,-6.597585,6.905
3201020005,Karacak,Leuwiliang,Bogor,3201,Jawa Barat,106.624826,-6.624553,9.4908
3201020019,Karehkel,Leuwiliang,Bogor,3201,Jawa Barat,106.638138,-6.549035,5.0699
3201020003,Karyasari,Leuwiliang,Bogor,3201,Jawa Barat,106.619623,-6.639013,6.2126
3201020018,Leuwiliang,Leuwiliang,Bogor,3201,Jawa Barat,106.632255,-6.567931,2.5783
3201020017,Leuwimekar,Leuwiliang,Bogor,3201,Jawa Barat,106.633034,-6.586935,2.5726
3201020004,Pabangbon,Leuwiliang,Bogor,3201,Jawa Barat,106.590736,-6.627658,13.7298
3201020001,Purasari,Leuwiliang,Bogor,3201,Jawa Barat,106.604514,-6.693715,26.1213
3201020002,Puraseda,Leuwiliang,Bogor,3201,Jawa Barat,106.595887,-6.67151,13.1496
3201021005,Babakan Sadeng,Leuwisadeng,Bogor,3201,Jawa Barat,106.581189,-6.572431,2.5211
3201021008,Kalong I,Leuwisadeng,Bogor,3201,Jawa Barat,106.559022,-6.555715,3.748
3201021007,Kalong II,Leuwisadeng,Bogor,3201,Jawa Barat,106.570953,-6.556686,1.7962
3201021003,Leuwisadeng,Leuwisadeng,Bogor,3201,Jawa Barat,106.601149,-6.582993,8.2036
3201021006,Sadeng,Leuwisadeng,Bogor,3201,Jawa Barat,106.581333,-6.556096,4.5741
3201021002,Sadengkolot,Leuwisadeng,Bogor,3201,Jawa Barat,106.586987,-6.589878,4.65
3201021004,Sibanteng,Leuwisadeng,Bogor,3201,Jawa Barat,106.601258,-6.555294,5.9182
3201021001,Wangun Jaya,Leuwisadeng,Bogor,3201,Jawa Barat,106.577833,-6.592585,2.961
3201030004,Ciasihan,Pamijahan,Bogor,3201,Jawa Barat,106.678608,-6.7065,12.096
3201030003,Ciasmara,Pamijahan,Bogor,3201,Jawa Barat,106.664869,-6.701645,10.2753
3201030008,Cibening,Pamijahan,Bogor,3201,Jawa Barat,106.677905,-6.632901,3.3049
3201030010,Cibitung Kulon,Pamijahan,Bogor,3201,Jawa Barat,106.639391,-6.659542,2.5777
3201030011,Cibitung Wetan,Pamijahan,Bogor,3201,Jawa Barat,106.638924,-6.648011,2.8567
3201030001,Cibunian,Pamijahan,Bogor,3201,Jawa Barat,106.630414,-6.690355,14.7138
3201030015,Cimayang,Pamijahan,Bogor,3201,Jawa Barat,106.665493,-6.6089,1.7344
3201030007,Gunung Bunder 1,Pamijahan,Bogor,3201,Jawa Barat,106.680658,-6.646205,4.0706
3201030006,Gunung Bunder 2,Pamijahan,Bogor,3201,Jawa Barat,106.697953,-6.690995,8.6094
3201030014,Gunung Menyan,Pamijahan,Bogor,3201,Jawa Barat,106.66652,-6.633545,2.8529
3201030009,Gunung Picung,Pamijahan,Bogor,3201,Jawa Barat,106.677517,-6.67568,8.134
3201030005,Gunung Sari,Pamijahan,Bogor,3201,Jawa Barat,106.678178,-6.694285,17.5806
3201030012,Pamijahan,Pamijahan,Bogor,3201,Jawa Barat,106.651455,-6.644675,4.3818
3201030013,Pasarean,Pamijahan,Bogor,3201,Jawa Barat,106.659483,-6.638154,3.0067
3201030002,Purwabakti,Pamijahan,Bogor,3201,Jawa Barat,106.645615,-6.71823,29.358
3201040007,Cemplang,Cibungbulang,Bogor,3201,Jawa Barat,106.649127,-6.578686,2.3399
3201040014,Ciaruten Ilir,Cibungbulang,Bogor,3201,Jawa Barat,106.671166,-6.538225,5.3903
3201040004,Ciaruten Udik,Cibungbulang,Bogor,3201,Jawa Barat,106.673563,-6.604505,2.5734
3201040005,Cibatok 1,Cibungbulang,Bogor,3201,Jawa Barat,106.667057,-6.58325,2.0554
3201040003,Cibatok 2,Cibungbulang,Bogor,3201,Jawa Barat,106.666568,-6.59272,1.9273
3201040015,Cijujung,Cibungbulang,Bogor,3201,Jawa Barat,106.657183,-6.549853,3.4853
3201040011,Cimanggu 1,Cibungbulang,Bogor,3201,Jawa Barat,106.666563,-6.563015,1.9788
3201040010,Cimanggu 2,Cibungbulang,Bogor,3201,Jawa Barat,106.660909,-6.56708,1.2188
3201040009,Dukuh,Cibungbulang,Bogor,3201,Jawa Barat,106.65404,-6.56754,1.7666
3201040008,Galuga,Cibungbulang,Bogor,3201,Jawa Barat,106.644531,-6.5654,2.4822
3201040012,Girimulya,Cibungbulang,Bogor,3201,Jawa Barat,106.675614,-6.57197,1.5377
3201040013,Leuweung Kolot,Cibungbulang,Bogor,3201,Jawa Barat,106.676298,-6.559315,2.1481
3201040002,Situ Ilir,Cibungbulang,Bogor,3201,Jawa Barat,106.652058,-6.603081,2.5805
3201040001,Situ Udik,Cibungbulang,Bogor,3201,Jawa Barat,106.652874,-6.618027,4.374
3201040006,Sukamaju,Cibungbulang,Bogor,3201,Jawa Barat,106.652507,-6.589125,2.6152
3201050018,Benteng,Ciampea,Bogor,3201,Jawa Barat,106.703098,-6.54663,2.9519
3201050012,Bojong Jengkol,Ciampea,Bogor,3201,Jawa Barat,106.709374,-6.57427,2.1484
3201050016,Bojong Rangkas,Ciampea,Bogor,3201,Jawa Barat,106.695376,-6.55774,1.1168
3201050019,Ciampea,Ciampea,Bogor,3201,Jawa Barat,106.689575,-6.541132,2.9526
3201050004,Ciampea Udik,Ciampea,Bogor,3201,Jawa Barat,106.682341,-6.614875,2.6011
3201050017,Cibadak,Ciampea,Bogor,3201,Jawa Barat,106.68889,-6.562719,1.8342
3201050015,Cibanteng,Ciampea,Bogor,3201,Jawa Barat,106.709711,-6.555587,1.6345
3201050009,Cibuntu,Ciampea,Bogor,3201,Jawa Barat,106.686428,-6.59463,2.5229
3201050010,Cicadas,Ciampea,Bogor,3201,Jawa Barat,106.684184,-6.57588,3.325
3201050014,Cihideung Ilir,Ciampea,Bogor,3201,Jawa Barat,106.723889,-6.570658,1.894
3201050013,Cihideung Udik,Ciampea,Bogor,3201,Jawa Barat,106.719891,-6.581505,3.2205
3201050008,Cinangka,Ciampea,Bogor,3201,Jawa Barat,106.699435,-6.592515,3.9298
3201050011,Tegal Waru,Ciampea,Bogor,3201,Jawa Barat,106.700263,-6.570915,3.6071
3201051005,Cibitung Tengah,Tenjolaya,Bogor,3201,Jawa Barat,106.695826,-6.61563,3.2702
3201051006,Cinangneng,Tenjolaya,Bogor,3201,Jawa Barat,106.706001,-6.602135,2.715
3201051002,Gunung Malang,Tenjolaya,Bogor,3201,Jawa Barat,106.724598,-6.69498,5.1254
3201051007,Gunung Mulya,Tenjolaya,Bogor,3201,Jawa Barat,106.713517,-6.656733,8.934
3201051004,Situ Daun,Tenjolaya,Bogor,3201,Jawa Barat,106.706742,-6.617435,3.7383
3201051001,Tapos 1,Tenjolaya,Bogor,3201,Jawa Barat,106.704871,-6.674455,10.6497
3201051003,Tapos 2,Tenjolaya,Bogor,3201,Jawa Barat,106.692704,-6.635345,2.5621
3201060009,Babakan,Dramaga,Bogor,3201,Jawa Barat,106.726312,-6.557242,3.4966
3201060007,Ciherang,Dramaga,Bogor,3201,Jawa Barat,106.74503,-6.582276,2.6476
3201060010,Cikarawang,Dramaga,Bogor,3201,Jawa Barat,106.729313,-6.546826,2.5551
3201060008,Dramaga,Dramaga,Bogor,3201,Jawa Barat,106.735449,-6.572448,1.4768
3201060005,Neglasari,Dramaga,Bogor,3201,Jawa Barat,106.72572,-6.583638,1.6545
3201060002,Petir,Dramaga,Bogor,3201,Jawa Barat,106.723125,-6.611083,4.5758
3201060001,Purwasari,Dramaga,Bogor,3201,Jawa Barat,106.71686,-6.620585,2.1712
3201060006,Sinar Sari,Dramaga,Bogor,3201,Jawa Barat,106.734256,-6.581107,1.7958
3201060003,Sukadamai,Dramaga,Bogor,3201,Jawa Barat,106.731709,-6.619618,2.6864
3201060004,Sukawening,Dramaga,Bogor,3201,Jawa Barat,106.736698,-6.602392,2.7115
3201070015,Ciapus,Ciomas,Bogor,3201,Jawa Barat,106.749991,-6.599476,1.6498
3201070012,Ciomas,Ciomas,Bogor,3201,Jawa Barat,106.768871,-6.608799,1.0789
3201070018,Ciomas Rahayu,Ciomas,Bogor,3201,Jawa Barat,106.764724,-6.591901,1.053
3201070009,Kota Batu,Ciomas,Bogor,3201,Jawa Barat,106.782688,-6.626627,2.7359
3201070019,Laladon,Ciomas,Bogor,3201,Jawa Barat,106.755558,-6.583298,1.4253
3201070010,Mekarjaya,Ciomas,Bogor,3201,Jawa Barat,106.776426,-6.610987,0.8268
3201070017,Padasuka,Ciomas,Bogor,3201,Jawa Barat,106.760059,-6.594927,1.4202
3201070013,Pagelaran,Ciomas,Bogor,3201,Jawa Barat,106.76152,-6.61242,2.0536
3201070011,Parakan,Ciomas,Bogor,3201,Jawa Barat,106.771239,-6.618022,1.3318
3201070016,Sukaharja,Ciomas,Bogor,3201,Jawa Barat,106.744984,-6.611062,1.7918
3201070014,Sukamakmur,Ciomas,Bogor,3201,Jawa Barat,106.751721,-6.613049,1.9129
3201071005,Pasir Eurih,Tamansari,Bogor,3201,Jawa Barat,106.762595,-6.636233,3.0725
3201071008,Sirnagalih,Tamansari,Bogor,3201,Jawa Barat,106.771494,-6.636384,1.8522
3201071001,Sukajadi,Tamansari,Bogor,3201,Jawa Barat,106.725211,-6.65414,4.5285
3201071003,Sukajaya,Tamansari,Bogor,3201,Jawa Barat,106.730437,-6.649377,4.1592
3201071002,Sukaluyu,Tamansari,Bogor,3201,Jawa Barat,106.744637,-6.638445,4.0221
3201071007,Sukamantri,Tamansari,Bogor,3201,Jawa Barat,106.771937,-6.649546,3.5906
3201071004,Sukaresmi,Tamansari,Bogor,3201,Jawa Barat,106.753082,-6.632872,3.5595
3201071006,Taman Sari,Tamansari,Bogor,3201,Jawa Barat,106.74102,-6.67984,15.7685
3201080013,Cibalung,Cijeruk,Bogor,3201,Jawa Barat,106.811876,-6.681808,4.5457
3201080011,Cijeruk,Cijeruk,Bogor,3201,Jawa Barat,106.769162,-6.708778,8.1092
3201080012,Cipelang,Cijeruk,Bogor,3201,Jawa Barat,106.781558,-6.694595,8.2324
3201080014,Cipicung,Cijeruk,Bogor,3201,Jawa Barat,106.806739,-6.67216,4.1814
3201080017,Palasari,Cijeruk,Bogor,3201,Jawa Barat,106.796062,-6.66175,4.7064
3201080018,Sukaharja,Cijeruk,Bogor,3201,Jawa Barat,106.767316,-6.67316,7.9128
3201080016,Tajur Halang,Cijeruk,Bogor,3201,Jawa Barat,106.774738,-6.681715,4.9965
3201080015,Tanjung Sari,Cijeruk,Bogor,3201,Jawa Barat,106.79113,-6.677945,2.0977
3201080010,Warung Menteng,Cijeruk,Bogor,3201,Jawa Barat,106.804682,-6.703506,2.3562
3201081009,Ciadeg,Cigombong,Bogor,3201,Jawa Barat,106.805737,-6.71571,3.6521
3201081008,Ciburayut,Cigombong,Bogor,3201,Jawa Barat,106.792249,-6.71836,3.325
3201081005,Ciburuy,Cigombong,Bogor,3201,Jawa Barat,106.810082,-6.733847,2.0931
3201081002,Cigombong,Cigombong,Bogor,3201,Jawa Barat,106.799326,-6.746557,1.1339
3201081006,Cisalada,Cigombong,Bogor,3201,Jawa Barat,106.793397,-6.736297,2.125
3201081007,Pasir Jaya,Cigombong,Bogor,3201,Jawa Barat,106.767141,-6.723405,6.6608
3201081004,Srogol,Cigombong,Bogor,3201,Jawa Barat,106.820222,-6.745384,1.0729
3201081001,Tugu Jaya,Cigombong,Bogor,3201,Jawa Barat,106.77409,-6.737366,7.0413
3201081003,Wates Jaya,Cigombong,Bogor,3201,Jawa Barat,106.828908,-6.764534,19.1525
3201090006,Caringin,Caringin,Bogor,3201,Jawa Barat,106.826436,-6.710511,1.9991
3201090010,Ciderum,Caringin,Bogor,3201,Jawa Barat,106.849004,-6.697133,3.4313
3201090011,Ciherang Pondok,Caringin,Bogor,3201,Jawa Barat,106.828738,-6.686569,4.5889
3201090008,Cimande,Caringin,Bogor,3201,Jawa Barat,106.889702,-6.742255,14.1667
3201090012,Cimande Hilir,Caringin,Bogor,3201,Jawa Barat,106.823077,-6.69798,2.2822
3201090002,Cinagara,Caringin,Bogor,3201,Jawa Barat,106.848515,-6.746828,7.859
3201090007,Lemah Duhur,Caringin,Bogor,3201,Jawa Barat,106.83856,-6.721695,4.0504
3201090005,Muara Jaya,Caringin,Bogor,3201,Jawa Barat,106.817314,-6.721651,1.3911
3201090009,Pancawati,Caringin,Bogor,3201,Jawa Barat,106.902034,-6.738955,12.6745
3201090001,Pasir Buncir,Caringin,Bogor,3201,Jawa Barat,106.841494,-6.75448,9.8711
3201090004,Pasir Muncang,Caringin,Bogor,3201,Jawa Barat,106.82674,-6.721937,2.0104
3201090003,Tangkil,Caringin,Bogor,3201,Jawa Barat,106.892667,-6.756735,14.3417
3201100006,Banjar Sari,Ciawi,Bogor,3201,Jawa Barat,106.86884,-6.684093,1.773
3201100007,Banjar Wangi,Ciawi,Bogor,3201,Jawa Barat,106.86101,-6.682055,1.2857
3201100010,Banjar Waru,Ciawi,Bogor,3201,Jawa Barat,106.854514,-6.667763,1.7424
3201100012,Bendungan,Ciawi,Bogor,3201,Jawa Barat,106.863616,-6.665798,1.4678
3201100008,Bitung Sari,Ciawi,Bogor,3201,Jawa Barat,106.841469,-6.683051,1.6738
3201100004,Bojong Murni,Ciawi,Bogor,3201,Jawa Barat,106.929795,-6.73049,16.3164
3201100011,Ciawi,Ciawi,Bogor,3201,Jawa Barat,106.847265,-6.658363,1.1118
3201100003,Cibedug,Ciawi,Bogor,3201,Jawa Barat,106.892721,-6.71026,5.9237
3201100001,Cileungsi,Ciawi,Bogor,3201,Jawa Barat,106.888966,-6.720595,8.4453
3201100002,Citapen,Ciawi,Bogor,3201,Jawa Barat,106.876481,-6.702555,2.8836
3201100005,Jambu Luwuk,Ciawi,Bogor,3201,Jawa Barat,106.879468,-6.690338,1.0387
3201100013,Pandansari,Ciawi,Bogor,3201,Jawa Barat,106.853678,-6.648158,2.2021
3201100009,Teluk Pinang,Ciawi,Bogor,3201,Jawa Barat,106.851959,-6.680847,1.5113
3201110005,Batu Layang,Cisarua,Bogor,3201,Jawa Barat,106.950392,-6.677255,1.9377
3201110002,Cibeureum,Cisarua,Bogor,3201,Jawa Barat,106.950636,-6.721975,11.5279
3201110010,Cilember,Cisarua,Bogor,3201,Jawa Barat,106.924581,-6.65022,4.8707
3201110006,Cisarua,Cisarua,Bogor,3201,Jawa Barat,106.936927,-6.677556,2.3349
3201110001,Citeko,Cisarua,Bogor,3201,Jawa Barat,106.935818,-6.7037,5.4372
3201110009,Jogjogan,Cisarua,Bogor,3201,Jawa Barat,106.938229,-6.664412,2.9309
3201110007,Kopo,Cisarua,Bogor,3201,Jawa Barat,106.912398,-6.668382,6.7293
3201110008,Leuwimalang,Cisarua,Bogor,3201,Jawa Barat,106.925194,-6.665042,1.6349
3201110003,Tugu Selatan,Cisarua,Bogor,3201,Jawa Barat,106.978183,-6.726874,26.9042
3201110004,Tugu Utara,Cisarua,Bogor,3201,Jawa Barat,106.980787,-6.68717,14.6463
3201120009,Cipayung,Megamendung,Bogor,3201,Jawa Barat,106.892912,-6.646992,4.8454
3201120010,Cipayung Girang,Megamendung,Bogor,3201,Jawa Barat,106.906629,-6.64647,1.9841
3201120008,Gadog,Megamendung,Bogor,3201,Jawa Barat,106.87497,-6.662249,2.0749
3201120003,Kuta,Megamendung,Bogor,3201,Jawa Barat,106.925519,-6.699005,5.4968
3201120011,Megamendung,Megamendung,Bogor,3201,Jawa Barat,106.961756,-6.649434,23.2577
3201120012,Pasir Angin,Megamendung,Bogor,3201,Jawa Barat,106.870696,-6.643505,5.2198
3201120002,Sukagalih,Megamendung,Bogor,3201,Jawa Barat,106.914315,-6.69879,4.0697
3201120004,Sukakarya,Megamendung,Bogor,3201,Jawa Barat,106.895531,-6.672985,4.0141
3201120007,Sukamahi,Megamendung,Bogor,3201,Jawa Barat,106.872604,-6.669292,3.1639
3201120006,Sukamaju,Megamendung,Bogor,3201,Jawa Barat,106.885991,-6.681665,2.083
3201120005,Sukamanah,Megamendung,Bogor,3201,Jawa Barat,106.894582,-6.688033,1.8721
3201120001,Sukaresmi,Megamendung,Bogor,3201,Jawa Barat,106.90729,-6.70174,3.0422
3201130007,Cadas Ngampar,Sukaraja,Bogor,3201,Jawa Barat,106.841406,-6.573359,2.4119
3201130001,Cibanon,Sukaraja,Bogor,3201,Jawa Barat,106.845931,-6.630116,3.3273
3201130009,Cijujung,Sukaraja,Bogor,3201,Jawa Barat,106.836769,-6.532195,4.1458
3201130006,Cikeas,Sukaraja,Bogor,3201,Jawa Barat,106.845287,-6.59251,3.2071
3201130013,Cilebut Barat,Sukaraja,Bogor,3201,Jawa Barat,106.796279,-6.53021,3.1353
3201130012,Cilebut Timur,Sukaraja,Bogor,3201,Jawa Barat,106.801975,-6.529955,1.6702
3201130010,Cimandala,Sukaraja,Bogor,3201,Jawa Barat,106.824237,-6.530035,3.2472
3201130002,Gunung Geulis,Sukaraja,Bogor,3201,Jawa Barat,106.879049,-6.63087,5.7965
3201130003,Nagrak,Sukaraja,Bogor,3201,Jawa Barat,106.85089,-6.614865,6.0633
3201130011,Pasir Jambu,Sukaraja,Bogor,3201,Jawa Barat,106.81079,-6.536625,2.3459
3201130008,Pasirlaja,Sukaraja,Bogor,3201,Jawa Barat,106.836076,-6.550343,3.5382
3201130005,Sukaraja,Sukaraja,Bogor,3201,Jawa Barat,106.83524,-6.599134,2.5475
3201130004,Sukatani,Sukaraja,Bogor,3201,Jawa Barat,106.842034,-6.608705,1.6909
3201140005,Babakan Madang,Babakan Madang,Bogor,3201,Jawa Barat,106.865484,-6.566636,3.2541
3201140002,Bojong Koneng,Babakan Madang,Bogor,3201,Jawa Barat,106.907072,-6.6076,19.2575
3201140001,Cijayanti,Babakan Madang,Bogor,3201,Jawa Barat,106.873813,-6.60433,16.8572
3201140007,Cipambuan,Babakan Madang,Bogor,3201,Jawa Barat,106.84584,-6.557711,2.2061
3201140006,Citaringgul,Babakan Madang,Bogor,3201,Jawa Barat,106.854806,-6.568282,3.2993
3201140008,Kadumangu,Babakan Madang,Bogor,3201,Jawa Barat,106.853289,-6.544978,4.3973
3201140003,Karang Tengah,Babakan Madang,Bogor,3201,Jawa Barat,106.938566,-6.60015,35.224
3201140009,Sentul,Babakan Madang,Bogor,3201,Jawa Barat,106.848022,-6.518433,3.9414
3201140004,Sumur Batu,Babakan Madang,Bogor,3201,Jawa Barat,106.880142,-6.57562,4.3255
3201150007,Cibadak,Sukamakmur,Bogor,3201,Jawa Barat,106.963761,-6.5841,11.9066
3201150008,Pabuaran,Sukamakmur,Bogor,3201,Jawa Barat,106.959853,-6.54523,20.0846
3201150004,Sirnajaya,Sukamakmur,Bogor,3201,Jawa Barat,106.994088,-6.61737,15.3138
3201150009,Sukadamai,Sukamakmur,Bogor,3201,Jawa Barat,107.049613,-6.55654,20.2256
3201150002,Sukaharja,Sukamakmur,Bogor,3201,Jawa Barat,107.047978,-6.59889,29.0337
3201150006,Sukamakmur,Sukamakmur,Bogor,3201,Jawa Barat,106.983456,-6.57801,11.6145
3201150005,Sukamulya,Sukamakmur,Bogor,3201,Jawa Barat,107.002254,-6.589825,16.3903
3201150010,Sukaresmi,Sukamakmur,Bogor,3201,Jawa Barat,107.052424,-6.531785,13.3529
3201150001,Sukawangi,Sukamakmur,Bogor,3201,Jawa Barat,107.041869,-6.64873,29.392
3201150003,Wargajaya,Sukamakmur,Bogor,3201,Jawa Barat,107.016839,-6.623895,13.1149
3201160020,Babakan Raden,Cariu,Bogor,3201,Jawa Barat,107.141604,-6.4831,7.532
3201160012,Bantar Kuning,Cariu,Bogor,3201,Jawa Barat,107.139452,-6.561635,7.0674
3201160017,Cariu,Cariu,Bogor,3201,Jawa Barat,107.127462,-6.509174,7.1029
3201160014,Cibatu Tiga,Cariu,Bogor,3201,Jawa Barat,107.136889,-6.53877,9.0815
3201160013,Cikutamahi,Cariu,Bogor,3201,Jawa Barat,107.166029,-6.54738,15.782
3201160011,Karya Mekar,Cariu,Bogor,3201,Jawa Barat,107.103684,-6.54627,13.4765
3201160018,Kuta Mekar,Cariu,Bogor,3201,Jawa Barat,107.150847,-6.512887,8.5434
3201160015,Mekarwangi,Cariu,Bogor,3201,Jawa Barat,107.111159,-6.52372,6.0778
3201160019,Sukajadi,Cariu,Bogor,3201,Jawa Barat,107.161877,-6.491294,5.3793
3201160016,Tegal Panjang,Cariu,Bogor,3201,Jawa Barat,107.115567,-6.494638,5.706
3201161006,Antajaya,Tanjungsari,Bogor,3201,Jawa Barat,107.175928,-6.584038,13.9714
3201161005,Buanajaya,Tanjungsari,Bogor,3201,Jawa Barat,107.190448,-6.615875,31.5949
3201161001,Cibadak,Tanjungsari,Bogor,3201,Jawa Barat,107.105474,-6.619545,28.3653
3201161007,Pasir Tanjung,Tanjungsari,Bogor,3201,Jawa Barat,107.148336,-6.600605,5.3214
3201161010,Selawangi,Tanjungsari,Bogor,3201,Jawa Barat,107.085475,-6.58076,13.3728
3201161004,Sinarrasa,Tanjungsari,Bogor,3201,Jawa Barat,107.166072,-6.63639,23.2096
3201161003,Sinarsari,Tanjungsari,Bogor,3201,Jawa Barat,107.154006,-6.62522,6.181
3201161009,Sukarasa,Tanjungsari,Bogor,3201,Jawa Barat,107.100906,-6.59465,15.1926
3201161008,Tanjung Rasa,Tanjungsari,Bogor,3201,Jawa Barat,107.134881,-6.577783,9.0086
3201161002,Tanjung Sari,Tanjungsari,Bogor,3201,Jawa Barat,107.140847,-6.623265,5.2284
3201170007,Balekambang,Jonggol,Bogor,3201,Jawa Barat,107.097906,-6.511259,8.693
3201170008,Bendungan,Jonggol,Bogor,3201,Jawa Barat,107.083236,-6.495705,7.3365
3201170003,Cibodas,Jonggol,Bogor,3201,Jawa Barat,107.032826,-6.502445,14.779
3201170010,Jonggol,Jonggol,Bogor,3201,Jawa Barat,107.073113,-6.46389,5.717
3201170005,Singajaya,Jonggol,Bogor,3201,Jawa Barat,107.04909,-6.473004,8.373
3201170004,Singasari,Jonggol,Bogor,3201,Jawa Barat,107.019582,-6.47623,22.1131
3201170009,Sirnagalih,Jonggol,Bogor,3201,Jawa Barat,107.09181,-6.471928,3.4439
3201170014,Sukagalih,Jonggol,Bogor,3201,Jawa Barat,107.101397,-6.48581,7.275
3201170001,Sukajaya,Jonggol,Bogor,3201,Jawa Barat,107.016604,-6.552745,19.4147
3201170011,Sukamaju,Jonggol,Bogor,3201,Jawa Barat,107.052719,-6.45089,6.3724
3201170012,Sukamanah,Jonggol,Bogor,3201,Jawa Barat,107.066587,-6.44235,4.2825
3201170002,Sukanegara,Jonggol,Bogor,3201,Jawa Barat,107.023501,-6.525695,10.52
3201170006,Sukasirna,Jonggol,Bogor,3201,Jawa Barat,107.058985,-6.49511,10.5814
3201170013,Weninggalih,Jonggol,Bogor,3201,Jawa Barat,107.095718,-6.462717,6.4796
3201180018,Cileungsi,Cileungsi,Bogor,3201,Jawa Barat,106.966827,-6.397488,2.9654
3201180017,Cileungsi Kidul,Cileungsi,Bogor,3201,Jawa Barat,106.9689,-6.408905,6.0705
3201180021,Cipenjo,Cileungsi,Bogor,3201,Jawa Barat,106.993284,-6.388825,4.269
3201180013,Cipeucang,Cileungsi,Bogor,3201,Jawa Barat,107.039865,-6.42213,5.1225
3201180010,Dayeuh,Cileungsi,Bogor,3201,Jawa Barat,106.967667,-6.43296,8.9476
3201180015,Gandoang,Cileungsi,Bogor,3201,Jawa Barat,107.015174,-6.410702,5.7077
3201180014,Jatisari,Cileungsi,Bogor,3201,Jawa Barat,107.04816,-6.415402,5.2158
3201180019,Limus Nunggal,Cileungsi,Bogor,3201,Jawa Barat,106.970348,-6.372532,7.2067
3201180011,Mampir,Cileungsi,Bogor,3201,Jawa Barat,106.996889,-6.43151,7.2562
3201180016,Mekarsari,Cileungsi,Bogor,3201,Jawa Barat,106.995175,-6.404597,5.9823
3201180020,Pasir Angin,Cileungsi,Bogor,3201,Jawa Barat,106.984953,-6.3791,5.6182
3201180012,Setu Sari,Cileungsi,Bogor,3201,Jawa Barat,107.022935,-6.432765,6.395
3201181003,Bantar Jati,Kelapa Nunggal,Bogor,3201,Jawa Barat,106.901989,-6.46852,2.8776
3201181008,Bojong,Kelapa Nunggal,Bogor,3201,Jawa Barat,106.994555,-6.45131,7.4827
3201181009,Cikahuripan,Kelapa Nunggal,Bogor,3201,Jawa Barat,106.97414,-6.45689,5.6147
3201181006,Kelapa Nunggal,Kelapa Nunggal,Bogor,3201,Jawa Barat,106.956858,-6.4633,14.3954
3201181005,Kembang Kuning,Kelapa Nunggal,Bogor,3201,Jawa Barat,106.938136,-6.449675,5.9316
3201181001,Leuwikaret,Kelapa Nunggal,Bogor,3201,Jawa Barat,106.935577,-6.514745,19.0435
3201181007,Ligarmukti,Kelapa Nunggal,Bogor,3201,Jawa Barat,106.975239,-6.494335,22.1181
3201181002,Lulut,Kelapa Nunggal,Bogor,3201,Jawa Barat,106.915937,-6.492085,4.1517
3201181004,Nambo,Kelapa Nunggal,Bogor,3201,Jawa Barat,106.928586,-6.47478,14.2617
3201190010,Bojong Kulur,Gunung Putri,Bogor,3201,Jawa Barat,106.96916,-6.320243,5.2434
3201190004,Bojong Nangka,Gunung Putri,Bogor,3201,Jawa Barat,106.901743,-6.430728,8.2376
3201190009,Ciangsana,Gunung Putri,Bogor,3201,Jawa Barat,106.957893,-6.35681,9.6212
3201190005,Cicadas,Gunung Putri,Bogor,3201,Jawa Barat,106.929874,-6.431735,5.6361
3201190007,Cikeas Udik,Gunung Putri,Bogor,3201,Jawa Barat,106.927027,-6.401481,7.2019
3201190002,Gunung Putri,Gunung Putri,Bogor,3201,Jawa Barat,106.891746,-6.462905,2.9851
3201190001,Karanggan,Gunung Putri,Bogor,3201,Jawa Barat,106.882554,-6.458695,3.1576
3201190008,Nagrak,Gunung Putri,Bogor,3201,Jawa Barat,106.945591,-6.38765,6.7869
3201190003,Tlajung Udik,Gunung Putri,Bogor,3201,Jawa Barat,106.916021,-6.44542,6.3187
3201190006,Wanaherang,Gunung Putri,Bogor,3201,Jawa Barat,106.941124,-6.417518,6.731
3201200012,Citeureup,Citeureup,Bogor,3201,Jawa Barat,106.895286,-6.480651,3.8629
3201200011,Gunung Sari,Citeureup,Bogor,3201,Jawa Barat,106.902602,-6.494633,3.036
3201200002,Hambalang,Citeureup,Bogor,3201,Jawa Barat,106.900026,-6.544415,23.0996
3201200008,Karang Asem Barat,Citeureup,Bogor,3201,Jawa Barat,106.870662,-6.491129,2.9834
3201200009,Karang Asem Timur,Citeureup,Bogor,3201,Jawa Barat,106.879777,-6.497247,1.3578
3201200006,Leuwinutug,Citeureup,Bogor,3201,Jawa Barat,106.864193,-6.512507,3.1501
3201200004,Pasir Mukti,Citeureup,Bogor,3201,Jawa Barat,106.898613,-6.509445,2.0649
3201200013,Puspanegara,Citeureup,Bogor,3201,Jawa Barat,106.880169,-6.478078,1.4303
3201200014,Puspasari,Citeureup,Bogor,3201,Jawa Barat,106.873635,-6.47658,1.47
3201200007,Sanja,Citeureup,Bogor,3201,Jawa Barat,106.866165,-6.50362,2.3105
3201200005,Sukahati,Citeureup,Bogor,3201,Jawa Barat,106.883873,-6.514875,4.0816
3201200003,Tajur,Citeureup,Bogor,3201,Jawa Barat,106.92786,-6.542305,11.0862
3201200001,Tangkil,Citeureup,Bogor,3201,Jawa Barat,106.871309,-6.53411,6.8393
3201200010,Tarikolot,Citeureup,Bogor,3201,Jawa Barat,106.890875,-6.496174,2.6467
3201210004,Cibinong,Cibinong,Bogor,3201,Jawa Barat,106.85255,-6.49053,4.8691
3201210011,Cirimekar,Cibinong,Bogor,3201,Jawa Barat,106.855647,-6.472795,1.8743
3201210012,Ciriung,Cibinong,Bogor,3201,Jawa Barat,106.866297,-6.46831,4.0157
3201210009,Harapan Jaya,Cibinong,Bogor,3201,Jawa Barat,106.83707,-6.460492,2.9905
3201210001,Karadenan,Cibinong,Bogor,3201,Jawa Barat,106.810959,-6.51784,4.1687
3201210002,Nanggewer,Cibinong,Bogor,3201,Jawa Barat,106.831737,-6.510667,4.3789
3201210003,Nanggewer Mekar,Cibinong,Bogor,3201,Jawa Barat,106.838175,-6.504485,2.8656
3201210010,Pabuaran,Cibinong,Bogor,3201,Jawa Barat,106.850332,-6.46492,2.8176
3201210013,Pabuaran Mekar,Cibinong,Bogor,3201,Jawa Barat,106.848924,-6.445934,2.1542
3201210005,Pakansari,Cibinong,Bogor,3201,Jawa Barat,106.837223,-6.484555,5.646
3201210008,Pondok Rajeg,Cibinong,Bogor,3201,Jawa Barat,106.819817,-6.456122,3.0224
3201210006,Sukahati,Cibinong,Bogor,3201,Jawa Barat,106.818616,-6.487755,5.1799
3201210007,Tengah,Cibinong,Bogor,3201,Jawa Barat,106.826776,-6.477415,3.2226
3201220012,Bojong Baru,Bojong Gede,Bogor,3201,Jawa Barat,106.809166,-6.4777,2.7156
3201220005,Bojong Gede,Bojong Gede,Bogor,3201,Jawa Barat,106.800128,-6.487115,2.9073
3201220002,Cimanggis,Bojong Gede,Bogor,3201,Jawa Barat,106.77345,-6.502627,5.6713
3201220004,Kedung Waringin,Bojong Gede,Bogor,3201,Jawa Barat,106.794688,-6.496989,2.0356
3201220014,Pabuaran,Bojong Gede,Bogor,3201,Jawa Barat,106.798531,-6.460856,2.754
3201220015,Ragajaya,Bojong Gede,Bogor,3201,Jawa Barat,106.782115,-6.445276,3.8775
3201220013,Rawa Panjang,Bojong Gede,Bogor,3201,Jawa Barat,106.810527,-6.456945,3.3377
3201220011,Susukan,Bojong Gede,Bogor,3201,Jawa Barat,106.791343,-6.469195,4.2149
3201220003,Waringin Jaya,Bojong Gede,Bogor,3201,Jawa Barat,106.790889,-6.508831,1.9675
3201221007,Citayam,Tajur Halang,Bogor,3201,Jawa Barat,106.752748,-6.444025,3.8317
3201221006,Kalisuren,Tajur Halang,Bogor,3201,Jawa Barat,106.740295,-6.465425,5.1173
3201221004,Nanggerang,Tajur Halang,Bogor,3201,Jawa Barat,106.778698,-6.46521,2.8617
3201221005,Sasak Panjang,Tajur Halang,Bogor,3201,Jawa Barat,106.764373,-6.460468,6.0139
3201221003,Sukmajaya,Tajur Halang,Bogor,3201,Jawa Barat,106.782109,-6.483808,2.5159
3201221002,Tajur Halang,Tajur Halang,Bogor,3201,Jawa Barat,106.760932,-6.47563,5.9626
3201221001,Tonjong,Tajur Halang,Bogor,3201,Jawa Barat,106.75022,-6.48776,4.478
3201230007,Atang Senjaya,Kemang,Bogor,3201,Jawa Barat,106.758819,-6.540752,1.8865
3201230009,Bojong,Kemang,Bogor,3201,Jawa Barat,106.753399,-6.527967,2.9987
3201230015,Jampang,Kemang,Bogor,3201,Jawa Barat,106.723788,-6.47462,3.3978
3201230010,Kemang,Kemang,Bogor,3201,Jawa Barat,106.749905,-6.507923,6.1534
3201230011,Pabuaran,Kemang,Bogor,3201,Jawa Barat,106.725421,-6.50538,5.81
3201230008,Parakan Jaya,Kemang,Bogor,3201,Jawa Barat,106.761073,-6.521693,1.8589
3201230014,Pondok Udik,Kemang,Bogor,3201,Jawa Barat,106.734912,-6.489178,3.1263
3201230006,Semplak Barat,Kemang,Bogor,3201,Jawa Barat,106.749153,-6.5446,1.3124
3201230013,Tegal,Kemang,Bogor,3201,Jawa Barat,106.709106,-6.481895,7.347
3201231005,Bantar Sari,Ranca Bungur,Bogor,3201,Jawa Barat,106.73692,-6.525489,3.4709
3201231004,Bantarjaya,Ranca Bungur,Bogor,3201,Jawa Barat,106.733765,-6.533453,2.6706
3201231006,Candali,Ranca Bungur,Bogor,3201,Jawa Barat,106.702725,-6.505925,4.663
3201231007,Cimulang,Ranca Bungur,Bogor,3201,Jawa Barat,106.710932,-6.520473,3.8809
3201231001,Mekarsari,Ranca Bungur,Bogor,3201,Jawa Barat,106.693102,-6.514825,2.309
3201231003,Pasir Gaok,Ranca Bungur,Bogor,3201,Jawa Barat,106.720619,-6.536249,2.5641
3201231002,Ranca Bungur,Ranca Bungur,Bogor,3201,Jawa Barat,106.703364,-6.5327,3.3864
3201240016,Bojong Indah,Parung,Bogor,3201,Jawa Barat,106.70163,-6.432895,1.3364
3201240015,Bojong Sempu,Parung,Bogor,3201,Jawa Barat,106.705085,-6.445856,1.6572
3201240017,Cogreg,Parung,Bogor,3201,Jawa Barat,106.693068,-6.42171,5.4816
3201240009,Iwul,Parung,Bogor,3201,Jawa Barat,106.715404,-6.455,4.3621
3201240010,Jabon Mekar,Parung,Bogor,3201,Jawa Barat,106.725829,-6.452278,2.6633
3201240011,Pamager Sari,Parung,Bogor,3201,Jawa Barat,106.728285,-6.44116,3.4829
3201240012,Parung,Parung,Bogor,3201,Jawa Barat,106.730317,-6.426245,1.716
3201240013,Waru,Parung,Bogor,3201,Jawa Barat,106.721544,-6.422525,4.1594
3201240014,Warujaya,Parung,Bogor,3201,Jawa Barat,106.711469,-6.426227,2.6704
3201241003,Babakan,Ciseeng,Bogor,3201,Jawa Barat,106.698403,-6.466795,4.5817
3201241006,Cibentang,Ciseeng,Bogor,3201,Jawa Barat,106.674733,-6.438475,3.0425
3201241005,Cibeuteung Muara,Ciseeng,Bogor,3201,Jawa Barat,106.663542,-6.443705,5.7999
3201241002,Cibeuteung Udik,Ciseeng,Bogor,3201,Jawa Barat,106.692016,-6.48731,4.0427
3201241009,Cihowe,Ciseeng,Bogor,3201,Jawa Barat,106.681532,-6.43011,3.2804
3201241008,Ciseeng,Ciseeng,Bogor,3201,Jawa Barat,106.687169,-6.44766,2.0593
3201241001,Karihkil,Ciseeng,Bogor,3201,Jawa Barat,106.679557,-6.48805,5.1723
3201241010,Kuripan,Ciseeng,Bogor,3201,Jawa Barat,106.664929,-6.423048,5.3466
3201241007,Parigi Mekar,Ciseeng,Bogor,3201,Jawa Barat,106.696586,-6.450016,2.178
3201241004,Putat Nutug,Ciseeng,Bogor,3201,Jawa Barat,106.668684,-6.465125,4.8029
3201250002,Cibadung,Gunung Sindur,Bogor,3201,Jawa Barat,106.673633,-6.39902,4.5151
3201250003,Cibinong,Gunung Sindur,Bogor,3201,Jawa Barat,106.689934,-6.39677,4.8427
3201250004,Cidokom,Gunung Sindur,Bogor,3201,Jawa Barat,106.707245,-6.404395,2.8596
3201250006,Curug,Gunung Sindur,Bogor,3201,Jawa Barat,106.720108,-6.395716,5.5426
3201250009,Gunung Sindur,Gunung Sindur,Bogor,3201,Jawa Barat,106.6708,-6.383515,5.7584
3201250001,Jampang,Gunung Sindur,Bogor,3201,Jawa Barat,106.656856,-6.39882,7.0152
3201250010,Pabuaran,Gunung Sindur,Bogor,3201,Jawa Barat,106.668065,-6.370139,5.8237
3201250005,Padurenan,Gunung Sindur,Bogor,3201,Jawa Barat,106.705894,-6.393571,2.757
3201250008,Pengasinan,Gunung Sindur,Bogor,3201,Jawa Barat,106.691027,-6.370905,5.5349
3201250007,Rawakalong,Gunung Sindur,Bogor,3201,Jawa Barat,106.709484,-6.371525,4.6075
3201260005,Cibodas,Rumpin,Bogor,3201,Jawa Barat,106.663195,-6.489435,10.4593
3201260002,Cidokom,Rumpin,Bogor,3201,Jawa Barat,106.674683,-6.518765,5.9082
3201260008,Cipinang,Rumpin,Bogor,3201,Jawa Barat,106.615391,-6.44622,10.397
3201260003,Gobang,Rumpin,Bogor,3201,Jawa Barat,106.651142,-6.517905,6.5188
3201260006,Kampung Sawah,Rumpin,Bogor,3201,Jawa Barat,106.633959,-6.45718,9.8419
3201260010,Kertajaya,Rumpin,Bogor,3201,Jawa Barat,106.600634,-6.395715,5.696
3201260001,Leuwibatu,Rumpin,Bogor,3201,Jawa Barat,106.621777,-6.528825,21.1363
3201260013,Mekar Sari,Rumpin,Bogor,3201,Jawa Barat,106.601613,-6.374475,6.0551
3201260014,Mekarjaya,Rumpin,Bogor,3201,Jawa Barat,106.667495,-6.531764,4.197
3201260004,Rabak,Rumpin,Bogor,3201,Jawa Barat,106.630425,-6.486355,19.969
3201260007,Rumpin,Rumpin,Bogor,3201,Jawa Barat,106.644265,-6.440975,6.4335
3201260012,Sukamulya,Rumpin,Bogor,3201,Jawa Barat,106.635838,-6.37555,11.4369
3201260009,Sukasari,Rumpin,Bogor,3201,Jawa Barat,106.622696,-6.41936,12.004
3201260011,Taman Sari,Rumpin,Bogor,3201,Jawa Barat,106.631344,-6.39594,9.968
3201270022,Argapura,Cigudeg,Bogor,3201,Jawa Barat,106.503875,-6.470595,20.8059
3201270021,Bangunjaya,Cigudeg,Bogor,3201,Jawa Barat,106.535506,-6.449895,15.3244
3201270017,Banyu Asih,Cigudeg,Bogor,3201,Jawa Barat,106.589773,-6.487765,15.9454
3201270011,Banyu Resmi,Cigudeg,Bogor,3201,Jawa Barat,106.583176,-6.52768,14.1158
3201270016,Banyu Wangi,Cigudeg,Bogor,3201,Jawa Barat,106.554841,-6.508705,18.6084
3201270019,Batu Jajar,Cigudeg,Bogor,3201,Jawa Barat,106.583007,-6.437405,9.047
3201270013,Bunar,Cigudeg,Bogor,3201,Jawa Barat,106.507034,-6.52817,3.7034
3201270010,Cigudeg,Cigudeg,Bogor,3201,Jawa Barat,106.538282,-6.551868,11.7856
3201270015,Cintamanik,Cigudeg,Bogor,3201,Jawa Barat,106.525192,-6.489895,14.3661
3201270014,Mekarjaya,Cigudeg,Bogor,3201,Jawa Barat,106.512386,-6.51337,7.5307
3201270020,Rengasjajar,Cigudeg,Bogor,3201,Jawa Barat,106.563202,-6.446555,16.7846
3201270009,Sukamaju,Cigudeg,Bogor,3201,Jawa Barat,106.51219,-6.551085,7.1586
3201270006,Sukaraksa,Cigudeg,Bogor,3201,Jawa Barat,106.52537,-6.584961,6.7634
3201270018,Tegalega,Cigudeg,Bogor,3201,Jawa Barat,106.59708,-6.455155,9.3194
3201270012,Wargajaya,Cigudeg,Bogor,3201,Jawa Barat,106.535604,-6.52881,7.4726
3201271009,Cileuksa,Sukajaya,Bogor,3201,Jawa Barat,106.442194,-6.589457,28.7538
3201271001,Cisarua,Sukajaya,Bogor,3201,Jawa Barat,106.456315,-6.669781,45.5808
3201271004,Harkatjaya,Sukajaya,Bogor,3201,Jawa Barat,106.510515,-6.606111,3.7026
3201271011,Jayaraharja,Sukajaya,Bogor,3201,Jawa Barat,106.49267,-6.595901,2.1406
3201271003,Kiarapandak,Sukajaya,Bogor,3201,Jawa Barat,106.489916,-6.622873,6.758
3201271002,Kiarasari,Sukajaya,Bogor,3201,Jawa Barat,106.492235,-6.684175,33.2255
3201271008,Pasir Madang,Sukajaya,Bogor,3201,Jawa Barat,106.467223,-6.591938,20.6323
3201271006,Sipayung,Sukajaya,Bogor,3201,Jawa Barat,106.503916,-6.573515,6.8395
3201271005,Sukajaya,Sukajaya,Bogor,3201,Jawa Barat,106.508424,-6.588965,2.6737
3201271007,Sukamulih,Sukajaya,Bogor,3201,Jawa Barat,106.480317,-6.569365,13.5308
3201271010,Urug,Sukajaya,Bogor,3201,Jawa Barat,106.502276,-6.623953,3.2725
3201280015,Bagoang,Jasinga,Bogor,3201,Jawa Barat,106.459666,-6.429115,4.2279
3201280016,Barengkok,Jasinga,Bogor,3201,Jawa Barat,106.489284,-6.4298,16.221
3201280013,Cikopomayak,Jasinga,Bogor,3201,Jawa Barat,106.464866,-6.44585,6.0826
3201280008,Curug,Jasinga,Bogor,3201,Jawa Barat,106.427773,-6.503098,16.6573
3201280011,Jasinga,Jasinga,Bogor,3201,Jawa Barat,106.454327,-6.48174,6.7193
3201280007,Jugala Jaya,Jasinga,Bogor,3201,Jawa Barat,106.455676,-6.524441,18.8029
3201280004,Kalongsawah,Jasinga,Bogor,3201,Jawa Barat,106.494532,-6.500975,4.1992
3201280010,Koleang,Jasinga,Bogor,3201,Jawa Barat,106.439951,-6.46311,5.3656
3201280014,Neglasari,Jasinga,Bogor,3201,Jawa Barat,106.4462,-6.450865,3.4156
3201280006,Pamagersari,Jasinga,Bogor,3201,Jawa Barat,106.467267,-6.48673,3.1149
3201280017,Pangaur,Jasinga,Bogor,3201,Jawa Barat,106.460139,-6.398155,10.5808
3201280003,Pangradin,Jasinga,Bogor,3201,Jawa Barat,106.481043,-6.524395,16.2691
3201280012,Setu,Jasinga,Bogor,3201,Jawa Barat,106.471408,-6.468025,3.1541
3201280005,Sipak,Jasinga,Bogor,3201,Jawa Barat,106.484189,-6.48695,6.2694
3201280009,Tegal Wangi,Jasinga,Bogor,3201,Jawa Barat,106.420457,-6.46299,6.4683
3201280018,Wirajaya,Jasinga,Bogor,3201,Jawa Barat,106.4159,-6.522,12.562
3201290004,Babakan,Tenjo,Bogor,3201,Jawa Barat,106.47236,-6.36267,16.6117
3201290003,Batok,Tenjo,Bogor,3201,Jawa Barat,106.506502,-6.36455,7.9111
3201290005,Bojong,Tenjo,Bogor,3201,Jawa Barat,106.442288,-6.382983,8.7593
3201290008,Cilaku,Tenjo,Bogor,3201,Jawa Barat,106.474972,-6.33612,5.7791
3201290001,Ciomas,Tenjo,Bogor,3201,Jawa Barat,106.5283,-6.42157,10.2845
3201290009,Singabangsa,Tenjo,Bogor,3201,Jawa Barat,106.467812,-6.313954,3.4468
3201290006,Singabraja,Tenjo,Bogor,3201,Jawa Barat,106.440252,-6.35113,6.1195
3201290002,Tapos,Tenjo,Bogor,3201,Jawa Barat,106.495272,-6.401665,16.5768
3201290007,Tenjo,Tenjo,Bogor,3201,Jawa Barat,106.454062,-6.329645,6.9964
3201300009,Cibunar,Parung Panjang,Bogor,3201,Jawa Barat,106.552767,-6.34272,4.1485
3201300004,Cikuda,Parung Panjang,Bogor,3201,Jawa Barat,106.584221,-6.376925,5.958
3201300003,Dago,Parung Panjang,Bogor,3201,Jawa Barat,106.584044,-6.40411,7.0444
3201300007,Gintung Cilejet,Parung Panjang,Bogor,3201,Jawa Barat,106.529356,-6.36704,7.4357
3201300002,Gorowong,Parung Panjang,Bogor,3201,Jawa Barat,106.557478,-6.393729,11.2468
3201300001,Jagabaya,Parung Panjang,Bogor,3201,Jawa Barat,106.530552,-6.391975,12.2055
3201300008,Jagabita,Parung Panjang,Bogor,3201,Jawa Barat,106.532158,-6.335731,3.4601
3201300011,Kabasiran,Parung Panjang,Bogor,3201,Jawa Barat,106.578886,-6.352818,3.5476
3201300006,Lumpang,Parung Panjang,Bogor,3201,Jawa Barat,106.54776,-6.35932,6.4833
3201300010,Parung Panjang,Parung Panjang,Bogor,3201,Jawa Barat,106.565156,-6.350495,2.9522
3201300005,Pingku,Parung Panjang,Bogor,3201,Jawa Barat,106.567689,-6.379776,6.8577
3202010001,Cibenda,Ciemas,Sukabumi,3202,Jawa Barat,106.511296,-7.270712,10.7419
3202010005,Ciemas,Ciemas,Sukabumi,3202,Jawa Barat,106.535753,-7.156158,31.0319
3202010002,Ciwaru,Ciemas,Sukabumi,3202,Jawa Barat,106.478084,-7.188645,10.4884
3202010006,Girimukti,Ciemas,Sukabumi,3202,Jawa Barat,106.487165,-7.140878,42.1469
3202010007,Mandrajaya,Ciemas,Sukabumi,3202,Jawa Barat,106.425898,-7.224339,62.0781
3202010004,Mekarjaya,Ciemas,Sukabumi,3202,Jawa Barat,106.545362,-7.199113,57.1222
3202010008,Mekarsakti,Ciemas,Sukabumi,3202,Jawa Barat,106.4826,-7.226238,19.9262
3202010009,Sidamulya,Ciemas,Sukabumi,3202,Jawa Barat,106.40545,-7.279663,44.6381
3202010003,Tamanjaya,Ciemas,Sukabumi,3202,Jawa Barat,106.518148,-7.226238,17.5469
3202020002,Cikangkung,Ciracap,Sukabumi,3202,Jawa Barat,106.463948,-7.345515,17.6407
3202020004,Ciracap,Ciracap,Sukabumi,3202,Jawa Barat,106.530113,-7.331033,14.1692
3202020001,Gunungbatu,Ciracap,Sukabumi,3202,Jawa Barat,106.428635,-7.308779,23.3657
3202020006,Mekarsari,Ciracap,Sukabumi,3202,Jawa Barat,106.476425,-7.304574,39.1006
3202020007,Pangumbahan,Ciracap,Sukabumi,3202,Jawa Barat,106.408622,-7.328117,10.9648
3202020005,Pasirpanjang,Ciracap,Sukabumi,3202,Jawa Barat,106.524715,-7.298041,13.6455
3202020003,Purwasedar,Ciracap,Sukabumi,3202,Jawa Barat,106.502929,-7.352244,21.8093
3202020008,Ujung Genteng,Ciracap,Sukabumi,3202,Jawa Barat,106.42615,-7.355972,13.7567
3202021001,Caringin Nunggal,Waluran,Sukabumi,3202,Jawa Barat,106.539141,-7.264544,11.524
3202021006,Mangunjaya,Waluran,Sukabumi,3202,Jawa Barat,106.641982,-7.176222,20.7306
3202021004,Mekar Mukti,Waluran,Sukabumi,3202,Jawa Barat,106.561206,-7.246005,24.2939
3202021003,Sukamukti,Waluran,Sukabumi,3202,Jawa Barat,106.623178,-7.218308,7.5495
3202021002,Waluran,Waluran,Sukabumi,3202,Jawa Barat,106.600536,-7.227188,9.0043
3202021005,Waluran Mandiri,Waluran,Sukabumi,3202,Jawa Barat,106.609006,-7.176621,28.6277
3202030002,Buniwangi,Surade,Sukabumi,3202,Jawa Barat,106.544827,-7.377327,12.9553
3202030003,Cipeundeuy,Surade,Sukabumi,3202,Jawa Barat,106.55508,-7.38765,11.0946
3202030011,Citanglar,Surade,Sukabumi,3202,Jawa Barat,106.579717,-7.32297,9.5929
3202030004,Gunung Sungging,Surade,Sukabumi,3202,Jawa Barat,106.5795,-7.362695,4.6109
3202030012,Jagamukti,Surade,Sukabumi,3202,Jawa Barat,106.572802,-7.345962,3.6291
3202030014,Kadaleman,Surade,Sukabumi,3202,Jawa Barat,106.550584,-7.30082,11.7105
3202030018,Kademangan,Surade,Sukabumi,3202,Jawa Barat,106.588427,-7.34383,5.1606
3202030001,Pasiripis,Surade,Sukabumi,3202,Jawa Barat,106.5314,-7.363224,18.1857
3202030016,Sirnasari,Surade,Sukabumi,3202,Jawa Barat,106.586306,-7.26896,13.3978
3202030017,Sukatani,Surade,Sukabumi,3202,Jawa Barat,106.576778,-7.390486,13.8124
3202030013,Surade,Surade,Sukabumi,3202,Jawa Barat,106.560168,-7.336932,6.765
3202030015,Wanasari,Surade,Sukabumi,3202,Jawa Barat,106.583045,-7.294165,10.3752
3202031005,Banyumurni,Cibitung,Sukabumi,3202,Jawa Barat,106.614278,-7.31943,3.3241
3202031003,Banyuwangi,Cibitung,Sukabumi,3202,Jawa Barat,106.661905,-7.328739,11.6258
3202031002,Cibitung,Cibitung,Sukabumi,3202,Jawa Barat,106.625671,-7.374673,37.604
3202031004,Cibodas,Cibitung,Sukabumi,3202,Jawa Barat,106.630653,-7.319835,4.6433
3202031001,Cidahu,Cibitung,Sukabumi,3202,Jawa Barat,106.6002,-7.369957,26.5947
3202031006,Talagamurni,Cibitung,Sukabumi,3202,Jawa Barat,106.59947,-7.312684,4.4551
3202040002,Bojong Genteng,Jampang Kulon,Sukabumi,3202,Jawa Barat,106.620959,-7.295969,2.9689
3202040003,Bojongsari,Jampang Kulon,Sukabumi,3202,Jawa Barat,106.64248,-7.304626,9.266
3202040013,Cikarang,Jampang Kulon,Sukabumi,3202,Jawa Barat,106.63478,-7.233314,4.9004
3202040015,Cikaranggeusan,Jampang Kulon,Sukabumi,3202,Jawa Barat,106.666909,-7.202693,4.2081
3202040001,Ciparay,Jampang Kulon,Sukabumi,3202,Jawa Barat,106.608273,-7.293391,4.4993
3202040006,Jampang Kulon,Jampang Kulon,Sukabumi,3202,Jawa Barat,106.626537,-7.261125,1.5357
3202040014,Karanganyar,Jampang Kulon,Sukabumi,3202,Jawa Barat,106.653416,-7.194294,15.0192
3202040004,Mekarjaya,Jampang Kulon,Sukabumi,3202,Jawa Barat,106.651537,-7.282121,8.4931
3202040005,Nagraksari,Jampang Kulon,Sukabumi,3202,Jawa Barat,106.618281,-7.276965,4.8676
3202040008,Padajaya,Jampang Kulon,Sukabumi,3202,Jawa Barat,106.637335,-7.258296,4.919
3202040007,Tanjung,Jampang Kulon,Sukabumi,3202,Jawa Barat,106.611738,-7.250364,9.3622
3202041001,Boregah Indah,Cimanggu,Sukabumi,3202,Jawa Barat,106.660601,-7.265251,7.0889
3202041002,Cimanggu,Cimanggu,Sukabumi,3202,Jawa Barat,106.672351,-7.2499,6.2
3202041005,Karangmekar,Cimanggu,Sukabumi,3202,Jawa Barat,106.650351,-7.236931,3.6107
3202041004,Sukajadi,Cimanggu,Sukabumi,3202,Jawa Barat,106.681476,-7.203684,12.9294
3202041003,Sukamaju,Cimanggu,Sukabumi,3202,Jawa Barat,106.69174,-7.226055,13.8084
3202041006,Sukamanah,Cimanggu,Sukabumi,3202,Jawa Barat,106.703319,-7.232865,11.8619
3202050006,Balekambang,Kali Bunder,Sukabumi,3202,Jawa Barat,106.739325,-7.217482,22.2578
3202050005,Bojong,Kali Bunder,Sukabumi,3202,Jawa Barat,106.757791,-7.262945,7.6883
3202050001,Cimahpar,Kali Bunder,Sukabumi,3202,Jawa Barat,106.68804,-7.310794,19.4412
3202050003,Kalibunder,Kali Bunder,Sukabumi,3202,Jawa Barat,106.720825,-7.236925,14.9354
3202050007,Mekarwangi,Kali Bunder,Sukabumi,3202,Jawa Barat,106.685163,-7.281846,7.1249
3202050002,Sekarsari,Kali Bunder,Sukabumi,3202,Jawa Barat,106.712446,-7.289625,10.5715
3202050004,Sukaluyu,Kali Bunder,Sukabumi,3202,Jawa Barat,106.734656,-7.261434,7.2379
3202060007,Bangbayang,Tegal Buleud,Sukabumi,3202,Jawa Barat,106.787853,-7.288902,31.8224
3202060002,Buniasih,Tegal Buleud,Sukabumi,3202,Jawa Barat,106.717027,-7.395536,22.6131
3202060004,Calingcing,Tegal Buleud,Sukabumi,3202,Jawa Barat,106.778684,-7.387569,28.8568
3202060006,Nangela,Tegal Buleud,Sukabumi,3202,Jawa Barat,106.717645,-7.337843,32.5493
3202060005,Rambay,Tegal Buleud,Sukabumi,3202,Jawa Barat,106.796216,-7.339143,55.5893
3202060008,Sirnamekar,Tegal Buleud,Sukabumi,3202,Jawa Barat,106.750442,-7.287273,15.5752
3202060001,Sumberjaya,Tegal Buleud,Sukabumi,3202,Jawa Barat,106.677099,-7.385695,43.3241
3202060003,Tegalbuleud,Tegal Buleud,Sukabumi,3202,Jawa Barat,106.740129,-7.398862,27.786
3202070001,Cidolog,Cidolog,Sukabumi,3202,Jawa Barat,106.839379,-7.323838,23.1709
3202070003,Cikarang,Cidolog,Sukabumi,3202,Jawa Barat,106.898155,-7.279245,33.8307
3202070004,Cipamingkis,Cidolog,Sukabumi,3202,Jawa Barat,106.861605,-7.267876,17.044
3202070002,Mekarjaya,Cidolog,Sukabumi,3202,Jawa Barat,106.852657,-7.302705,12.6377
3202070005,Tegallega,Cidolog,Sukabumi,3202,Jawa Barat,106.832658,-7.270696,15.6137
3202080018,Cibaregbeg,Sagaranten,Sukabumi,3202,Jawa Barat,106.888102,-7.1617,16.6425
3202080012,Cibitung,Sagaranten,Sukabumi,3202,Jawa Barat,106.908573,-7.199802,5.9096
3202080008,Curugluhur,Sagaranten,Sukabumi,3202,Jawa Barat,106.855688,-7.228945,11.2199
3202080009,Datarnangka,Sagaranten,Sukabumi,3202,Jawa Barat,106.852909,-7.195799,7.9381
3202080006,Gunung Bentang,Sagaranten,Sukabumi,3202,Jawa Barat,106.910941,-7.23197,5.7095
3202080017,Hegarmanah,Sagaranten,Sukabumi,3202,Jawa Barat,106.876987,-7.18322,14.1827
3202080011,Margaluyu,Sagaranten,Sukabumi,3202,Jawa Barat,106.896242,-7.196748,4.8827
3202080020,Mekarsari,Sagaranten,Sukabumi,3202,Jawa Barat,106.819478,-7.24393,12.5413
3202080007,Pasanggrahan,Sagaranten,Sukabumi,3202,Jawa Barat,106.88682,-7.231294,7.6633
3202080019,Puncakmanggis,Sagaranten,Sukabumi,3202,Jawa Barat,106.869289,-7.144603,7.5179
3202080010,Sagaranten,Sagaranten,Sukabumi,3202,Jawa Barat,106.878128,-7.20444,9.6596
3202080005,Sinar Bentang,Sagaranten,Sukabumi,3202,Jawa Barat,106.927225,-7.236514,5.2656
3202081004,Banjarsari,Cidadap,Sukabumi,3202,Jawa Barat,106.951634,-7.249919,7.7197
3202081002,Cidadap,Cidadap,Sukabumi,3202,Jawa Barat,106.941321,-7.291664,16.8548
3202081001,Hegarmulya,Cidadap,Sukabumi,3202,Jawa Barat,106.900405,-7.325174,16.8823
3202081006,Mekartani,Cidadap,Sukabumi,3202,Jawa Barat,106.922966,-7.292176,10.323
3202081003,Padasenang,Cidadap,Sukabumi,3202,Jawa Barat,106.938997,-7.26765,16.5767
3202081005,Tenjolaut,Cidadap,Sukabumi,3202,Jawa Barat,106.867564,-7.338152,14.6353
3202082006,Bojong Tugu,Curugkembar,Sukabumi,3202,Jawa Barat,106.947204,-7.192558,10.1161
3202082001,Cimenteng,Curugkembar,Sukabumi,3202,Jawa Barat,106.923898,-7.204982,5.003
3202082002,Curugkembar,Curugkembar,Sukabumi,3202,Jawa Barat,106.944329,-7.218149,10.0905
3202082005,Mekartanjung,Curugkembar,Sukabumi,3202,Jawa Barat,106.968829,-7.235203,4.7767
3202082007,Nagrakjaya,Curugkembar,Sukabumi,3202,Jawa Barat,106.921352,-7.178385,6.4219
3202082004,Sindangraja,Curugkembar,Sukabumi,3202,Jawa Barat,106.94315,-7.166284,13.7952
3202082003,Tanjungsari,Curugkembar,Sukabumi,3202,Jawa Barat,106.969021,-7.210911,6.1505
3202090006,Bantarsari,Pabuaran,Sukabumi,3202,Jawa Barat,106.747068,-7.169077,24.0994
3202090004,Cibadak,Pabuaran,Sukabumi,3202,Jawa Barat,106.81549,-7.182028,16.9704
3202090002,Ciwalat,Pabuaran,Sukabumi,3202,Jawa Barat,106.789404,-7.215897,14.5974
3202090007,Lembursawah,Pabuaran,Sukabumi,3202,Jawa Barat,106.802276,-7.204627,10.6558
3202090003,Pabuaran,Pabuaran,Sukabumi,3202,Jawa Barat,106.834141,-7.214523,8.6959
3202090005,Sirnasari,Pabuaran,Sukabumi,3202,Jawa Barat,106.797026,-7.162533,20.9283
3202090001,Sukajaya,Pabuaran,Sukabumi,3202,Jawa Barat,106.766188,-7.228088,19.9736
3202100002,Cilangkap,Lengkong,Sukabumi,3202,Jawa Barat,106.672318,-7.093031,35.221
3202100001,Langkapjaya,Lengkong,Sukabumi,3202,Jawa Barat,106.635041,-7.089232,33.1794
3202100003,Lengkong,Lengkong,Sukabumi,3202,Jawa Barat,106.675095,-7.14186,30.5957
3202100005,Neglasari,Lengkong,Sukabumi,3202,Jawa Barat,106.749289,-7.137526,14.4118
3202100004,Tegallega,Lengkong,Sukabumi,3202,Jawa Barat,106.709843,-7.150109,30.4682
3202110009,Buniwangi,Palabuhanratu,Sukabumi,3202,Jawa Barat,106.579182,-6.948975,7.4903
3202110008,Cibodas,Palabuhanratu,Sukabumi,3202,Jawa Barat,106.540026,-6.94446,10.0281
3202110010,Cikadu,Palabuhanratu,Sukabumi,3202,Jawa Barat,106.597839,-6.970439,11.192
3202110014,Cimanggu,Palabuhanratu,Sukabumi,3202,Jawa Barat,106.560844,-6.95142,8.5311
3202110005,Citarik,Palabuhanratu,Sukabumi,3202,Jawa Barat,106.586036,-6.991842,10.2887
3202110007,Citepus,Palabuhanratu,Sukabumi,3202,Jawa Barat,106.559385,-6.979809,16.3246
3202110013,Jayanti,Palabuhanratu,Sukabumi,3202,Jawa Barat,106.548929,-7.015763,4.4637
3202110006,Palabuhanratu,Palabuhanratu,Sukabumi,3202,Jawa Barat,106.553644,-6.998753,6.5819
3202110011,Pasirsuren,Palabuhanratu,Sukabumi,3202,Jawa Barat,106.615431,-6.977571,9.1192
3202110012,Tonjong,Palabuhanratu,Sukabumi,3202,Jawa Barat,106.61256,-7.004753,9.4606
3202111005,Cibuntu,Simpenan,Sukabumi,3202,Jawa Barat,106.611122,-7.029008,5.85
3202111004,Cidadap,Simpenan,Sukabumi,3202,Jawa Barat,106.579106,-7.029125,14.164
3202111001,Cihaur,Simpenan,Sukabumi,3202,Jawa Barat,106.566976,-7.129294,33.2895
3202111002,Kertajaya,Simpenan,Sukabumi,3202,Jawa Barat,106.614006,-7.113271,48.5391
3202111003,Loji,Simpenan,Sukabumi,3202,Jawa Barat,106.576626,-7.049689,22.6215
3202111006,Mekarasih,Simpenan,Sukabumi,3202,Jawa Barat,106.66429,-7.047501,24.6052
3202111007,Sangrawayang,Simpenan,Sukabumi,3202,Jawa Barat,106.53583,-7.093565,28.8307
3202120003,Bantarkalong,Warung Kiara,Sukabumi,3202,Jawa Barat,106.715172,-7.033916,28.8684
3202120005,Bojongkerta,Warung Kiara,Sukabumi,3202,Jawa Barat,106.742515,-6.981388,6.5927
3202120011,Damarraja,Warung Kiara,Sukabumi,3202,Jawa Barat,106.732399,-6.948104,7.4144
3202120007,Girijaya,Warung Kiara,Sukabumi,3202,Jawa Barat,106.733212,-6.931419,11.9183
3202120002,Hegarmanah,Warung Kiara,Sukabumi,3202,Jawa Barat,106.686647,-7.013362,4.3779
3202120013,Kertamukti,Warung Kiara,Sukabumi,3202,Jawa Barat,106.7445,-6.997353,4.0138
3202120012,Mekarjaya,Warung Kiara,Sukabumi,3202,Jawa Barat,106.681731,-7.02887,4.7255
3202120004,Sirnajaya,Warung Kiara,Sukabumi,3202,Jawa Barat,106.718478,-6.998529,4.9821
3202120009,Sukaharja,Warung Kiara,Sukabumi,3202,Jawa Barat,106.735291,-6.967166,4.13
3202120010,Tarisi,Warung Kiara,Sukabumi,3202,Jawa Barat,106.688486,-7.00467,2.6161
3202120006,Ubrug,Warung Kiara,Sukabumi,3202,Jawa Barat,106.754074,-6.947094,5.6759
3202120008,Warungkiara,Warung Kiara,Sukabumi,3202,Jawa Barat,106.716296,-6.980439,9.9641
3202121003,Bantargadung,Bantargadung,Sukabumi,3202,Jawa Barat,106.675607,-6.987779,13.8439
3202121001,Bantargebang,Bantargadung,Sukabumi,3202,Jawa Barat,106.660883,-7.012237,6.0083
3202121002,Bojonggaling,Bantargadung,Sukabumi,3202,Jawa Barat,106.644499,-6.991139,14.0553
3202121007,Boyongsari,Bantargadung,Sukabumi,3202,Jawa Barat,106.709101,-6.952018,8.1993
3202121006,Buanajaya,Bantargadung,Sukabumi,3202,Jawa Barat,106.667935,-6.948629,8.6146
3202121005,Limusnunggal,Bantargadung,Sukabumi,3202,Jawa Barat,106.637464,-6.955184,16.3386
3202121004,Mangunjaya,Bantargadung,Sukabumi,3202,Jawa Barat,106.690373,-6.958288,9.6634
3202130013,Bantar Agung,Jampang Tengah,Sukabumi,3202,Jawa Barat,106.718903,-7.095325,22.8418
3202130001,Bantarpanjang,Jampang Tengah,Sukabumi,3202,Jawa Barat,106.774367,-7.126825,12.8536
3202130012,Bojong Jengkol,Jampang Tengah,Sukabumi,3202,Jawa Barat,106.774095,-7.051348,22.7894
3202130009,Bojongtipar,Jampang Tengah,Sukabumi,3202,Jawa Barat,106.764222,-7.087427,21.4483
3202130010,Cijulang,Jampang Tengah,Sukabumi,3202,Jawa Barat,106.821272,-7.084502,18.8948
3202130014,Jampang Tengah,Jampang Tengah,Sukabumi,3202,Jawa Barat,106.794132,-7.07931,8.8269
3202130011,Nangerang,Jampang Tengah,Sukabumi,3202,Jawa Barat,106.808655,-7.118469,18.1342
3202130018,Padabeunghar,Jampang Tengah,Sukabumi,3202,Jawa Barat,106.786087,-7.017968,16.3885
3202130015,Panumbangan,Jampang Tengah,Sukabumi,3202,Jawa Barat,106.83485,-7.047579,9.816
3202130016,Sindangresmi,Jampang Tengah,Sukabumi,3202,Jawa Barat,106.788752,-7.02711,17.0652
3202130017,Tanjungsari,Jampang Tengah,Sukabumi,3202,Jawa Barat,106.849383,-7.014308,19.4529
3202131002,Cicukang,Purabaya,Sukabumi,3202,Jawa Barat,106.914318,-7.125935,32.6548
3202131007,Cimerang,Purabaya,Sukabumi,3202,Jawa Barat,106.888204,-7.044112,17.4239
3202131006,Citamiang,Purabaya,Sukabumi,3202,Jawa Barat,106.90013,-7.075566,9.6743
3202131003,Margaluyu,Purabaya,Sukabumi,3202,Jawa Barat,106.920407,-7.092262,11.7361
3202131001,Neglasari,Purabaya,Sukabumi,3202,Jawa Barat,106.847737,-7.136431,27.7444
3202131005,Pagelaran,Purabaya,Sukabumi,3202,Jawa Barat,106.848284,-7.097829,12.409
3202131004,Purabaya,Purabaya,Sukabumi,3202,Jawa Barat,106.872753,-7.078834,23.4798
3202140005,Bojong,Cikembar,Sukabumi,3202,Jawa Barat,106.840878,-6.966998,6.7851
3202140006,Bojongkembar,Cikembar,Sukabumi,3202,Jawa Barat,106.816271,-6.965677,12.6477
3202140010,Bojongraharja,Cikembar,Sukabumi,3202,Jawa Barat,106.830264,-6.96116,5.3998
3202140002,Cibatu,Cikembar,Sukabumi,3202,Jawa Barat,106.791174,-6.998444,5.6707
3202140007,Cikembar,Cikembar,Sukabumi,3202,Jawa Barat,106.794406,-6.969166,11.1513
3202140008,Cimanggu,Cikembar,Sukabumi,3202,Jawa Barat,106.771637,-6.974137,10.8494
3202140004,Kertaraharja,Cikembar,Sukabumi,3202,Jawa Barat,106.843646,-6.980861,3.7761
3202140003,Parakanlima,Cikembar,Sukabumi,3202,Jawa Barat,106.829792,-6.997667,8.46
3202140001,Sukamaju,Cikembar,Sukabumi,3202,Jawa Barat,106.768378,-7.000824,9.8366
3202140009,Sukamulya,Cikembar,Sukabumi,3202,Jawa Barat,106.782719,-6.937847,7.9579
3202150005,Bojongkalong,Nyalindung,Sukabumi,3202,Jawa Barat,106.935773,-6.999146,9.1795
3202150006,Bojongsari,Nyalindung,Sukabumi,3202,Jawa Barat,106.912664,-7.004398,10.2062
3202150010,Cijangkar,Nyalindung,Sukabumi,3202,Jawa Barat,106.96467,-7.001414,8.8803
3202150001,Cisitu,Nyalindung,Sukabumi,3202,Jawa Barat,106.929838,-7.064032,17.6748
3202150003,Kertaangsana,Nyalindung,Sukabumi,3202,Jawa Barat,106.95034,-7.03442,7.2111
3202150004,Mekarsari,Nyalindung,Sukabumi,3202,Jawa Barat,106.955869,-7.016063,4.1271
3202150009,Neglasari,Nyalindung,Sukabumi,3202,Jawa Barat,106.964813,-6.981337,7.3639
3202150002,Nyalindung,Nyalindung,Sukabumi,3202,Jawa Barat,106.924511,-7.031052,8.9505
3202150007,Sukamaju,Nyalindung,Sukabumi,3202,Jawa Barat,106.882769,-7.009844,11.416
3202150008,Wangunreja,Nyalindung,Sukabumi,3202,Jawa Barat,106.890319,-6.984537,17.0758
3202160006,Buniwangi,Geger Bitung,Sukabumi,3202,Jawa Barat,106.991137,-6.958231,10.3601
3202160007,Caringin,Geger Bitung,Sukabumi,3202,Jawa Barat,107.026477,-6.968926,6.8807
3202160001,Ciengang,Geger Bitung,Sukabumi,3202,Jawa Barat,107.000337,-7.016407,13.9727
3202160004,Cijurey,Geger Bitung,Sukabumi,3202,Jawa Barat,106.995729,-6.989371,8.223
3202160003,Gegerbitung,Geger Bitung,Sukabumi,3202,Jawa Barat,107.020409,-6.981649,7.0416
3202160005,Karangjaya,Geger Bitung,Sukabumi,3202,Jawa Barat,106.989653,-6.975262,5.3649
3202160002,Sukamanah,Geger Bitung,Sukabumi,3202,Jawa Barat,107.031071,-7.020631,15.5096
3202170015,Cisarua,Sukaraja,Sukabumi,3202,Jawa Barat,106.972562,-6.84589,7.7258
3202170017,Langensari,Sukaraja,Sukabumi,3202,Jawa Barat,106.981575,-6.866471,9.1201
3202170016,Limbangan,Sukaraja,Sukabumi,3202,Jawa Barat,106.969892,-6.896915,4.2137
3202170021,Margaluyu,Sukaraja,Sukabumi,3202,Jawa Barat,106.992721,-6.864612,4.4172
3202170012,Pasirhalang,Sukaraja,Sukabumi,3202,Jawa Barat,106.977221,-6.917084,2.801
3202170018,Selaawi,Sukaraja,Sukabumi,3202,Jawa Barat,106.987298,-6.886074,3.4808
3202170011,Selawangi,Sukaraja,Sukabumi,3202,Jawa Barat,106.983599,-6.923163,2.534
3202170014,Sukamekar,Sukaraja,Sukabumi,3202,Jawa Barat,106.961564,-6.879955,4.127
3202170013,Sukaraja,Sukaraja,Sukabumi,3202,Jawa Barat,106.96233,-6.909244,3.7087
3202171005,Bojongsawah,Kebonpedes,Sukabumi,3202,Jawa Barat,106.982962,-6.94292,3.0585
3202171003,Cikaret,Kebonpedes,Sukabumi,3202,Jawa Barat,106.962449,-6.933959,1.8249
3202171002,Jambenenggang,Kebonpedes,Sukabumi,3202,Jawa Barat,106.969037,-6.950833,1.7798
3202171004,Kebonpedes,Kebonpedes,Sukabumi,3202,Jawa Barat,106.971921,-6.93428,2.0721
3202171001,Sasagaran,Kebonpedes,Sukabumi,3202,Jawa Barat,106.959431,-6.955908,2.4465
3202172003,Bencoy,Cireunghas,Sukabumi,3202,Jawa Barat,107.042323,-6.9385,10.8782
3202172004,Cikurutug,Cireunghas,Sukabumi,3202,Jawa Barat,107.024627,-6.926675,6.8055
3202172001,Cipurut,Cireunghas,Sukabumi,3202,Jawa Barat,106.994086,-6.938084,3.7473
3202172002,Cireunghas,Cireunghas,Sukabumi,3202,Jawa Barat,107.007254,-6.940857,5.1537
3202172005,Tegalpanjang,Cireunghas,Sukabumi,3202,Jawa Barat,107.003899,-6.924295,4.4948
3202173004,Cimangkok,Sukalarang,Sukabumi,3202,Jawa Barat,107.018148,-6.883505,3.5652
3202173555,Lahan Kosong,Sukalarang,Sukabumi,3202,Jawa Barat,107.03662,-6.908216,0.8217
3202173002,Prianganjaya,Sukalarang,Sukabumi,3202,Jawa Barat,107.009833,-6.902557,4.4152
3202173001,Semplak,Sukalarang,Sukabumi,3202,Jawa Barat,107.011912,-6.910438,5.771
3202173005,Sukalarang,Sukalarang,Sukabumi,3202,Jawa Barat,107.003833,-6.859036,7.1201
3202173006,Sukamaju,Sukalarang,Sukabumi,3202,Jawa Barat,106.998477,-6.868298,3.8611
3202173003,Titisan,Sukalarang,Sukabumi,3202,Jawa Barat,107.024148,-6.872854,6.0704
3202180005,Karawang,Sukabumi,Sukabumi,3202,Jawa Barat,106.935323,-6.876786,3.2776
3202180001,Parungseah,Sukabumi,Sukabumi,3202,Jawa Barat,106.924959,-6.895595,2.3597
3202180006,Perbawati,Sukabumi,Sukabumi,3202,Jawa Barat,106.960775,-6.837595,10.0784
3202180004,Sudajaya Girang,Sukabumi,Sukabumi,3202,Jawa Barat,106.963398,-6.84842,11.0253
3202180003,Sukajaya,Sukabumi,Sukabumi,3202,Jawa Barat,106.949341,-6.898471,2.1464
3202180002,Warnasari,Sukabumi,Sukabumi,3202,Jawa Barat,106.935849,-6.894859,1.2473
3202190003,Cikahuripan,Kadudampit,Sukabumi,3202,Jawa Barat,106.929806,-6.81427,15.7895
3202190008,Cipetir,Kadudampit,Sukabumi,3202,Jawa Barat,106.94595,-6.838702,9.2973
3202190002,Citamiang,Kadudampit,Sukabumi,3202,Jawa Barat,106.893307,-6.870806,1.8491
3202190006,Gede Pangrango,Kadudampit,Sukabumi,3202,Jawa Barat,106.943151,-6.81281,9.9039
3202190005,Kadudampit,Kadudampit,Sukabumi,3202,Jawa Barat,106.912402,-6.865068,1.7085
3202190555,Lahan Kosong,Kadudampit,Sukabumi,3202,Jawa Barat,106.964847,-6.775837,1.1401
3202190001,Muaradua,Kadudampit,Sukabumi,3202,Jawa Barat,106.885058,-6.865555,1.9574
3202190007,Sukamaju,Kadudampit,Sukabumi,3202,Jawa Barat,106.939606,-6.830211,12.4186
3202190004,Sukamanis,Kadudampit,Sukabumi,3202,Jawa Barat,106.916623,-6.844098,6.0906
3202190009,Undrus Binangun,Kadudampit,Sukabumi,3202,Jawa Barat,106.952621,-6.837616,9.6627
3202200009,Babakan,Cisaat,Sukabumi,3202,Jawa Barat,106.89131,-6.923759,2.2552
3202200013,Cibatu,Cisaat,Sukabumi,3202,Jawa Barat,106.879221,-6.909942,1.6219
3202200014,Cibolang Kaler,Cisaat,Sukabumi,3202,Jawa Barat,106.874248,-6.901105,1.3392
3202200008,Cisaat,Cisaat,Sukabumi,3202,Jawa Barat,106.889439,-6.913318,1.2022
3202200018,Gunungjaya,Cisaat,Sukabumi,3202,Jawa Barat,106.902894,-6.879838,2.2949
3202200015,Kutasirna,Cisaat,Sukabumi,3202,Jawa Barat,106.878255,-6.886862,1.1656
3202200012,Nagrak,Cisaat,Sukabumi,3202,Jawa Barat,106.888501,-6.902242,1.0499
3202200007,Padaasih,Cisaat,Sukabumi,3202,Jawa Barat,106.867128,-6.919232,2.5352
3202200016,Selajambe,Cisaat,Sukabumi,3202,Jawa Barat,106.883422,-6.890259,2.5021
3202200011,Sukamanah,Cisaat,Sukabumi,3202,Jawa Barat,106.896568,-6.903375,1.2601
3202200010,Sukamantri,Cisaat,Sukabumi,3202,Jawa Barat,106.898367,-6.917309,0.8504
3202200019,Sukaresmi,Cisaat,Sukabumi,3202,Jawa Barat,106.905374,-6.896657,3.2672
3202200017,Sukasari,Cisaat,Sukabumi,3202,Jawa Barat,106.895874,-6.891938,2.026
3202201005,Cibentang,Gunungguruh,Sukabumi,3202,Jawa Barat,106.892325,-6.933206,1.0798
3202201006,Cibolang,Gunungguruh,Sukabumi,3202,Jawa Barat,106.867785,-6.939382,5.7709
3202201004,Cikujang,Gunungguruh,Sukabumi,3202,Jawa Barat,106.894853,-6.942855,3.838
3202201003,Gunung Guruh,Gunungguruh,Sukabumi,3202,Jawa Barat,106.892351,-6.953469,4.0062
3202201002,Kebonmanggu,Gunungguruh,Sukabumi,3202,Jawa Barat,106.868769,-6.962742,4.1812
3202201007,Mangkalaya,Gunungguruh,Sukabumi,3202,Jawa Barat,106.879857,-6.923483,1.6689
3202201001,Sirnaresmi,Gunungguruh,Sukabumi,3202,Jawa Barat,106.859318,-6.966809,6.0031
3202210009,Batununggal,Cibadak,Sukabumi,3202,Jawa Barat,106.826566,-6.904611,2.1854
3202210011,Cibadak,Cibadak,Sukabumi,3202,Jawa Barat,106.78611,-6.894535,4.2589
3202210015,Ciheulang Tonggoh,Cibadak,Sukabumi,3202,Jawa Barat,106.821361,-6.886648,3.6048
3202210010,Karangtengah,Cibadak,Sukabumi,3202,Jawa Barat,106.810907,-6.898905,4.9394
3202210001,Neglasari,Cibadak,Sukabumi,3202,Jawa Barat,106.73034,-6.90409,10.5477
3202210014,Pamuruyan,Cibadak,Sukabumi,3202,Jawa Barat,106.751638,-6.877744,5.2635
3202210003,Sekarwangi,Cibadak,Sukabumi,3202,Jawa Barat,106.789341,-6.911216,4.9877
3202210013,Sukasirna,Cibadak,Sukabumi,3202,Jawa Barat,106.727632,-6.87682,11.8012
3202210002,Tenjojaya,Cibadak,Sukabumi,3202,Jawa Barat,106.765047,-6.914442,8.6089
3202210012,Warnajati,Cibadak,Sukabumi,3202,Jawa Barat,106.759331,-6.893286,7.5299
3202211002,Cicantayan,Cicantayan,Sukabumi,3202,Jawa Barat,106.847242,-6.925967,4.8166
3202211005,Cijalingan,Cicantayan,Sukabumi,3202,Jawa Barat,106.848101,-6.903499,2.2589
3202211003,Cimahi,Cicantayan,Sukabumi,3202,Jawa Barat,106.857163,-6.911959,3.2601
3202211008,Cimanggis,Cicantayan,Sukabumi,3202,Jawa Barat,106.795061,-6.928562,5.9093
3202211004,Cisande,Cicantayan,Sukabumi,3202,Jawa Barat,106.863899,-6.901284,0.7603
3202211001,Hegarmanah,Cicantayan,Sukabumi,3202,Jawa Barat,106.820542,-6.926216,11.7535
3202211006,Lembursawah,Cicantayan,Sukabumi,3202,Jawa Barat,106.838361,-6.901535,3.1174
3202211007,Sukadamai,Cicantayan,Sukabumi,3202,Jawa Barat,106.845182,-6.938392,3.4125
3202212004,Caringin Kulon,Caringin,Sukabumi,3202,Jawa Barat,106.864909,-6.877623,1.6256
3202212005,Caringin Wetan,Caringin,Sukabumi,3202,Jawa Barat,106.87591,-6.874073,2.1016
3202212001,Cijengkol,Caringin,Sukabumi,3202,Jawa Barat,106.842436,-6.887379,3.3138
3202212008,Cikembang,Caringin,Sukabumi,3202,Jawa Barat,106.876133,-6.845191,6.5942
3202212002,Mekarjaya,Caringin,Sukabumi,3202,Jawa Barat,106.856207,-6.887294,2.4274
3202212009,Pasirdatar Indah,Caringin,Sukabumi,3202,Jawa Barat,106.899694,-6.820244,8.239
3202212006,Seuseupan,Caringin,Sukabumi,3202,Jawa Barat,106.86114,-6.860295,3.2829
3202212007,Sukamulya,Caringin,Sukabumi,3202,Jawa Barat,106.91227,-6.817223,7.6583
3202212003,Talaga,Caringin,Sukabumi,3202,Jawa Barat,106.869962,-6.890275,2.3816
3202220008,Babakan Panjang,Nagrak,Sukabumi,3202,Jawa Barat,106.820967,-6.851544,4.2147
3202220002,Balekambang,Nagrak,Sukabumi,3202,Jawa Barat,106.800964,-6.881836,3.3743
3202220010,Cihanyawar,Nagrak,Sukabumi,3202,Jawa Barat,106.829718,-6.822495,8.3516
3202220001,Cisarua,Nagrak,Sukabumi,3202,Jawa Barat,106.788364,-6.873694,4.5468
3202220006,Darmareja,Nagrak,Sukabumi,3202,Jawa Barat,106.839861,-6.85952,6.3112
3202220007,Girijaya,Nagrak,Sukabumi,3202,Jawa Barat,106.852954,-6.858259,4.9459
3202220005,Kalaparea,Nagrak,Sukabumi,3202,Jawa Barat,106.858732,-6.835319,14.8492
3202220003,Nagrak Selatan,Nagrak,Sukabumi,3202,Jawa Barat,106.80543,-6.866258,2.1146
3202220004,Nagrak Utara,Nagrak,Sukabumi,3202,Jawa Barat,106.804987,-6.846474,7.2584
3202220009,Pawenang,Nagrak,Sukabumi,3202,Jawa Barat,106.87668,-6.81201,13.1809
3202221006,Ambarjaya,Ciambar,Sukabumi,3202,Jawa Barat,106.885658,-6.797621,19.994
3202221002,Ciambar,Ciambar,Sukabumi,3202,Jawa Barat,106.78669,-6.818859,4.5721
3202221005,Cibunarjaya,Ciambar,Sukabumi,3202,Jawa Barat,106.767719,-6.844047,4.2659
3202221003,Ginanjar,Ciambar,Sukabumi,3202,Jawa Barat,106.828766,-6.811232,11.7367
3202221001,Munjul,Ciambar,Sukabumi,3202,Jawa Barat,106.785155,-6.847144,11.0476
3202221004,Wangunjaya,Ciambar,Sukabumi,3202,Jawa Barat,106.802061,-6.799021,5.0979
3202230005,Bangbayang,Cicurug,Sukabumi,3202,Jawa Barat,106.774836,-6.781396,1.3132
3202230012,Benda,Cicurug,Sukabumi,3202,Jawa Barat,106.800991,-6.765262,3.7491
3202230004,Caringin,Cicurug,Sukabumi,3202,Jawa Barat,106.769064,-6.785276,1.5901
3202230009,Cicurug,Cicurug,Sukabumi,3202,Jawa Barat,106.78197,-6.783426,1.0141
3202230006,Cisaat,Cicurug,Sukabumi,3202,Jawa Barat,106.739136,-6.745948,7.6943
3202230013,Kutajaya,Cicurug,Sukabumi,3202,Jawa Barat,106.764095,-6.744611,8.3319
3202230001,Mekarsari,Cicurug,Sukabumi,3202,Jawa Barat,106.770821,-6.796416,0.9923
3202230010,Nanggerang,Cicurug,Sukabumi,3202,Jawa Barat,106.824849,-6.780043,7.8666
3202230002,Nyangkowek,Cicurug,Sukabumi,3202,Jawa Barat,106.777315,-6.804042,1.6213
3202230008,Pasawahan,Cicurug,Sukabumi,3202,Jawa Barat,106.756783,-6.746504,6.0719
3202230003,Purwasari,Cicurug,Sukabumi,3202,Jawa Barat,106.786653,-6.792291,7.4051
3202230011,Tenjoayu,Cicurug,Sukabumi,3202,Jawa Barat,106.800396,-6.774025,2.0956
3202230007,Tenjolaya,Cicurug,Sukabumi,3202,Jawa Barat,106.761617,-6.757735,3.0216
3202240004,Babakan Pari,Cidahu,Sukabumi,3202,Jawa Barat,106.75979,-6.78925,2.2113
3202240007,Cidahu,Cidahu,Sukabumi,3202,Jawa Barat,106.715919,-6.749568,16.7941
3202240008,Girijaya,Cidahu,Sukabumi,3202,Jawa Barat,106.736275,-6.752327,5.0657
3202240006,Jayabakti,Cidahu,Sukabumi,3202,Jawa Barat,106.734583,-6.787739,3.6107
3202240002,Pasirdoton,Cidahu,Sukabumi,3202,Jawa Barat,106.74502,-6.790816,1.287
3202240001,Pondok Kaso Tengah,Cidahu,Sukabumi,3202,Jawa Barat,106.746078,-6.801242,1.8282
3202240003,Pondok Kaso Tonggoh,Cidahu,Sukabumi,3202,Jawa Barat,106.753102,-6.79277,1.1046
3202240005,Tangkil,Cidahu,Sukabumi,3202,Jawa Barat,106.751057,-6.777035,3.0846
3202250004,Bojongasih,Parakan Salak,Sukabumi,3202,Jawa Barat,106.723204,-6.812815,2.9895
3202250003,Bojonglongok,Parakan Salak,Sukabumi,3202,Jawa Barat,106.73156,-6.820178,2.4177
3202250005,Lebaksari,Parakan Salak,Sukabumi,3202,Jawa Barat,106.719996,-6.799602,2.8031
3202250006,Parakansalak,Parakan Salak,Sukabumi,3202,Jawa Barat,106.70479,-6.774715,15.1936
3202250002,Sukakersa,Parakan Salak,Sukabumi,3202,Jawa Barat,106.697435,-6.795218,7.9243
3202250001,Sukatani,Parakan Salak,Sukabumi,3202,Jawa Barat,106.692509,-6.804586,5.8597
3202260012,Babakanjaya,Parung Kuda,Sukabumi,3202,Jawa Barat,106.760344,-6.806943,1.6905
3202260009,Bojong Kokosan,Parung Kuda,Sukabumi,3202,Jawa Barat,106.75994,-6.833385,1.5279
3202260010,Kompa,Parung Kuda,Sukabumi,3202,Jawa Barat,106.755689,-6.814982,1.7909
3202260008,Langensari,Parung Kuda,Sukabumi,3202,Jawa Barat,106.749123,-6.830127,2.8089
3202260002,Palasari Hilir,Parung Kuda,Sukabumi,3202,Jawa Barat,106.731662,-6.857025,8.2942
3202260004,Parungkuda,Parung Kuda,Sukabumi,3202,Jawa Barat,106.755822,-6.842684,1.4256
3202260011,Pondok Kaso Landeuh,Parung Kuda,Sukabumi,3202,Jawa Barat,106.770503,-6.814098,2.9092
3202260003,Sundawenang,Parung Kuda,Sukabumi,3202,Jawa Barat,106.758211,-6.854035,4.8072
3202261001,Berekah,Bojong Genteng,Sukabumi,3202,Jawa Barat,106.706719,-6.846922,4.9761
3202261003,Bojong Galing,Bojong Genteng,Sukabumi,3202,Jawa Barat,106.71471,-6.831617,4.3528
3202261002,Bojong Genteng,Bojong Genteng,Sukabumi,3202,Jawa Barat,106.72713,-6.839931,4.7151
3202261004,Cibodas,Bojong Genteng,Sukabumi,3202,Jawa Barat,106.742452,-6.824961,2.6339
3202261005,Cipanengah,Bojong Genteng,Sukabumi,3202,Jawa Barat,106.734892,-6.805657,2.2759
3202270006,Gunung Endut,Kalapa Nunggal,Sukabumi,3202,Jawa Barat,106.680558,-6.808001,8.8083
3202270004,Kadununggal,Kalapa Nunggal,Sukabumi,3202,Jawa Barat,106.677062,-6.845534,5.6276
3202270003,Kalapanunggal,Kalapa Nunggal,Sukabumi,3202,Jawa Barat,106.65978,-6.834187,5.2542
3202270005,Makasari,Kalapa Nunggal,Sukabumi,3202,Jawa Barat,106.677987,-6.827508,5.5413
3202270002,Palasari Girang,Kalapa Nunggal,Sukabumi,3202,Jawa Barat,106.667186,-6.81595,2.7635
3202270007,Pulosari,Kalapa Nunggal,Sukabumi,3202,Jawa Barat,106.6593,-6.781585,15.0615
3202270001,Walangsari,Kalapa Nunggal,Sukabumi,3202,Jawa Barat,106.64562,-6.825606,7.5767
3202280009,Bumisari,Cikidang,Sukabumi,3202,Jawa Barat,106.667217,-6.926169,11.5588
3202280010,Cicareuh,Cikidang,Sukabumi,3202,Jawa Barat,106.687001,-6.898415,15.9585
3202280002,Cijambe,Cikidang,Sukabumi,3202,Jawa Barat,106.621692,-6.925433,10.6508
3202280012,Cikarae Thoyibah,Cikidang,Sukabumi,3202,Jawa Barat,106.571794,-6.872872,19.9456
3202280005,Cikidang,Cikidang,Sukabumi,3202,Jawa Barat,106.647599,-6.907696,17.3694
3202280003,Cikiray,Cikidang,Sukabumi,3202,Jawa Barat,106.590309,-6.872378,14.2598
3202280006,Gunung Malang,Cikidang,Sukabumi,3202,Jawa Barat,106.627548,-6.864794,11.3811
3202280004,Mekarnangka,Cikidang,Sukabumi,3202,Jawa Barat,106.608366,-6.872681,10.4702
3202280007,Nangkakoneng,Cikidang,Sukabumi,3202,Jawa Barat,106.654432,-6.861263,12.6008
3202280008,Pangkalan,Cikidang,Sukabumi,3202,Jawa Barat,106.669723,-6.883588,12.9328
3202280001,Sampora,Cikidang,Sukabumi,3202,Jawa Barat,106.600133,-6.927457,7.756
3202280011,Tamansari,Cikidang,Sukabumi,3202,Jawa Barat,106.705573,-6.90538,11.0522
3202290017,Caringin,Cisolok,Sukabumi,3202,Jawa Barat,106.409219,-6.922535,11.7537
3202290013,Cicadas,Cisolok,Sukabumi,3202,Jawa Barat,106.462066,-6.84829,28.8798
3202290002,Cikahuripan,Cisolok,Sukabumi,3202,Jawa Barat,106.436744,-6.94281,6.8669
3202290014,Cikelat,Cisolok,Sukabumi,3202,Jawa Barat,106.460774,-6.900299,8.959
3202290003,Cisolok,Cisolok,Sukabumi,3202,Jawa Barat,106.458157,-6.946347,3.7972
3202290015,Gunung Kramat,Cisolok,Sukabumi,3202,Jawa Barat,106.428098,-6.889057,17.0935
3202290016,Gunung Tanjung,Cisolok,Sukabumi,3202,Jawa Barat,106.429978,-6.91258,11.9326
3202290004,Karangpapak,Cisolok,Sukabumi,3202,Jawa Barat,106.4752,-6.938205,8.1339
3202290001,Pasirbaru,Cisolok,Sukabumi,3202,Jawa Barat,106.41071,-6.953796,12.6302
3202290012,Sirnaresmi,Cisolok,Sukabumi,3202,Jawa Barat,106.498954,-6.807303,42.8926
3202290018,Sukarame,Cisolok,Sukabumi,3202,Jawa Barat,106.485825,-6.890746,11.2667
3202290020,Wanajaya,Cisolok,Sukabumi,3202,Jawa Barat,106.456771,-6.874761,4.7233
3202290019,Wangunsari,Cisolok,Sukabumi,3202,Jawa Barat,106.461778,-6.930577,5.0603
3202291002,Cikakak,Cikakak,Sukabumi,3202,Jawa Barat,106.497006,-6.953086,5.1775
3202291004,Cileungsing,Cikakak,Sukabumi,3202,Jawa Barat,106.536571,-6.917001,7.1883
3202291001,Cimaja,Cikakak,Sukabumi,3202,Jawa Barat,106.487435,-6.932985,7.4887
3202291009,Cirendang,Cikakak,Sukabumi,3202,Jawa Barat,106.552429,-6.889694,15.1822
3202291008,Gandasoli,Cikakak,Sukabumi,3202,Jawa Barat,106.571708,-6.917721,10.0339
3202291006,Margalaksana,Cikakak,Sukabumi,3202,Jawa Barat,106.514695,-6.906285,5.7517
3202291005,Ridogalih,Cikakak,Sukabumi,3202,Jawa Barat,106.506646,-6.924966,7.6711
3202291007,Sirnarasa,Cikakak,Sukabumi,3202,Jawa Barat,106.524776,-6.863044,49.8175
3202291003,Sukamaju,Cikakak,Sukabumi,3202,Jawa Barat,106.516886,-6.941771,7.4587
3202300006,Cianaga,Kabandungan,Sukabumi,3202,Jawa Barat,106.590159,-6.832219,17.5651
3202300005,Cihamerang,Kabandungan,Sukabumi,3202,Jawa Barat,106.573124,-6.79471,37.0708
3202300004,Cipeuteuy,Kabandungan,Sukabumi,3202,Jawa Barat,106.580971,-6.753193,45.1806
3202300003,Kabandungan,Kabandungan,Sukabumi,3202,Jawa Barat,106.638683,-6.775167,25.4335
3202300001,Mekarjaya,Kabandungan,Sukabumi,3202,Jawa Barat,106.621419,-6.831718,4.2428
3202300002,Tugubandung,Kabandungan,Sukabumi,3202,Jawa Barat,106.628784,-6.81474,8.4465
3203010002,Bojongkaso,Agrabinta,Cianjur,3203,Jawa Barat,106.846129,-7.379419,27.094
3203010010,Bunisari,Agrabinta,Cianjur,3203,Jawa Barat,106.941709,-7.3374,10.7539
3203010007,Karangsari,Agrabinta,Cianjur,3203,Jawa Barat,106.950927,-7.387518,5.7393
3203010011,Mekarsari,Agrabinta,Cianjur,3203,Jawa Barat,106.894562,-7.412349,38.7453
3203010009,Mulyasari,Agrabinta,Cianjur,3203,Jawa Barat,106.919125,-7.346489,16.3024
3203010008,Neglasari,Agrabinta,Cianjur,3203,Jawa Barat,106.951869,-7.359225,9.3908
3203010001,Sinarlaut,Agrabinta,Cianjur,3203,Jawa Barat,106.836839,-7.41213,21.6034
3203010003,Sukamanah,Agrabinta,Cianjur,3203,Jawa Barat,106.909912,-7.383865,20.6591
3203010012,Tanjungsari,Agrabinta,Cianjur,3203,Jawa Barat,106.954845,-7.428802,15.2026
3203010004,Wanasari,Agrabinta,Cianjur,3203,Jawa Barat,106.98255,-7.42032,18.5739
3203010013,Wangunjaya,Agrabinta,Cianjur,3203,Jawa Barat,106.800676,-7.413084,14.2713
3203011010,Karyamukti,Leles,Cianjur,3203,Jawa Barat,107.015515,-7.3794,10.786
3203011011,Mandalawangi,Leles,Cianjur,3203,Jawa Barat,107.058465,-7.329886,4.3293
3203011002,Nagasari,Leles,Cianjur,3203,Jawa Barat,106.966938,-7.378244,4.099
3203011008,Puncakwangi,Leles,Cianjur,3203,Jawa Barat,107.068267,-7.30104,10.6515
3203011005,Purabaya,Leles,Cianjur,3203,Jawa Barat,107.016604,-7.347937,11.6603
3203011001,Pusakasari,Leles,Cianjur,3203,Jawa Barat,106.979896,-7.36683,3.2478
3203011012,Sindangsari,Leles,Cianjur,3203,Jawa Barat,106.975999,-7.387695,3.0414
3203011009,Sirnasari,Leles,Cianjur,3203,Jawa Barat,107.015244,-7.313255,16.1831
3203011003,Sukajaya,Leles,Cianjur,3203,Jawa Barat,106.975531,-7.330085,14.4122
3203011004,Sukamulya,Leles,Cianjur,3203,Jawa Barat,106.996455,-7.36084,8.2606
3203011006,Sukasirna,Leles,Cianjur,3203,Jawa Barat,107.044191,-7.353125,16.5147
3203011007,Walahir,Leles,Cianjur,3203,Jawa Barat,107.045954,-7.309245,10.2895
3203020009,Girimukti,Sindangbarang,Cianjur,3203,Jawa Barat,107.170943,-7.389025,9.8981
3203020001,Hegarsari,Sindangbarang,Cianjur,3203,Jawa Barat,107.020507,-7.43658,12.6766
3203020002,Jatisari,Sindangbarang,Cianjur,3203,Jawa Barat,107.019563,-7.411334,29.5771
3203020007,Jayagiri,Sindangbarang,Cianjur,3203,Jawa Barat,107.198887,-7.460995,12.7891
3203020011,Kertamukti,Sindangbarang,Cianjur,3203,Jawa Barat,107.052541,-7.43788,6.9578
3203020003,Kertasari,Sindangbarang,Cianjur,3203,Jawa Barat,107.066307,-7.41787,11.3569
3203020010,Mekarlaksana,Sindangbarang,Cianjur,3203,Jawa Barat,107.173871,-7.455585,5.8814
3203020008,Muaracikadu,Sindangbarang,Cianjur,3203,Jawa Barat,107.178369,-7.419485,32.9945
3203020006,Saganten,Sindangbarang,Cianjur,3203,Jawa Barat,107.146391,-7.453147,12.8845
3203020005,Sirnagalih,Sindangbarang,Cianjur,3203,Jawa Barat,107.126194,-7.42641,20.1978
3203020004,Talagasari,Sindangbarang,Cianjur,3203,Jawa Barat,107.08657,-7.446515,9.4236
3203030011,Cibuluh,Cidaun,Cianjur,3203,Jawa Barat,107.456536,-7.359504,22.9573
3203030006,Cidamar,Cidaun,Cianjur,3203,Jawa Barat,107.377145,-7.479348,12.7375
3203030008,Cimaragang,Cidaun,Cianjur,3203,Jawa Barat,107.41198,-7.427845,20.8286
3203030003,Cisalak,Cidaun,Cianjur,3203,Jawa Barat,107.259152,-7.47212,11.0843
3203030009,Gelarpawitan,Cidaun,Cianjur,3203,Jawa Barat,107.41104,-7.382755,59.2553
3203030014,Gelarwangi,Cidaun,Cianjur,3203,Jawa Barat,107.452587,-7.271744,12.385
3203030004,Jayapura,Cidaun,Cianjur,3203,Jawa Barat,107.275181,-7.466837,10.7477
3203030007,Karangwangi,Cidaun,Cianjur,3203,Jawa Barat,107.404703,-7.474655,23.8945
3203030001,Karyabakti,Cidaun,Cianjur,3203,Jawa Barat,107.257701,-7.444708,17.6956
3203030005,Kertajadi,Cidaun,Cianjur,3203,Jawa Barat,107.331898,-7.47018,47.4025
3203030013,Mekarjaya,Cidaun,Cianjur,3203,Jawa Barat,107.430347,-7.288919,24.3213
3203030010,Neglasari,Cidaun,Cianjur,3203,Jawa Barat,107.451462,-7.397966,14.3587
3203030012,Puncakbaru,Cidaun,Cianjur,3203,Jawa Barat,107.448636,-7.32804,10.8016
3203030002,Sukapura,Cidaun,Cianjur,3203,Jawa Barat,107.228621,-7.47067,10.4445
3203040010,Balegede,Naringgul,Cianjur,3203,Jawa Barat,107.352822,-7.261805,28.7951
3203040001,Cinerang,Naringgul,Cianjur,3203,Jawa Barat,107.266291,-7.41322,18.3643
3203040005,Malati,Naringgul,Cianjur,3203,Jawa Barat,107.314666,-7.384445,21.0666
3203040011,Margasari,Naringgul,Cianjur,3203,Jawa Barat,107.267003,-7.43007,12.4164
3203040003,Mekarsari,Naringgul,Cianjur,3203,Jawa Barat,107.372092,-7.36569,49.4255
3203040007,Naringgul,Naringgul,Cianjur,3203,Jawa Barat,107.335951,-7.338125,14.8423
3203040009,Sukabakti,Naringgul,Cianjur,3203,Jawa Barat,107.365936,-7.28416,20.6935
3203040006,Sukamulya,Naringgul,Cianjur,3203,Jawa Barat,107.292956,-7.341905,32.8572
3203040008,Wanasari,Naringgul,Cianjur,3203,Jawa Barat,107.322812,-7.31067,18.5844
3203040002,Wangunjaya,Naringgul,Cianjur,3203,Jawa Barat,107.324069,-7.42048,31.351
3203040004,Wangunsari,Naringgul,Cianjur,3203,Jawa Barat,107.364023,-7.331445,37.0661
3203050008,Batulawang,Cibinong,Cianjur,3203,Jawa Barat,107.146263,-7.37329,21.2519
3203050022,Ciburial,Cibinong,Cianjur,3203,Jawa Barat,107.092132,-7.347895,7.2852
3203050009,Cikangkareng,Cibinong,Cianjur,3203,Jawa Barat,107.17685,-7.338055,21.1084
3203050016,Cimaskara,Cibinong,Cianjur,3203,Jawa Barat,107.215239,-7.266555,20.5728
3203050005,Girijaya,Cibinong,Cianjur,3203,Jawa Barat,107.105875,-7.322216,18.5734
3203050003,Hamerang,Cibinong,Cianjur,3203,Jawa Barat,107.075415,-7.357675,8.792
3203050021,Mekarmukti,Cibinong,Cianjur,3203,Jawa Barat,107.287031,-7.224585,7.6634
3203050020,Padasuka,Cibinong,Cianjur,3203,Jawa Barat,107.249868,-7.229094,24.2013
3203050015,Pamoyanan,Cibinong,Cianjur,3203,Jawa Barat,107.187356,-7.302156,11.6385
3203050004,Pananggapan,Cibinong,Cianjur,3203,Jawa Barat,107.089315,-7.31476,13.7193
3203050001,Panyindangan,Cibinong,Cianjur,3203,Jawa Barat,107.108588,-7.400835,25.6793
3203050006,Sukajadi,Cibinong,Cianjur,3203,Jawa Barat,107.129398,-7.328815,17.9147
3203050007,Sukamekar,Cibinong,Cianjur,3203,Jawa Barat,107.152986,-7.31523,19.1983
3203050002,Wargaluyu,Cibinong,Cianjur,3203,Jawa Barat,107.073375,-7.385635,22.0819
3203051004,Cikadu,Cikadu,Cianjur,3203,Jawa Barat,107.241673,-7.340445,38.4636
3203051007,Cisaranten,Cikadu,Cianjur,3203,Jawa Barat,107.246136,-7.30131,22.1715
3203051005,Kalapanunggal,Cikadu,Cianjur,3203,Jawa Barat,107.208513,-7.341155,12.7271
3203051009,Mekarjaya,Cikadu,Cianjur,3203,Jawa Barat,107.211953,-7.313215,6.9295
3203051003,Mekarlaksana,Cikadu,Cianjur,3203,Jawa Barat,107.259276,-7.359088,16.6795
3203051006,Mekarwangi,Cikadu,Cianjur,3203,Jawa Barat,107.236151,-7.288085,14.756
3203051001,Padaluyu,Cikadu,Cianjur,3203,Jawa Barat,107.205418,-7.377933,15.2489
3203051002,Sukaluyu,Cikadu,Cianjur,3203,Jawa Barat,107.220619,-7.404895,11.5482
3203051010,Sukamanah,Cikadu,Cianjur,3203,Jawa Barat,107.294919,-7.244401,10.8571
3203051008,Sukamulya,Cikadu,Cianjur,3203,Jawa Barat,107.329404,-7.242585,40.2048
3203060011,Bojongpetir,Tanggeung,Cianjur,3203,Jawa Barat,107.112569,-7.236005,8.6041
3203060008,Cilongsong,Tanggeung,Cianjur,3203,Jawa Barat,107.132158,-7.25462,5.1654
3203060001,Karangtengah,Tanggeung,Cianjur,3203,Jawa Barat,107.080137,-7.27128,3.1163
3203060005,Kertajaya,Tanggeung,Cianjur,3203,Jawa Barat,107.130829,-7.2785,5.406
3203060009,Margaluyu,Tanggeung,Cianjur,3203,Jawa Barat,107.107663,-7.262891,4.5338
3203060012,Padaluyu,Tanggeung,Cianjur,3203,Jawa Barat,107.135974,-7.230046,5.6905
3203060010,Pagermaneuh,Tanggeung,Cianjur,3203,Jawa Barat,107.091765,-7.2434,10.5624
3203060007,Pasir Jambu,Tanggeung,Cianjur,3203,Jawa Barat,107.163292,-7.251612,6.1206
3203060002,Rawagede,Tanggeung,Cianjur,3203,Jawa Barat,107.091711,-7.27294,2.8821
3203060006,Sirnajaya,Tanggeung,Cianjur,3203,Jawa Barat,107.148285,-7.27666,8.2621
3203060003,Sukajaya,Tanggeung,Cianjur,3203,Jawa Barat,107.107068,-7.279385,2.7939
3203060004,Tanggeung,Tanggeung,Cianjur,3203,Jawa Barat,107.119224,-7.27265,3.3358
3203061003,Girijaya,Pasirkuda,Cianjur,3203,Jawa Barat,107.182873,-7.259485,20.442
3203061004,Girimukti,Pasirkuda,Cianjur,3203,Jawa Barat,107.23035,-7.210951,3.5634
3203061006,Kalibaru,Pasirkuda,Cianjur,3203,Jawa Barat,107.185758,-7.221765,7.7832
3203061008,Karangjaya,Pasirkuda,Cianjur,3203,Jawa Barat,107.259758,-7.171405,45.5243
3203061002,Kubang,Pasirkuda,Cianjur,3203,Jawa Barat,107.151388,-7.2402,6.9772
3203061001,Mekarmulya,Pasirkuda,Cianjur,3203,Jawa Barat,107.151936,-7.228495,2.8298
3203061009,Padamulya,Pasirkuda,Cianjur,3203,Jawa Barat,107.211814,-7.226654,4.3036
3203061007,Pusakajaya,Pasirkuda,Cianjur,3203,Jawa Barat,107.20441,-7.20012,12.2141
3203061005,Simpang,Pasirkuda,Cianjur,3203,Jawa Barat,107.178772,-7.20361,5.9319
3203070017,Bojongkasih,Kadupandak,Cianjur,3203,Jawa Barat,107.028534,-7.228284,4.4862
3203070022,Gandasari,Kadupandak,Cianjur,3203,Jawa Barat,107.056326,-7.207183,8.2212
3203070012,Kadupandak,Kadupandak,Cianjur,3203,Jawa Barat,107.046007,-7.259029,2.035
3203070014,Neglasari,Kadupandak,Cianjur,3203,Jawa Barat,107.009848,-7.23744,7.9969
3203070010,Pasirdalem,Kadupandak,Cianjur,3203,Jawa Barat,107.069257,-7.235785,5.7348
3203070023,Sindangsari,Kadupandak,Cianjur,3203,Jawa Barat,107.046563,-7.228089,3.1447
3203070015,Sukakerta,Kadupandak,Cianjur,3203,Jawa Barat,106.979137,-7.258885,11.4913
3203070016,Sukaraharja,Kadupandak,Cianjur,3203,Jawa Barat,106.991025,-7.232637,4.7478
3203070011,Sukaraja,Kadupandak,Cianjur,3203,Jawa Barat,107.050474,-7.242135,6.8418
3203070021,Sukaresmi,Kadupandak,Cianjur,3203,Jawa Barat,107.036378,-7.15996,15.4019
3203070018,Sukasari,Kadupandak,Cianjur,3203,Jawa Barat,107.043361,-7.194816,8.7071
3203070013,Talagasari,Kadupandak,Cianjur,3203,Jawa Barat,107.025974,-7.245495,4.045
3203070020,Wargaasih,Kadupandak,Cianjur,3203,Jawa Barat,107.020002,-7.18524,9.6778
3203070019,Wargasari,Kadupandak,Cianjur,3203,Jawa Barat,107.011511,-7.20901,12.3437
3203071004,Bojonglarang,Cijati,Cianjur,3203,Jawa Barat,107.002759,-7.269155,4.1004
3203071008,Caringin,Cijati,Cianjur,3203,Jawa Barat,107.065026,-7.27534,4.0952
3203071007,Cibodas,Cijati,Cianjur,3203,Jawa Barat,107.043733,-7.274455,5.9996
3203071006,Cijati,Cijati,Cianjur,3203,Jawa Barat,107.030192,-7.264777,2.1458
3203071001,Padaasih,Cijati,Cianjur,3203,Jawa Barat,106.985885,-7.292655,4.9157
3203071009,Parakantugu,Cijati,Cianjur,3203,Jawa Barat,107.063404,-7.26458,3.721
3203071003,Sinarbakti,Cijati,Cianjur,3203,Jawa Barat,106.98455,-7.275265,3.9722
3203071002,Sukaluyu,Cijati,Cianjur,3203,Jawa Barat,107.009378,-7.283499,6.4016
3203071005,Sukamahi,Cijati,Cianjur,3203,Jawa Barat,107.022983,-7.274745,6.3813
3203071010,Sukamaju,Cijati,Cianjur,3203,Jawa Barat,106.980183,-7.311197,7.4412
3203080006,Bungbangsari,Takokak,Cianjur,3203,Jawa Barat,106.99088,-7.076185,16.9314
3203080007,Cisujen,Takokak,Cianjur,3203,Jawa Barat,107.023186,-7.09877,12.8133
3203080009,Hegarmanah,Takokak,Cianjur,3203,Jawa Barat,106.978207,-7.031338,12.1035
3203080008,Pasawahan,Takokak,Cianjur,3203,Jawa Barat,107.002728,-7.05009,15.7373
3203080003,Simpang,Takokak,Cianjur,3203,Jawa Barat,107.007513,-7.135945,20.7053
3203080004,Sindanghayu,Takokak,Cianjur,3203,Jawa Barat,106.960475,-7.124651,18.662
3203080005,Sindangresmi,Takokak,Cianjur,3203,Jawa Barat,106.965624,-7.081183,18.7417
3203080002,Sukagalih,Takokak,Cianjur,3203,Jawa Barat,106.980677,-7.157529,14.3949
3203080001,Waringinsari,Takokak,Cianjur,3203,Jawa Barat,106.984251,-7.194222,12.5918
3203090002,Ciguha,Sukanagara,Cianjur,3203,Jawa Barat,107.05446,-7.11757,14.2505
3203090007,Gunungsari,Sukanagara,Cianjur,3203,Jawa Barat,107.084503,-7.094645,34.3333
3203090001,Jayagiri,Sukanagara,Cianjur,3203,Jawa Barat,107.028281,-7.1277,11.0561
3203090008,Sindangsari,Sukanagara,Cianjur,3203,Jawa Barat,107.031797,-7.07156,15.4697
3203090009,Sukajembar,Sukanagara,Cianjur,3203,Jawa Barat,107.064001,-7.06214,14.8778
3203090003,Sukakarya,Sukanagara,Cianjur,3203,Jawa Barat,107.081371,-7.15131,16.3217
3203090005,Sukalaksana,Sukanagara,Cianjur,3203,Jawa Barat,107.137017,-7.117675,12.2285
3203090010,Sukamekar,Sukanagara,Cianjur,3203,Jawa Barat,107.128433,-7.06774,31.62
3203090006,Sukanagara,Sukanagara,Cianjur,3203,Jawa Barat,107.13865,-7.098345,11.5452
3203090004,Sukarame,Sukanagara,Cianjur,3203,Jawa Barat,107.117883,-7.138675,13.178
3203100009,Bunijaya,Pagelaran,Cianjur,3203,Jawa Barat,107.238208,-7.134855,28.9901
3203100008,Buniwangi,Pagelaran,Cianjur,3203,Jawa Barat,107.247582,-7.147579,35.884
3203100016,Gelar Anyar,Pagelaran,Cianjur,3203,Jawa Barat,107.096792,-7.191885,13.5197
3203100014,Karangharja,Pagelaran,Cianjur,3203,Jawa Barat,107.123081,-7.18399,4.7009
3203100001,Kertaraharja,Pagelaran,Cianjur,3203,Jawa Barat,107.131942,-7.20277,6.2273
3203100017,Mekarsari,Pagelaran,Cianjur,3203,Jawa Barat,107.07402,-7.18976,12.5373
3203100003,Padamaju,Pagelaran,Cianjur,3203,Jawa Barat,107.164358,-7.19637,6.0436
3203100002,Pagelaran,Pagelaran,Cianjur,3203,Jawa Barat,107.149517,-7.21308,5.8941
3203100010,Pangadegan,Pagelaran,Cianjur,3203,Jawa Barat,107.159029,-7.159635,5.3934
3203100012,Pasirbaru,Pagelaran,Cianjur,3203,Jawa Barat,107.139086,-7.1543,11.8969
3203100015,Selagedang,Pagelaran,Cianjur,3203,Jawa Barat,107.110801,-7.181075,7.4156
3203100013,Sindangkerta,Pagelaran,Cianjur,3203,Jawa Barat,107.142007,-7.181125,6.4518
3203100011,Situhiang,Pagelaran,Cianjur,3203,Jawa Barat,107.209553,-7.11686,48.9399
3203100018,Sukamaju,Pagelaran,Cianjur,3203,Jawa Barat,107.08678,-7.220065,6.3294
3203110011,Campaka,Campaka,Cianjur,3203,Jawa Barat,107.13061,-7.037835,13.3408
3203110010,Cidadap,Campaka,Cianjur,3203,Jawa Barat,107.144783,-7.020252,9.9775
3203110004,Cimenteng,Campaka,Cianjur,3203,Jawa Barat,107.056858,-6.971999,12.5116
3203110005,Girimukti,Campaka,Cianjur,3203,Jawa Barat,107.10755,-6.968965,11.5375
3203110003,Karyamukti,Campaka,Cianjur,3203,Jawa Barat,107.065581,-6.994345,18.9641
3203110008,Margaluyu,Campaka,Cianjur,3203,Jawa Barat,107.17552,-6.980312,8.7982
3203110009,Mekarjaya,Campaka,Cianjur,3203,Jawa Barat,107.178149,-7.021999,15.9642
3203110002,Sukadana,Campaka,Cianjur,3203,Jawa Barat,107.109629,-7.002125,13.1659
3203110007,Sukajadi,Campaka,Cianjur,3203,Jawa Barat,107.154771,-6.991089,8.2609
3203110006,Susukan,Campaka,Cianjur,3203,Jawa Barat,107.121312,-6.96436,6.2528
3203110001,Wangunjaya,Campaka,Cianjur,3203,Jawa Barat,107.077615,-7.03515,25.4503
3203111002,Campakamulya,Campaka Mulya,Cianjur,3203,Jawa Barat,107.175376,-7.08445,10.2063
3203111001,Campakawarna,Campaka Mulya,Cianjur,3203,Jawa Barat,107.1679,-7.050161,8.565
3203111004,Cibanggala,Campaka Mulya,Cianjur,3203,Jawa Barat,107.212922,-7.08116,10.6217
3203111003,Sukabungah,Campaka Mulya,Cianjur,3203,Jawa Barat,107.195256,-7.08526,9.871
3203111005,Sukasirna,Campaka Mulya,Cianjur,3203,Jawa Barat,107.247888,-7.076356,35.2863
3203120008,Cibadak,Cibeber,Cianjur,3203,Jawa Barat,107.165502,-6.954005,7.6063
3203120016,Cibaregbeg,Cibeber,Cianjur,3203,Jawa Barat,107.17396,-6.90801,5.9775
3203120001,Cibokor,Cibeber,Cianjur,3203,Jawa Barat,107.070132,-6.949069,15.33
3203120005,Cihaur,Cibeber,Cianjur,3203,Jawa Barat,107.135362,-6.937478,1.1394
3203120004,Cikondang,Cibeber,Cianjur,3203,Jawa Barat,107.113333,-6.943231,3.3948
3203120010,Cimanggu,Cibeber,Cianjur,3203,Jawa Barat,107.155901,-6.934863,3.8846
3203120003,Cipetir,Cibeber,Cianjur,3203,Jawa Barat,107.113611,-6.929587,4.6353
3203120011,Cisalak,Cibeber,Cianjur,3203,Jawa Barat,107.136418,-6.927136,2.9027
3203120009,Girimulya,Cibeber,Cianjur,3203,Jawa Barat,107.18088,-6.944986,10.6844
3203120002,Kanoman,Cibeber,Cianjur,3203,Jawa Barat,107.079562,-6.9273,14.2854
3203120017,Karangnunggal,Cibeber,Cianjur,3203,Jawa Barat,107.197175,-6.931814,14.3453
3203120012,Mayak,Cibeber,Cianjur,3203,Jawa Barat,107.118543,-6.918082,4.1884
3203120013,Peuteuycondong,Cibeber,Cianjur,3203,Jawa Barat,107.125318,-6.9019,5.637
3203120007,Salagedang,Cibeber,Cianjur,3203,Jawa Barat,107.15135,-6.97466,10.8355
3203120018,Salamnunggal,Cibeber,Cianjur,3203,Jawa Barat,107.206699,-6.897969,5.2451
3203120015,Sukamaju,Cibeber,Cianjur,3203,Jawa Barat,107.156685,-6.913518,4.615
3203120006,Sukamanah,Cibeber,Cianjur,3203,Jawa Barat,107.134511,-6.963965,5.6785
3203120014,Sukaraharja,Cibeber,Cianjur,3203,Jawa Barat,107.143756,-6.911307,4.7151
3203130015,Bunikasih,Warungkondang,Cianjur,3203,Jawa Barat,107.032341,-6.824545,8.8846
3203130016,Bunisari,Warungkondang,Cianjur,3203,Jawa Barat,107.080251,-6.859855,2.6468
3203130017,Cieundeur,Warungkondang,Cianjur,3203,Jawa Barat,107.1121,-6.87231,2.294
3203130004,Cikaroya,Warungkondang,Cianjur,3203,Jawa Barat,107.10038,-6.876305,2.1618
3203130002,Cisarandi,Warungkondang,Cianjur,3203,Jawa Barat,107.095317,-6.894688,3.8442
3203130018,Ciwalen,Warungkondang,Cianjur,3203,Jawa Barat,107.09966,-6.857175,4.6497
3203130012,Jambudipa,Warungkondang,Cianjur,3203,Jawa Barat,107.085303,-6.867743,1.9632
3203130013,Mekarwangi,Warungkondang,Cianjur,3203,Jawa Barat,107.038321,-6.8441,4.2878
3203130003,Sukamulya,Warungkondang,Cianjur,3203,Jawa Barat,107.103498,-6.89849,4.7845
3203130019,Sukawangi,Warungkondang,Cianjur,3203,Jawa Barat,107.092626,-6.84728,3.3187
3203130014,Tegallega,Warungkondang,Cianjur,3203,Jawa Barat,107.022166,-6.826295,7.2617
3203131004,Bangbayang,Gekbrong,Cianjur,3203,Jawa Barat,107.074079,-6.873145,2.7124
3203131006,Cikahuripan,Gekbrong,Cianjur,3203,Jawa Barat,107.037504,-6.884031,4.5042
3203131002,Cikancana,Gekbrong,Cianjur,3203,Jawa Barat,107.083988,-6.88584,2.4539
3203131001,Cintaasih,Gekbrong,Cianjur,3203,Jawa Barat,107.065526,-6.902573,11.5229
3203131007,Gekbrong,Gekbrong,Cianjur,3203,Jawa Barat,107.011571,-6.84464,7.6336
3203131008,Kebonpeuteuy,Gekbrong,Cianjur,3203,Jawa Barat,107.017397,-6.836825,10.118
3203131005,Songgom,Gekbrong,Cianjur,3203,Jawa Barat,107.065541,-6.865817,2.6467
3203131003,Sukaratu,Gekbrong,Cianjur,3203,Jawa Barat,107.05914,-6.885915,8.6371
3203140006,Cibinong Hilir,Cilaku,Cianjur,3203,Jawa Barat,107.147034,-6.860352,5.5482
3203140005,Ciharashas,Cilaku,Cianjur,3203,Jawa Barat,107.164857,-6.862235,5.2746
3203140004,Mulyasari,Cilaku,Cianjur,3203,Jawa Barat,107.185298,-6.88652,5.6707
3203140009,Munjul,Cilaku,Cianjur,3203,Jawa Barat,107.179488,-6.845861,3.5985
3203140008,Rahong,Cilaku,Cianjur,3203,Jawa Barat,107.178166,-6.85776,4.8593
3203140010,Rancagoong,Cilaku,Cianjur,3203,Jawa Barat,107.114513,-6.844105,3.6885
3203140003,Sindangsari,Cilaku,Cianjur,3203,Jawa Barat,107.163512,-6.893315,5.5875
3203140007,Sirnagalih,Cilaku,Cianjur,3203,Jawa Barat,107.125744,-6.8561,6.4011
3203140002,Sukakerta,Cilaku,Cianjur,3203,Jawa Barat,107.143906,-6.88538,7.3471
3203140001,Sukasari,Cilaku,Cianjur,3203,Jawa Barat,107.126558,-6.878515,5.1643
3203150005,Babakansari,Sukaluyu,Cianjur,3203,Jawa Barat,107.211326,-6.838055,4.5041
3203150008,Hegarmanah,Sukaluyu,Cianjur,3203,Jawa Barat,107.242,-6.80244,3.4281
3203150001,Mekarjaya,Sukaluyu,Cianjur,3203,Jawa Barat,107.184951,-6.86904,3.1452
3203150002,Panyusuhan,Sukaluyu,Cianjur,3203,Jawa Barat,107.204017,-6.87117,6.0831
3203150007,Selajambe,Sukaluyu,Cianjur,3203,Jawa Barat,107.221889,-6.808608,3.2919
3203150010,Sindangraja,Sukaluyu,Cianjur,3203,Jawa Barat,107.243576,-6.778355,4.4831
3203150003,Sukaluyu,Sukaluyu,Cianjur,3203,Jawa Barat,107.21261,-6.859175,5.2804
3203150004,Sukamulya,Sukaluyu,Cianjur,3203,Jawa Barat,107.228001,-6.841535,7.4261
3203150009,Sukasirna,Sukaluyu,Cianjur,3203,Jawa Barat,107.230716,-6.796613,4.3997
3203150006,Tanjungsari,Sukaluyu,Cianjur,3203,Jawa Barat,107.211164,-6.823865,4.6053
3203160008,Bojongpicung,Bojongpicung,Cianjur,3203,Jawa Barat,107.265094,-6.853515,3.2973
3203160006,Cibarengkok,Bojongpicung,Cianjur,3203,Jawa Barat,107.252904,-6.877125,4.6563
3203160003,Cikondang,Bojongpicung,Cianjur,3203,Jawa Barat,107.219708,-6.877792,3.1927
3203160013,Hegarmanah,Bojongpicung,Cianjur,3203,Jawa Barat,107.276535,-6.831952,4.3672
3203160007,Jati,Bojongpicung,Cianjur,3203,Jawa Barat,107.244631,-6.85691,4.2735
3203160004,Jatisari,Bojongpicung,Cianjur,3203,Jawa Barat,107.238118,-6.882825,6.7713
3203160005,Kemang,Bojongpicung,Cianjur,3203,Jawa Barat,107.269481,-6.904596,34.0214
3203160012,Neglasari,Bojongpicung,Cianjur,3203,Jawa Barat,107.279826,-6.843642,3.3964
3203160002,Sukajaya,Bojongpicung,Cianjur,3203,Jawa Barat,107.222967,-6.892272,3.7255
3203160001,Sukarama,Bojongpicung,Cianjur,3203,Jawa Barat,107.220143,-6.917986,13.205
3203160009,Sukaratu,Bojongpicung,Cianjur,3203,Jawa Barat,107.279885,-6.865875,8.4343
3203161001,Cihea,Haurwangi,Cianjur,3203,Jawa Barat,107.32127,-6.869015,24.8683
3203161007,Cipeuyeum,Haurwangi,Cianjur,3203,Jawa Barat,107.290958,-6.808985,1.7742
3203161004,Haurwangi,Haurwangi,Cianjur,3203,Jawa Barat,107.313389,-6.831528,4.0721
3203161006,Kertamukti,Haurwangi,Cianjur,3203,Jawa Barat,107.305098,-6.805769,3.3704
3203161005,Kertasari,Haurwangi,Cianjur,3203,Jawa Barat,107.308644,-6.818177,2.454
3203161008,Mekarwangi,Haurwangi,Cianjur,3203,Jawa Barat,107.291234,-6.82373,2.0708
3203161003,Ramasari,Haurwangi,Cianjur,3203,Jawa Barat,107.294161,-6.834526,3.0991
3203161002,Sukatani,Haurwangi,Cianjur,3203,Jawa Barat,107.301867,-6.84662,4.1279
3203170009,Cibiuk,Ciranjang,Cianjur,3203,Jawa Barat,107.262771,-6.810965,3.5867
3203170011,Ciranjang,Ciranjang,Cianjur,3203,Jawa Barat,107.248151,-6.81448,3.2045
3203170005,Gunungsari,Ciranjang,Cianjur,3203,Jawa Barat,107.290177,-6.796465,3.5958
3203170004,Karangwangi,Ciranjang,Cianjur,3203,Jawa Barat,107.277691,-6.816825,2.3986
3203170006,Kertajaya,Ciranjang,Cianjur,3203,Jawa Barat,107.276401,-6.790885,3.9703
3203170010,Mekargalih,Ciranjang,Cianjur,3203,Jawa Barat,107.262094,-6.827215,2.1782
3203170012,Nanggalamekar,Ciranjang,Cianjur,3203,Jawa Barat,107.249433,-6.837662,6.1644
3203170007,Sindangjaya,Ciranjang,Cianjur,3203,Jawa Barat,107.266937,-6.789212,3.2613
3203170008,Sindangsari,Ciranjang,Cianjur,3203,Jawa Barat,107.261114,-6.786868,3.4364
3203180009,Bobojong,Mande,Cianjur,3203,Jawa Barat,107.241804,-6.761919,7.1826
3203180005,Ciandam,Mande,Cianjur,3203,Jawa Barat,107.174083,-6.747105,8.2657
3203180010,Cikidangbayabang,Mande,Cianjur,3203,Jawa Barat,107.254972,-6.765596,1.7061
3203180006,Jamali,Mande,Cianjur,3203,Jawa Barat,107.198012,-6.756795,9.1018
3203180007,Kademangan,Mande,Cianjur,3203,Jawa Barat,107.196179,-6.773575,2.6682
3203180003,Kutawaringin,Mande,Cianjur,3203,Jawa Barat,107.130956,-6.75129,12.646
3203180002,Leuwikoja,Mande,Cianjur,3203,Jawa Barat,107.154388,-6.775525,6.1097
3203180012,Mande,Mande,Cianjur,3203,Jawa Barat,107.244564,-6.731517,6.4333
3203180001,Mekarjaya,Mande,Cianjur,3203,Jawa Barat,107.129054,-6.77577,12.28
3203180008,Mulyasari,Mande,Cianjur,3203,Jawa Barat,107.216081,-6.753435,4.4926
3203180011,Murnisari,Mande,Cianjur,3203,Jawa Barat,107.239016,-6.750105,6.9468
3203180004,Sukamanah,Mande,Cianjur,3203,Jawa Barat,107.17118,-6.76586,7.0736
3203190009,Babakancaringin,Karangtengah,Cianjur,3203,Jawa Barat,107.203391,-6.810213,3.5303
3203190007,Bojong,Karangtengah,Cianjur,3203,Jawa Barat,107.167892,-6.803258,3.5728
3203190010,Ciherang,Karangtengah,Cianjur,3203,Jawa Barat,107.213273,-6.791583,5.067
3203190008,Hegarmanah,Karangtengah,Cianjur,3203,Jawa Barat,107.186521,-6.807657,3.8391
3203190003,Langensari,Karangtengah,Cianjur,3203,Jawa Barat,107.193789,-6.841536,3.6191
3203190005,Maleber,Karangtengah,Cianjur,3203,Jawa Barat,107.173692,-6.8231,2.2488
3203190006,Sabandar,Karangtengah,Cianjur,3203,Jawa Barat,107.160869,-6.812677,3.1202
3203190002,Sindangasih,Karangtengah,Cianjur,3203,Jawa Barat,107.177237,-6.833157,2.3123
3203190015,Sindanglaka,Karangtengah,Cianjur,3203,Jawa Barat,107.173993,-6.784335,1.7155
3203190011,Sukajadi,Karangtengah,Cianjur,3203,Jawa Barat,107.234834,-6.769585,3.4483
3203190001,Sukamanah,Karangtengah,Cianjur,3203,Jawa Barat,107.157966,-6.83035,3.0034
3203190013,Sukamantri,Karangtengah,Cianjur,3203,Jawa Barat,107.189492,-6.78828,2.6495
3203190014,Sukamulya,Karangtengah,Cianjur,3203,Jawa Barat,107.178413,-6.790694,2.5321
3203190012,Sukasarana,Karangtengah,Cianjur,3203,Jawa Barat,107.207649,-6.784796,2.6807
3203190004,Sukasari,Karangtengah,Cianjur,3203,Jawa Barat,107.189611,-6.823985,3.2643
3203190016,Sukataris,Karangtengah,Cianjur,3203,Jawa Barat,107.15649,-6.79716,1.7326
3203200011,Babakankaret,Cianjur,Cianjur,3203,Jawa Barat,107.135628,-6.795348,5.4902
3203200006,Bojongherang,Cianjur,Cianjur,3203,Jawa Barat,107.136969,-6.81002,1.9762
3203200009,Limbangan Sari,Cianjur,Cianjur,3203,Jawa Barat,107.118531,-6.820257,1.9076
3203200010,Mekarsari,Cianjur,Cianjur,3203,Jawa Barat,107.121075,-6.811888,2.3135
3203200005,Muka,Cianjur,Cianjur,3203,Jawa Barat,107.147324,-6.810054,1.2552
3203200001,Nagrak,Cianjur,Cianjur,3203,Jawa Barat,107.108754,-6.832991,4.7493
3203200007,Pamoyanan,Cianjur,Cianjur,3203,Jawa Barat,107.134732,-6.819659,1.2196
3203200008,Sawah Gede,Cianjur,Cianjur,3203,Jawa Barat,107.130759,-6.827567,1.7725
3203200003,Sayang,Cianjur,Cianjur,3203,Jawa Barat,107.143811,-6.8292,2.1389
3203200004,Solokpandan,Cianjur,Cianjur,3203,Jawa Barat,107.145999,-6.819513,0.7377
3203200002,Sukamaju,Cianjur,Cianjur,3203,Jawa Barat,107.142649,-6.839014,2.991
3203210006,Benjot,Cugenang,Cianjur,3203,Jawa Barat,107.089041,-6.815515,2.2087
3203210013,Cibeureum,Cugenang,Cianjur,3203,Jawa Barat,107.067255,-6.785629,3.8019
3203210003,Cibulakan,Cugenang,Cianjur,3203,Jawa Barat,107.094489,-6.825311,2.2385
3203210014,Cijedil,Cugenang,Cianjur,3203,Jawa Barat,107.083399,-6.78634,7.5564
3203210004,Cirumput,Cugenang,Cianjur,3203,Jawa Barat,107.059614,-6.8203,5.157
3203210011,Galudra,Cugenang,Cianjur,3203,Jawa Barat,107.040251,-6.78275,5.5413
3203210007,Gasol,Cugenang,Cianjur,3203,Jawa Barat,107.100211,-6.81105,2.9637
3203210009,Mangunkerta,Cugenang,Cianjur,3203,Jawa Barat,107.061158,-6.800975,2.0624
3203210012,Nyalindung,Cugenang,Cianjur,3203,Jawa Barat,107.058396,-6.791375,1.743
3203210001,Padaluyu,Cugenang,Cianjur,3203,Jawa Barat,107.04237,-6.818234,7.6358
3203210008,Sarampad,Cugenang,Cianjur,3203,Jawa Barat,107.068915,-6.80682,5.6758
3203210002,Sukajaya,Cugenang,Cianjur,3203,Jawa Barat,107.07898,-6.83805,2.4391
3203210015,Sukamanah,Cugenang,Cianjur,3203,Jawa Barat,107.112775,-6.805528,2.0682
3203210010,Sukamulya,Cugenang,Cianjur,3203,Jawa Barat,107.020012,-6.794055,12.3154
3203210005,Talaga,Cugenang,Cianjur,3203,Jawa Barat,107.073263,-6.820299,3.2218
3203210016,Wangunjaya,Cugenang,Cianjur,3203,Jawa Barat,107.105547,-6.78189,9.8505
3203220004,Cibodas,Pacet,Cianjur,3203,Jawa Barat,107.065717,-6.730367,4.1729
3203220002,Ciherang,Pacet,Cianjur,3203,Jawa Barat,107.005975,-6.771095,7.2883
3203220003,Cipendawa,Pacet,Cianjur,3203,Jawa Barat,107.007475,-6.765225,8.2472
3203220001,Ciputri,Pacet,Cianjur,3203,Jawa Barat,107.056619,-6.773985,9.4145
3203220005,Gadog,Pacet,Cianjur,3203,Jawa Barat,107.048466,-6.730325,2.3226
3203220014,Sukanagalih,Pacet,Cianjur,3203,Jawa Barat,107.047554,-6.701815,5.81
3203220008,Sukatani,Pacet,Cianjur,3203,Jawa Barat,107.02727,-6.748015,3.7411
3203221007,Batulawang,Cipanas,Cianjur,3203,Jawa Barat,107.025825,-6.680808,25.7164
3203221006,Ciloto,Cipanas,Cianjur,3203,Jawa Barat,107.007363,-6.711634,6.4352
3203221005,Cimacan,Cipanas,Cianjur,3203,Jawa Barat,106.981013,-6.748335,14.1877
3203221002,Cipanas,Cipanas,Cianjur,3203,Jawa Barat,107.035642,-6.734651,1.5791
3203221004,Palasari,Cipanas,Cianjur,3203,Jawa Barat,107.033245,-6.711845,3.7431
3203221001,Sindangjaya,Cipanas,Cianjur,3203,Jawa Barat,106.996899,-6.753458,11.3668
3203221003,Sindanglaya,Cipanas,Cianjur,3203,Jawa Barat,107.043626,-6.725125,2.3332
3203230006,Cibadak,Sukaresmi,Cianjur,3203,Jawa Barat,107.064798,-6.702994,3.3608
3203230008,Cibanteng,Sukaresmi,Cianjur,3203,Jawa Barat,107.083154,-6.684317,11.8829
3203230011,Cikancana,Sukaresmi,Cianjur,3203,Jawa Barat,107.133466,-6.706159,9.7476
3203230002,Cikanyere,Sukaresmi,Cianjur,3203,Jawa Barat,107.095086,-6.738669,7.7283
3203230004,Ciwalen,Sukaresmi,Cianjur,3203,Jawa Barat,107.084221,-6.708725,7.2616
3203230005,Kawungluwuk,Sukaresmi,Cianjur,3203,Jawa Barat,107.082133,-6.722775,2.9679
3203230009,Kubang,Sukaresmi,Cianjur,3203,Jawa Barat,107.103134,-6.692294,13.0435
3203230001,Pakuon,Sukaresmi,Cianjur,3203,Jawa Barat,107.074291,-6.751462,10.457
3203230007,Rawabelut,Sukaresmi,Cianjur,3203,Jawa Barat,107.060902,-6.677655,4.2927
3203230010,Sukamahi,Sukaresmi,Cianjur,3203,Jawa Barat,107.127217,-6.686444,10.2447
3203230003,Sukaresmi,Sukaresmi,Cianjur,3203,Jawa Barat,107.132815,-6.731585,14.4768
3203240018,Cigunungherang,Cikalongkulon,Cianjur,3203,Jawa Barat,107.236407,-6.632163,18.945
3203240007,Cijagang,Cikalongkulon,Cianjur,3203,Jawa Barat,107.171536,-6.689625,6.4716
3203240002,Cinangsi,Cikalongkulon,Cianjur,3203,Jawa Barat,107.202314,-6.72876,4.4012
3203240016,Cirama Girang,Cikalongkulon,Cianjur,3203,Jawa Barat,107.241779,-6.675252,9.5604
3203240004,Gudang,Cikalongkulon,Cianjur,3203,Jawa Barat,107.235534,-6.72107,3.5383
3203240015,Kamurang,Cikalongkulon,Cianjur,3203,Jawa Barat,107.259204,-6.706015,6.4146
3203240013,Lembahsari,Cikalongkulon,Cianjur,3203,Jawa Barat,107.228341,-6.6984,3.1064
3203240006,Majalaya,Cikalongkulon,Cianjur,3203,Jawa Barat,107.160809,-6.702773,8.7478
3203240017,Mekar Mulya,Cikalongkulon,Cianjur,3203,Jawa Barat,107.22566,-6.662518,9.2095
3203240009,Mekar Sari,Cikalongkulon,Cianjur,3203,Jawa Barat,107.172943,-6.656753,12.5531
3203240011,Mekargalih,Cikalongkulon,Cianjur,3203,Jawa Barat,107.20971,-6.676699,16.0904
3203240008,Mekarjaya,Cikalongkulon,Cianjur,3203,Jawa Barat,107.161304,-6.675795,7.7789
3203240003,Mentengsari,Cikalongkulon,Cianjur,3203,Jawa Barat,107.219957,-6.729902,3.9768
3203240012,Neglasari,Cikalongkulon,Cianjur,3203,Jawa Barat,107.216207,-6.69807,4.5189
3203240001,Padajaya,Cikalongkulon,Cianjur,3203,Jawa Barat,107.175694,-6.725286,8.9547
3203240005,Sukagalih,Cikalongkulon,Cianjur,3203,Jawa Barat,107.211923,-6.71761,1.6288
3203240010,Sukamulya,Cikalongkulon,Cianjur,3203,Jawa Barat,107.190158,-6.689945,7.7159
3203240014,Warudoyong,Cikalongkulon,Cianjur,3203,Jawa Barat,107.234353,-6.699935,3.5804
3204010002,Ciwidey,Ciwidey,Bandung,3204,Jawa Barat,107.447719,-7.102271,2.4681
3204010004,Lebakmuncang,Ciwidey,Bandung,3204,Jawa Barat,107.417872,-7.11164,19.3154
3204010006,Nengkelan,Ciwidey,Bandung,3204,Jawa Barat,107.448762,-7.065134,4.2709
3204010001,Panundaan,Ciwidey,Bandung,3204,Jawa Barat,107.439894,-7.110672,3.2413
3204010003,Panyocokan,Ciwidey,Bandung,3204,Jawa Barat,107.460096,-7.09159,3.5947
3204010005,Rawabogo,Ciwidey,Bandung,3204,Jawa Barat,107.432708,-7.06778,7.9487
3204010007,Sukawening,Ciwidey,Bandung,3204,Jawa Barat,107.465328,-7.06837,7.1866
3204011005,Alamendah,Rancabali,Bandung,3204,Jawa Barat,107.424275,-7.136123,11.5673
3204011001,Cipelah,Rancabali,Bandung,3204,Jawa Barat,107.298452,-7.179698,28.3203
3204011003,Indragiri,Rancabali,Bandung,3204,Jawa Barat,107.332811,-7.134495,25.2251
3204011004,Patengan,Rancabali,Bandung,3204,Jawa Barat,107.372718,-7.153625,36.3044
3204011002,Sukaresmi,Rancabali,Bandung,3204,Jawa Barat,107.356061,-7.19899,47.4817
3204020006,Cibodas,Pasirjambu,Bandung,3204,Jawa Barat,107.503079,-7.100311,9.7465
3204020010,Cikoneng,Pasirjambu,Bandung,3204,Jawa Barat,107.482871,-7.065196,5.0344
3204020004,Cisondari,Pasirjambu,Bandung,3204,Jawa Barat,107.48827,-7.117244,13.2476
3204020007,Cukanggenteng,Pasirjambu,Bandung,3204,Jawa Barat,107.494142,-7.07672,5.8943
3204020002,Margamulya,Pasirjambu,Bandung,3204,Jawa Barat,107.461315,-7.13748,12.9598
3204020009,Mekarmaju,Pasirjambu,Bandung,3204,Jawa Barat,107.468361,-7.088874,1.1056
3204020005,Mekarsari,Pasirjambu,Bandung,3204,Jawa Barat,107.505285,-7.14443,21.3328
3204020008,Pasirjambu,Pasirjambu,Bandung,3204,Jawa Barat,107.476459,-7.090115,1.7741
3204020001,Sugihmukti,Pasirjambu,Bandung,3204,Jawa Barat,107.437036,-7.186995,130.6148
3204020003,Tenjolaya,Pasirjambu,Bandung,3204,Jawa Barat,107.471605,-7.117805,3.6974
3204030005,Campakamulya,Cimaung,Bandung,3204,Jawa Barat,107.597936,-7.116704,8.5431
3204030001,Cikalong,Cimaung,Bandung,3204,Jawa Barat,107.558398,-7.119585,1.8539
3204030004,Cimaung,Cimaung,Bandung,3204,Jawa Barat,107.562335,-7.093309,3.7388
3204030003,Cipinang,Cimaung,Bandung,3204,Jawa Barat,107.558618,-7.102787,2.1664
3204030007,Jagabaya,Cimaung,Bandung,3204,Jawa Barat,107.562664,-7.077701,4.1618
3204030008,Malasari,Cimaung,Bandung,3204,Jawa Barat,107.5416,-7.087422,4.7908
3204030002,Mekarsari,Cimaung,Bandung,3204,Jawa Barat,107.581623,-7.122911,9.4184
3204030006,Pasirhuni,Cimaung,Bandung,3204,Jawa Barat,107.575759,-7.092779,2.1429
3204030009,Sukamaju,Cimaung,Bandung,3204,Jawa Barat,107.52734,-7.114809,9.5758
3204030010,Warjabakti,Cimaung,Bandung,3204,Jawa Barat,107.589849,-7.136193,12.9219
3204040002,Banjarsari,Pangalengan,Bandung,3204,Jawa Barat,107.592991,-7.23827,25.4771
3204040888,Danau,Pangalengan,Bandung,3204,Jawa Barat,107.557165,-7.213774,3.4576
3204040013,Lamajang,Pangalengan,Bandung,3204,Jawa Barat,107.540567,-7.130175,15.7955
3204040003,Margaluyu,Pangalengan,Bandung,3204,Jawa Barat,107.562161,-7.226755,16.9515
3204040007,Margamekar,Pangalengan,Bandung,3204,Jawa Barat,107.576887,-7.196395,3.9355
3204040009,Margamukti,Pangalengan,Bandung,3204,Jawa Barat,107.614917,-7.185275,18.6042
3204040011,Margamulya,Pangalengan,Bandung,3204,Jawa Barat,107.584456,-7.163385,12.3959
3204040010,Pangalengan,Pangalengan,Bandung,3204,Jawa Barat,107.612291,-7.170125,11.3583
3204040006,Pulosari,Pangalengan,Bandung,3204,Jawa Barat,107.543252,-7.176005,15.7971
3204040004,Sukaluyu,Pangalengan,Bandung,3204,Jawa Barat,107.522324,-7.232995,24.3335
3204040008,Sukamanah,Pangalengan,Bandung,3204,Jawa Barat,107.59461,-7.199695,5.6452
3204040012,Tribaktimulya,Pangalengan,Bandung,3204,Jawa Barat,107.564742,-7.142795,9.8654
3204040001,Wanasuka,Pangalengan,Bandung,3204,Jawa Barat,107.600995,-7.26681,31.3796
3204040005,Warnasari,Pangalengan,Bandung,3204,Jawa Barat,107.515373,-7.187125,25.9051
3204050005,Cibeureum,Kertasari,Bandung,3204,Jawa Barat,107.66823,-7.18752,12.6557
3204050006,Cihawuk,Kertasari,Bandung,3204,Jawa Barat,107.709896,-7.191601,13.6105
3204050004,Cikembang,Kertasari,Bandung,3204,Jawa Barat,107.690579,-7.208247,12.4163
3204050001,Neglawangi,Kertasari,Bandung,3204,Jawa Barat,107.690994,-7.28007,49.646
3204050008,Resmi Tinggal,Kertasari,Bandung,3204,Jawa Barat,107.694048,-7.15,1.7598
3204050002,Santosa,Kertasari,Bandung,3204,Jawa Barat,107.635548,-7.26946,19.4991
3204050007,Sukapura,Kertasari,Bandung,3204,Jawa Barat,107.692119,-7.164157,3.9203
3204050003,Tarumajaya,Kertasari,Bandung,3204,Jawa Barat,107.668225,-7.227265,38.6969
3204060004,Cikawao,Pacet,Bandung,3204,Jawa Barat,107.733124,-7.119967,8.0708
3204060001,Cikitu,Pacet,Bandung,3204,Jawa Barat,107.667593,-7.152295,6.5138
3204060009,Cinanggela,Pacet,Bandung,3204,Jawa Barat,107.6574,-7.134102,6.9556
3204060012,Cipeujeuh,Pacet,Bandung,3204,Jawa Barat,107.709425,-7.092334,2.1847
3204060002,Girimulya,Pacet,Bandung,3204,Jawa Barat,107.677644,-7.161504,6.3185
3204060006,Mandalahaji,Pacet,Bandung,3204,Jawa Barat,107.710198,-7.117035,5.8849
3204060007,Maruyung,Pacet,Bandung,3204,Jawa Barat,107.704669,-7.107192,1.7385
3204060010,Mekarjaya,Pacet,Bandung,3204,Jawa Barat,107.688235,-7.115745,6.2525
3204060011,Mekarsari,Pacet,Bandung,3204,Jawa Barat,107.67912,-7.107105,9.005
3204060005,Nagrak,Pacet,Bandung,3204,Jawa Barat,107.722794,-7.114675,8.2817
3204060008,Pangauban,Pacet,Bandung,3204,Jawa Barat,107.663541,-7.146165,11.94
3204060003,Sukarame,Pacet,Bandung,3204,Jawa Barat,107.721239,-7.155397,20.2643
3204060013,Tanjungwangi,Pacet,Bandung,3204,Jawa Barat,107.723554,-7.084461,2.1119
3204070007,Cibeet,Ibun,Bandung,3204,Jawa Barat,107.760815,-7.087543,2.1974
3204070002,Dukuh,Ibun,Bandung,3204,Jawa Barat,107.758604,-7.133205,9.5209
3204070003,Ibun,Ibun,Bandung,3204,Jawa Barat,107.770928,-7.127425,8.8663
3204070009,Karyalaksana,Ibun,Bandung,3204,Jawa Barat,107.75402,-7.076628,1.6259
3204070004,Laksana,Ibun,Bandung,3204,Jawa Barat,107.786,-7.12972,9.4765
3204070010,Lampegan,Ibun,Bandung,3204,Jawa Barat,107.758973,-7.070674,1.289
3204070005,Mekarwangi,Ibun,Bandung,3204,Jawa Barat,107.791931,-7.120265,9.6504
3204070001,Neglasari,Ibun,Bandung,3204,Jawa Barat,107.749993,-7.137465,8.7354
3204070008,Pangguh,Ibun,Bandung,3204,Jawa Barat,107.749591,-7.097585,4.4202
3204070006,Sudi,Ibun,Bandung,3204,Jawa Barat,107.769172,-7.081121,1.8125
3204070011,Talun,Ibun,Bandung,3204,Jawa Barat,107.766004,-7.065422,1.1696
3204070012,Tanggulun,Ibun,Bandung,3204,Jawa Barat,107.76249,-7.055419,0.2594
3204080012,Cigentur,Paseh,Bandung,3204,Jawa Barat,107.795144,-7.021289,2.3634
3204080008,Cijagra,Paseh,Bandung,3204,Jawa Barat,107.78658,-7.039925,2.1143
3204080003,Cipaku,Paseh,Bandung,3204,Jawa Barat,107.783196,-7.058829,3.0676
3204080010,Cipedes,Paseh,Bandung,3204,Jawa Barat,107.794049,-7.03118,3.4745
3204080002,Drawati,Paseh,Bandung,3204,Jawa Barat,107.809363,-7.078865,12.6834
3204080011,Karangtunggal,Paseh,Bandung,3204,Jawa Barat,107.805954,-7.053585,2.6781
3204080001,Loa,Paseh,Bandung,3204,Jawa Barat,107.800656,-7.10281,12.0442
3204080007,Mekarpawitan,Paseh,Bandung,3204,Jawa Barat,107.781804,-7.040595,2.227
3204080004,Sindangsari,Paseh,Bandung,3204,Jawa Barat,107.776773,-7.074665,3.2082
3204080006,Sukamanah,Paseh,Bandung,3204,Jawa Barat,107.769343,-7.044221,0.566
3204080005,Sukamantri,Paseh,Bandung,3204,Jawa Barat,107.768958,-7.055019,1.3855
3204080009,Tangsimekar,Paseh,Bandung,3204,Jawa Barat,107.784559,-7.0257,2.1407
3204090004,Cihanyir,Cikancung,Bandung,3204,Jawa Barat,107.818268,-7.025294,3.8182
3204090005,Cikancung,Cikancung,Bandung,3204,Jawa Barat,107.834384,-7.030752,4.8002
3204090008,Cikasungka,Cikancung,Bandung,3204,Jawa Barat,107.816853,-7.003665,2.7839
3204090002,Ciluluk,Cikancung,Bandung,3204,Jawa Barat,107.813761,-7.037025,3.3205
3204090007,Hegarmanah,Cikancung,Bandung,3204,Jawa Barat,107.833571,-7.00459,3.088
3204090006,Mandalasari,Cikancung,Bandung,3204,Jawa Barat,107.84375,-7.03251,4.6339
3204090003,Mekarlaksana,Cikancung,Bandung,3204,Jawa Barat,107.83526,-7.052974,6.0333
3204090001,Srirahayu,Cikancung,Bandung,3204,Jawa Barat,107.810205,-7.043756,8.1321
3204090009,Tanjunglaya,Cikancung,Bandung,3204,Jawa Barat,107.810035,-6.998669,2.5972
3204100010,Babakanpeuteuy,Cicalengka,Bandung,3204,Jawa Barat,107.857297,-6.987237,2.9881
3204100009,Cicalengka Kulon,Cicalengka,Bandung,3204,Jawa Barat,107.839103,-6.987756,0.444
3204100004,Cicalengka Wetan,Cicalengka,Bandung,3204,Jawa Barat,107.846066,-6.990701,1.3233
3204100005,Cikuya,Cicalengka,Bandung,3204,Jawa Barat,107.821846,-6.982105,3.042
3204100011,Dampit,Cicalengka,Bandung,3204,Jawa Barat,107.856317,-6.97262,4.3133
3204100003,Margaasih,Cicalengka,Bandung,3204,Jawa Barat,107.843919,-7.01211,3.3809
3204100001,Nagrog,Cicalengka,Bandung,3204,Jawa Barat,107.873037,-6.995962,8.8715
3204100002,Narawita,Cicalengka,Bandung,3204,Jawa Barat,107.85049,-7.02669,3.9837
3204100007,Panenjoan,Cicalengka,Bandung,3204,Jawa Barat,107.824001,-6.973537,2.2864
3204100012,Tanjungwangi,Cicalengka,Bandung,3204,Jawa Barat,107.887548,-6.967621,9.3687
3204100008,Tenjolaya,Cicalengka,Bandung,3204,Jawa Barat,107.842655,-6.977837,1.9454
3204100006,Waluya,Cicalengka,Bandung,3204,Jawa Barat,107.838488,-6.995287,1.8311
3204101002,Bojong,Nagreg,Bandung,3204,Jawa Barat,107.876279,-7.03786,8.0587
3204101004,Ciaro,Nagreg,Bandung,3204,Jawa Barat,107.921862,-7.043563,3.8823
3204101003,Ciherang,Nagreg,Bandung,3204,Jawa Barat,107.900731,-7.037705,7.8036
3204101006,Citaman,Nagreg,Bandung,3204,Jawa Barat,107.883351,-7.006058,4.4062
3204101008,Ganjar Sabar,Nagreg,Bandung,3204,Jawa Barat,107.877862,-7.018027,1.819
3204101001,Mandalawangi,Nagreg,Bandung,3204,Jawa Barat,107.859233,-7.0358,6.7639
3204101005,Nagreg,Nagreg,Bandung,3204,Jawa Barat,107.887364,-7.024655,1.4424
3204101007,Nagreg Kendan,Nagreg,Bandung,3204,Jawa Barat,107.902207,-7.005335,7.5891
3204110005,Bojongloa,Rancaekek,Bandung,3204,Jawa Barat,107.762535,-6.975132,4.5621
3204110011,Bojongsalam,Rancaekek,Bandung,3204,Jawa Barat,107.805674,-6.986695,2.3519
3204110012,Cangkuang,Rancaekek,Bandung,3204,Jawa Barat,107.796143,-6.978118,3.3422
3204110009,Haurpugur,Rancaekek,Bandung,3204,Jawa Barat,107.796827,-6.990098,3.1987
3204110006,Jelegong,Rancaekek,Bandung,3204,Jawa Barat,107.770233,-6.975124,3.7863
3204110007,Linggar,Rancaekek,Bandung,3204,Jawa Barat,107.779677,-6.974796,4.0497
3204110013,Nanjungmekar,Rancaekek,Bandung,3204,Jawa Barat,107.810573,-6.971717,1.3863
3204110014,Rancaekek Kencana,Rancaekek,Bandung,3204,Jawa Barat,107.756963,-6.974007,1.3064
3204110003,Rancaekek Kulon,Rancaekek,Bandung,3204,Jawa Barat,107.742092,-6.970883,3.7604
3204110004,Rancaekek Wetan,Rancaekek,Bandung,3204,Jawa Barat,107.752267,-6.96815,2.1461
3204110010,Sangiang,Rancaekek,Bandung,3204,Jawa Barat,107.793308,-7.000533,2.2585
3204110001,Sukamanah,Rancaekek,Bandung,3204,Jawa Barat,107.731488,-6.989567,5.0692
3204110008,Sukamulya,Rancaekek,Bandung,3204,Jawa Barat,107.782654,-6.983252,3.538
3204110002,Tegalsumedang,Rancaekek,Bandung,3204,Jawa Barat,107.721632,-6.976255,4.2302
3204120006,Biru,Majalaya,Bandung,3204,Jawa Barat,107.725168,-7.053593,4.6204
3204120011,Bojong,Majalaya,Bandung,3204,Jawa Barat,107.773244,-7.037153,1.6474
3204120010,Majakerta,Majalaya,Bandung,3204,Jawa Barat,107.764431,-7.042401,1.1533
3204120009,Majalaya,Majalaya,Bandung,3204,Jawa Barat,107.760354,-7.044961,0.9563
3204120008,Majasetra,Majalaya,Bandung,3204,Jawa Barat,107.756465,-7.03529,1.7249
3204120001,Neglasari,Majalaya,Bandung,3204,Jawa Barat,107.729734,-7.0744,1.8526
3204120003,Padamulya,Majalaya,Bandung,3204,Jawa Barat,107.749414,-7.056165,1.9053
3204120005,Padaulun,Majalaya,Bandung,3204,Jawa Barat,107.737937,-7.052784,4.6345
3204120007,Sukamaju,Majalaya,Bandung,3204,Jawa Barat,107.753637,-7.04941,2.8133
3204120004,Sukamukti,Majalaya,Bandung,3204,Jawa Barat,107.744599,-7.058323,1.3255
3204120002,Wangisagara,Majalaya,Bandung,3204,Jawa Barat,107.743111,-7.07429,2.2457
3204121007,Bojongemas,Solokan Jeruk,Bandung,3204,Jawa Barat,107.725931,-6.99927,4.466
3204121003,Cibodas,Solokan Jeruk,Bandung,3204,Jawa Barat,107.761927,-7.01252,3.4616
3204121004,Langensari,Solokan Jeruk,Bandung,3204,Jawa Barat,107.753844,-7.008287,3.0897
3204121002,Padamukti,Solokan Jeruk,Bandung,3204,Jawa Barat,107.7728,-7.011408,2.7306
3204121001,Panyadap,Solokan Jeruk,Bandung,3204,Jawa Barat,107.770692,-7.026171,2.5031
3204121006,Rancakasumba,Solokan Jeruk,Bandung,3204,Jawa Barat,107.734676,-7.019549,3.7897
3204121005,Solokanjeruk,Solokan Jeruk,Bandung,3204,Jawa Barat,107.744161,-7.008191,4.253
3204130001,Babakan,Ciparay,Bandung,3204,Jawa Barat,107.678625,-7.098895,8.9233
3204130014,Bumiwangi,Ciparay,Bandung,3204,Jawa Barat,107.693978,-7.0375,5.0527
3204130012,Ciheulang,Ciparay,Bandung,3204,Jawa Barat,107.684409,-7.027201,4.9883
3204130002,Cikoneng,Ciparay,Bandung,3204,Jawa Barat,107.709561,-7.076485,2.7894
3204130007,Ciparay,Ciparay,Bandung,3204,Jawa Barat,107.722875,-7.024984,2.9172
3204130011,Gunungleutik,Ciparay,Bandung,3204,Jawa Barat,107.704734,-7.037218,0.6809
3204130005,Manggungharja,Ciparay,Bandung,3204,Jawa Barat,107.718263,-7.046565,1.6678
3204130013,Mekarlaksana,Ciparay,Bandung,3204,Jawa Barat,107.692384,-7.067585,5.6631
3204130006,Mekarsari,Ciparay,Bandung,3204,Jawa Barat,107.728696,-7.032219,2.2112
3204130004,Pakutandang,Ciparay,Bandung,3204,Jawa Barat,107.710667,-7.046785,2.7783
3204130009,Sarimahi,Ciparay,Bandung,3204,Jawa Barat,107.709488,-7.025712,1.9182
3204130010,Serangmekar,Ciparay,Bandung,3204,Jawa Barat,107.697423,-7.020987,2.3899
3204130003,Sigaracipta,Ciparay,Bandung,3204,Jawa Barat,107.714743,-7.06756,2.3364
3204130008,Sumbersari,Ciparay,Bandung,3204,Jawa Barat,107.703207,-7.005338,10.2344
3204140004,Andir,Baleendah,Bandung,3204,Jawa Barat,107.617917,-7.000782,4.0461
3204140003,Baleendah,Baleendah,Bandung,3204,Jawa Barat,107.625923,-7.009445,7.4337
3204140006,Bojongmalaka,Baleendah,Bandung,3204,Jawa Barat,107.606918,-6.991736,2.2537
3204140001,Jelekong,Baleendah,Bandung,3204,Jawa Barat,107.66085,-7.021315,7.7675
3204140005,Malakasari,Baleendah,Bandung,3204,Jawa Barat,107.60698,-7.008717,1.6247
3204140002,Manggahang,Baleendah,Bandung,3204,Jawa Barat,107.64471,-7.019405,6.1504
3204140007,Rancamanyar,Baleendah,Bandung,3204,Jawa Barat,107.594903,-6.990508,3.7396
3204140008,Wargamekar,Baleendah,Bandung,3204,Jawa Barat,107.673122,-7.021314,7.3088
3204150011,Ancolmekar,Arjasari,Bandung,3204,Jawa Barat,107.672388,-7.091705,5.269
3204150007,Arjasari,Arjasari,Bandung,3204,Jawa Barat,107.644518,-7.066265,9.419
3204150004,Baros,Arjasari,Bandung,3204,Jawa Barat,107.635961,-7.075085,4.6442
3204150001,Batukarut,Arjasari,Bandung,3204,Jawa Barat,107.598328,-7.046227,1.8525
3204150005,Lebakwangi,Arjasari,Bandung,3204,Jawa Barat,107.606149,-7.040347,3.3807
3204150002,Mangunjaya,Arjasari,Bandung,3204,Jawa Barat,107.62182,-7.081445,7.916
3204150003,Mekarjaya,Arjasari,Bandung,3204,Jawa Barat,107.633762,-7.083635,4.5479
3204150009,Patrolsari,Arjasari,Bandung,3204,Jawa Barat,107.670375,-7.055995,5.7229
3204150008,Pinggirsari,Arjasari,Bandung,3204,Jawa Barat,107.659271,-7.077695,12.1414
3204150010,Rancakole,Arjasari,Bandung,3204,Jawa Barat,107.678555,-7.067832,3.0175
3204150006,Wargaluyu,Arjasari,Bandung,3204,Jawa Barat,107.624072,-7.036655,6.2883
3204160009,Banjaran,Banjaran,Bandung,3204,Jawa Barat,107.588777,-7.049741,1.0163
3204160002,Banjaran Wetan,Banjaran,Bandung,3204,Jawa Barat,107.607425,-7.082395,10.8822
3204160003,Ciapus,Banjaran,Bandung,3204,Jawa Barat,107.590244,-7.065538,2.1981
3204160008,Kamasan,Banjaran,Bandung,3204,Jawa Barat,107.578943,-7.048281,0.9785
3204160007,Kiangroke,Banjaran,Bandung,3204,Jawa Barat,107.567014,-7.051077,2.0916
3204160006,Margahurip,Banjaran,Bandung,3204,Jawa Barat,107.562799,-7.061012,1.7091
3204160001,Mekarjaya,Banjaran,Bandung,3204,Jawa Barat,107.60408,-7.099385,8.1069
3204160005,Neglasari,Banjaran,Bandung,3204,Jawa Barat,107.571965,-7.062572,2.283
3204160011,Pasirmulya,Banjaran,Bandung,3204,Jawa Barat,107.595627,-7.100449,5.7101
3204160004,Sindangpanon,Banjaran,Bandung,3204,Jawa Barat,107.582473,-7.061086,2.3578
3204160010,Tarajusari,Banjaran,Bandung,3204,Jawa Barat,107.584337,-7.036007,1.8219
3204161003,Bandasari,Cangkuang,Bandung,3204,Jawa Barat,107.528578,-7.067751,4.9098
3204161006,Cangkuang,Cangkuang,Bandung,3204,Jawa Barat,107.557437,-7.042348,2.3834
3204161005,Ciluncat,Cangkuang,Bandung,3204,Jawa Barat,107.546672,-7.043562,2.4799
3204161001,Jatisari,Cangkuang,Bandung,3204,Jawa Barat,107.53522,-7.07657,4.5278
3204161002,Nagrak,Cangkuang,Bandung,3204,Jawa Barat,107.543356,-7.061995,2.965
3204161004,Pananjung,Cangkuang,Bandung,3204,Jawa Barat,107.524772,-7.055024,3.461
3204161007,Tanjungsari,Cangkuang,Bandung,3204,Jawa Barat,107.569403,-7.035817,2.6371
3204170006,Bojongkunci,Pameungpeuk,Bandung,3204,Jawa Barat,107.568408,-7.01913,3.5648
3204170001,Bojongmanggu,Pameungpeuk,Bandung,3204,Jawa Barat,107.598972,-7.02786,1.2592
3204170002,Langonsari,Pameungpeuk,Bandung,3204,Jawa Barat,107.605783,-7.02109,2.2186
3204170004,Rancamulya,Pameungpeuk,Bandung,3204,Jawa Barat,107.593168,-7.01033,3.6991
3204170005,Rancatungku,Pameungpeuk,Bandung,3204,Jawa Barat,107.579187,-7.02145,2.7078
3204170003,Sukasari,Pameungpeuk,Bandung,3204,Jawa Barat,107.588204,-7.02377,1.7413
3204180008,Banyusari,Katapang,Bandung,3204,Jawa Barat,107.559128,-7.01615,2.3805
3204180006,Cilampeni,Katapang,Bandung,3204,Jawa Barat,107.553481,-6.988186,2.4037
3204180004,Gandasari,Katapang,Bandung,3204,Jawa Barat,107.551445,-7.024017,1.6425
3204180005,Katapang,Katapang,Bandung,3204,Jawa Barat,107.544937,-7.006033,2.1903
3204180007,Pangauban,Katapang,Bandung,3204,Jawa Barat,107.555852,-7.00066,1.6164
3204180009,Sangkanhurip,Katapang,Bandung,3204,Jawa Barat,107.567938,-6.998325,2.9849
3204180010,Sukamukti,Katapang,Bandung,3204,Jawa Barat,107.583082,-6.998925,2.6947
3204190021,Cingcin,Soreang,Bandung,3204,Jawa Barat,107.540279,-7.02525,1.9243
3204190006,Karamatmulya,Soreang,Bandung,3204,Jawa Barat,107.511706,-7.037345,2.279
3204190008,Pamekaran,Soreang,Bandung,3204,Jawa Barat,107.525253,-7.024144,2.0752
3204190005,Panyirapan,Soreang,Bandung,3204,Jawa Barat,107.526568,-7.041465,1.5061
3204190019,Parungserab,Soreang,Bandung,3204,Jawa Barat,107.531132,-7.010349,1.7266
3204190002,Sadu,Soreang,Bandung,3204,Jawa Barat,107.504077,-7.035814,2.5246
3204190020,Sekarwangi,Soreang,Bandung,3204,Jawa Barat,107.542599,-7.015272,1.258
3204190007,Soreang,Soreang,Bandung,3204,Jawa Barat,107.530539,-7.034765,2.585
3204190003,Sukajadi,Soreang,Bandung,3204,Jawa Barat,107.501214,-7.063745,5.1559
3204190004,Sukanagara,Soreang,Bandung,3204,Jawa Barat,107.513733,-7.057241,4.051
3204191002,Buninagara,Kutawaringin,Bandung,3204,Jawa Barat,107.495771,-7.023211,4.6249
3204191007,Cibodas,Kutawaringin,Bandung,3204,Jawa Barat,107.50402,-6.985937,5.6187
3204191001,Cilame,Kutawaringin,Bandung,3204,Jawa Barat,107.486266,-7.041008,6.3173
3204191010,Gajahmekar,Kutawaringin,Bandung,3204,Jawa Barat,107.534468,-6.976605,2.3212
3204191008,Jatisari,Kutawaringin,Bandung,3204,Jawa Barat,107.517768,-6.976857,4.3941
3204191009,Jelegong,Kutawaringin,Bandung,3204,Jawa Barat,107.528082,-6.953773,3.7547
3204191006,Kopo,Kutawaringin,Bandung,3204,Jawa Barat,107.534161,-6.996481,3.688
3204191005,Kutawaringin,Kutawaringin,Bandung,3204,Jawa Barat,107.506773,-6.997195,6.5812
3204191003,Padasuka,Kutawaringin,Bandung,3204,Jawa Barat,107.517066,-7.015319,2.4332
3204191011,Pameuntasan,Kutawaringin,Bandung,3204,Jawa Barat,107.546192,-6.98076,1.9781
3204191004,Sukamulya,Kutawaringin,Bandung,3204,Jawa Barat,107.494134,-7.011752,5.2125
3204250004,Cigondewah Hilir,Margaasih,Bandung,3204,Jawa Barat,107.548612,-6.953126,1.311
3204250006,Lagadar,Margaasih,Bandung,3204,Jawa Barat,107.531803,-6.928276,4.3655
3204250005,Margaasih,Margaasih,Bandung,3204,Jawa Barat,107.547355,-6.939461,3.2119
3204250002,Mekar Rahayu,Margaasih,Bandung,3204,Jawa Barat,107.554056,-6.971745,3.1429
3204250001,Nanjung,Margaasih,Bandung,3204,Jawa Barat,107.538752,-6.953055,3.1438
3204250003,Rahayu,Margaasih,Bandung,3204,Jawa Barat,107.556712,-6.958423,2.9922
3204260004,Margahayu Selatan,Margahayu,Bandung,3204,Jawa Barat,107.5671,-6.971479,1.7483
3204260005,Margahayu Tengah,Margahayu,Bandung,3204,Jawa Barat,107.569655,-6.960019,1.2712
3204260003,Sayati,Margahayu,Bandung,3204,Jawa Barat,107.575768,-6.969731,1.7042
3204260002,Sukamenak,Margahayu,Bandung,3204,Jawa Barat,107.583967,-6.970933,1.9287
3204260001,Sulaeman,Margahayu,Bandung,3204,Jawa Barat,107.57205,-6.986035,3.9305
3204270001,Cangkuang Kulon,Dayeuhkolot,Bandung,3204,Jawa Barat,107.594185,-6.971484,2.3347
3204270002,Cangkuang Wetan,Dayeuhkolot,Bandung,3204,Jawa Barat,107.604882,-6.972094,2.2336
3204270005,Citeureup,Dayeuhkolot,Bandung,3204,Jawa Barat,107.626332,-6.981062,1.9574
3204270004,Dayeuhkolot,Dayeuhkolot,Bandung,3204,Jawa Barat,107.619247,-6.983236,0.7516
3204270003,Pasawahan,Dayeuhkolot,Bandung,3204,Jawa Barat,107.615789,-6.970147,2.0585
3204270006,Sukapura,Dayeuhkolot,Bandung,3204,Jawa Barat,107.628384,-6.970052,1.8309
3204280001,Bojongsari,Bojongsoang,Bandung,3204,Jawa Barat,107.652509,-7.00044,5.2478
3204280002,Bojongsoang,Bojongsoang,Bandung,3204,Jawa Barat,107.640423,-6.98847,3.6871
3204280005,Buahbatu,Bojongsoang,Bandung,3204,Jawa Barat,107.671171,-6.982811,4.084
3204280004,Cipagalo,Bojongsoang,Bandung,3204,Jawa Barat,107.654118,-6.972605,3.2897
3204280003,Lengkong,Bojongsoang,Bandung,3204,Jawa Barat,107.653996,-6.980854,3.9373
3204280006,Tegalluar,Bojongsoang,Bandung,3204,Jawa Barat,107.692077,-6.980485,7.9748
3204290001,Cibiru Hilir,Cileunyi,Bandung,3204,Jawa Barat,107.717364,-6.954176,3.0226
3204290006,Cibiru Wetan,Cileunyi,Bandung,3204,Jawa Barat,107.738936,-6.911885,4.6451
3204290004,Cileunyi Kulon,Cileunyi,Bandung,3204,Jawa Barat,107.746383,-6.936501,6.1691
3204290005,Cileunyi Wetan,Cileunyi,Bandung,3204,Jawa Barat,107.756241,-6.923272,9.5445
3204290003,Cimekar,Cileunyi,Bandung,3204,Jawa Barat,107.737076,-6.941761,4.3327
3204290002,Cinunuk,Cileunyi,Bandung,3204,Jawa Barat,107.730211,-6.937738,4.0993
3204300006,Cilengkrang,Cilengkrang,Bandung,3204,Jawa Barat,107.731307,-6.892955,3.8049
3204300004,Cipanjalu,Cilengkrang,Bandung,3204,Jawa Barat,107.72906,-6.85697,19.7336
3204300005,Ciporeat,Cilengkrang,Bandung,3204,Jawa Barat,107.723096,-6.884215,6.045
3204300001,Girimekar,Cilengkrang,Bandung,3204,Jawa Barat,107.703522,-6.872516,5.8454
3204300002,Jatiendah,Cilengkrang,Bandung,3204,Jawa Barat,107.696471,-6.901331,1.3066
3204300003,Melatiwangi,Cilengkrang,Bandung,3204,Jawa Barat,107.707519,-6.88131,2.2268
3204310001,Cibeunying,Cimenyan,Bandung,3204,Jawa Barat,107.641185,-6.881497,4.8198
3204310009,Ciburial,Cimenyan,Bandung,3204,Jawa Barat,107.64798,-6.850935,7.7186
3204310004,Cikadut,Cimenyan,Bandung,3204,Jawa Barat,107.681233,-6.879378,3.6231
3204310007,Cimenyan,Cimenyan,Bandung,3204,Jawa Barat,107.671463,-6.857365,9.131
3204310003,Mandalamekar,Cimenyan,Bandung,3204,Jawa Barat,107.673517,-6.874875,2.0413
3204310006,Mekarmanik,Cimenyan,Bandung,3204,Jawa Barat,107.694366,-6.85593,12.2186
3204310008,Mekarsaluyu,Cimenyan,Bandung,3204,Jawa Barat,107.654178,-6.85953,4.9903
3204310002,Padasuka,Cimenyan,Bandung,3204,Jawa Barat,107.656315,-6.886631,1.6295
3204310005,Sindanglaya,Cimenyan,Bandung,3204,Jawa Barat,107.688475,-6.885284,1.8951
3205010007,Cikarang,Cisewu,Garut,3205,Jawa Barat,107.455739,-7.428015,21.2699
3205010009,Cisewu,Cisewu,Garut,3205,Jawa Barat,107.497914,-7.366645,11.3264
3205010010,Girimukti,Cisewu,Garut,3205,Jawa Barat,107.542089,-7.33301,26.8214
3205010012,Karangsewu,Cisewu,Garut,3205,Jawa Barat,107.488905,-7.43379,11.6752
3205010013,Mekarsewu,Cisewu,Garut,3205,Jawa Barat,107.493997,-7.352317,4.1746
3205010011,Nyalindung,Cisewu,Garut,3205,Jawa Barat,107.507645,-7.321135,6.9586
3205010008,Pamalayan,Cisewu,Garut,3205,Jawa Barat,107.4935,-7.386524,9.0676
3205010014,Panggalih,Cisewu,Garut,3205,Jawa Barat,107.502785,-7.408655,12.8738
3205010006,Sukajaya,Cisewu,Garut,3205,Jawa Barat,107.555951,-7.367565,57.7263
3205011004,Caringin,Caringin,Garut,3205,Jawa Barat,107.505551,-7.45879,16.8618
3205011001,Cimahi,Caringin,Garut,3205,Jawa Barat,107.430308,-7.472347,12.1798
3205011002,Indralayang,Caringin,Garut,3205,Jawa Barat,107.485656,-7.485435,16.9686
3205011003,Purbayani,Caringin,Garut,3205,Jawa Barat,107.495516,-7.50888,13.1823
3205011006,Samudrajaya,Caringin,Garut,3205,Jawa Barat,107.455904,-7.48288,24.8839
3205011005,Sukarame,Caringin,Garut,3205,Jawa Barat,107.553309,-7.417105,31.4087
3205020002,Mekarmukti,Talegong,Garut,3205,Jawa Barat,107.469898,-7.287705,8.9335
3205020003,Mekarmulya,Talegong,Garut,3205,Jawa Barat,107.491013,-7.30255,8.2181
3205020007,Mekarwangi,Talegong,Garut,3205,Jawa Barat,107.484834,-7.336244,5.6799
3205020001,Selaawi,Talegong,Garut,3205,Jawa Barat,107.475254,-7.314854,5.7967
3205020006,Sukalaksana,Talegong,Garut,3205,Jawa Barat,107.559251,-7.274073,18.8151
3205020005,Sukamaju,Talegong,Garut,3205,Jawa Barat,107.563719,-7.30478,31.8199
3205020004,Sukamulya,Talegong,Garut,3205,Jawa Barat,107.519811,-7.280665,29.4382
3205030013,Bojong,Bungbulang,Garut,3205,Jawa Barat,107.635362,-7.410715,17.4115
3205030011,Bungbulang,Bungbulang,Garut,3205,Jawa Barat,107.602043,-7.4617,3.7669
3205030012,Cihikeu,Bungbulang,Garut,3205,Jawa Barat,107.586048,-7.43473,13.394
3205030010,Gunamekar,Bungbulang,Garut,3205,Jawa Barat,107.602488,-7.504005,11.478
3205030015,Gunung Jampang,Bungbulang,Garut,3205,Jawa Barat,107.627844,-7.33481,28.474
3205030008,Hanjuang,Bungbulang,Garut,3205,Jawa Barat,107.589302,-7.474125,5.7359
3205030016,Hegarmanah,Bungbulang,Garut,3205,Jawa Barat,107.602863,-7.476005,2.5224
3205030009,Margalaksana,Bungbulang,Garut,3205,Jawa Barat,107.597027,-7.491995,6.08
3205030014,Mekarbakti,Bungbulang,Garut,3205,Jawa Barat,107.611975,-7.40608,26.2256
3205030007,Mekarjaya,Bungbulang,Garut,3205,Jawa Barat,107.570027,-7.458285,10.5969
3205030001,Sinarjaya,Bungbulang,Garut,3205,Jawa Barat,107.525073,-7.507305,19.0389
3205030005,Tegalega,Bungbulang,Garut,3205,Jawa Barat,107.553426,-7.496819,12.8684
3205030006,Wangunjaya,Bungbulang,Garut,3205,Jawa Barat,107.505747,-7.520203,14.5684
3205031002,Cijayana,Mekarmukti,Garut,3205,Jawa Barat,107.562627,-7.53822,12.5016
3205031004,Jagabaya,Mekarmukti,Garut,3205,Jawa Barat,107.580795,-7.541026,7.6998
3205031001,Karangwangi,Mekarmukti,Garut,3205,Jawa Barat,107.532718,-7.528711,11.8305
3205031003,Mekarmukti,Mekarmukti,Garut,3205,Jawa Barat,107.580215,-7.501085,6.9619
3205031005,Mekarsari,Mekarmukti,Garut,3205,Jawa Barat,107.56648,-7.502605,4.3502
3205040002,Garumukti,Pamulihan,Garut,3205,Jawa Barat,107.659951,-7.36646,23.8599
3205040001,Linggarjati,Pamulihan,Garut,3205,Jawa Barat,107.642922,-7.35464,27.0145
3205040004,Pakenjeng,Pamulihan,Garut,3205,Jawa Barat,107.702617,-7.387429,21.5919
3205040005,Pananjung,Pamulihan,Garut,3205,Jawa Barat,107.724349,-7.375158,10.9394
3205040003,Panawa,Pamulihan,Garut,3205,Jawa Barat,107.684017,-7.346465,32.7267
3205050007,Depok,Pakenjeng,Garut,3205,Jawa Barat,107.660206,-7.46147,7.34
3205050011,Jatiwangi,Pakenjeng,Garut,3205,Jawa Barat,107.686946,-7.445448,9.8632
3205050013,Jayamekar,Pakenjeng,Garut,3205,Jawa Barat,107.720322,-7.420784,16.2663
3205050001,Karangsari,Pakenjeng,Garut,3205,Jawa Barat,107.612255,-7.552,25.9012
3205050005,Neglasari,Pakenjeng,Garut,3205,Jawa Barat,107.667853,-7.490025,6.993
3205050009,Panyindangan,Pakenjeng,Garut,3205,Jawa Barat,107.649055,-7.43222,7.1973
3205050008,Pasirlangu,Pakenjeng,Garut,3205,Jawa Barat,107.642437,-7.46344,6.8121
3205050006,Sukamulya,Pakenjeng,Garut,3205,Jawa Barat,107.689067,-7.479485,9.091
3205050012,Talagawangi,Pakenjeng,Garut,3205,Jawa Barat,107.750312,-7.439395,63.4905
3205050003,Tanjungjaya,Pakenjeng,Garut,3205,Jawa Barat,107.631973,-7.48396,11.8519
3205050002,Tanjungmulya,Pakenjeng,Garut,3205,Jawa Barat,107.612014,-7.519735,4.8304
3205050004,Tegalgede,Pakenjeng,Garut,3205,Jawa Barat,107.653183,-7.50431,15.4143
3205050010,Wangunjaya,Pakenjeng,Garut,3205,Jawa Barat,107.668843,-7.43579,7.1342
3205060011,Awassagara,Cikelet,Garut,3205,Jawa Barat,107.723148,-7.577205,2.4544
3205060001,Cigadog,Cikelet,Garut,3205,Jawa Barat,107.648613,-7.568395,38.5878
3205060002,Cijambe,Cikelet,Garut,3205,Jawa Barat,107.675841,-7.5994,9.052
3205060003,Cikelet,Cikelet,Garut,3205,Jawa Barat,107.683104,-7.617175,9.6881
3205060008,Ciroyom,Cikelet,Garut,3205,Jawa Barat,107.687121,-7.56752,7.3967
3205060009,Girimukti,Cikelet,Garut,3205,Jawa Barat,107.698024,-7.503075,24.5845
3205060006,Karangsari,Cikelet,Garut,3205,Jawa Barat,107.715552,-7.52158,29.0017
3205060007,Kertamukti,Cikelet,Garut,3205,Jawa Barat,107.685454,-7.53999,9.94
3205060005,Linggamanik,Cikelet,Garut,3205,Jawa Barat,107.735589,-7.521985,24.1645
3205060004,Pamalayan,Cikelet,Garut,3205,Jawa Barat,107.700085,-7.621755,15.9762
3205060010,Tipar,Cikelet,Garut,3205,Jawa Barat,107.704077,-7.580615,6.9115
3205070006,Bojong,Pameungpeuk,Garut,3205,Jawa Barat,107.731057,-7.596538,10.6555
3205070008,Bojongkidul,Pameungpeuk,Garut,3205,Jawa Barat,107.741198,-7.605195,5.2943
3205070007,Jatimulya,Pameungpeuk,Garut,3205,Jawa Barat,107.716321,-7.631811,5.1912
3205070001,Mancagahar,Pameungpeuk,Garut,3205,Jawa Barat,107.706402,-7.65641,5.1023
3205070003,Mandalakasih,Pameungpeuk,Garut,3205,Jawa Barat,107.732341,-7.657417,4.9088
3205070005,Paas,Pameungpeuk,Garut,3205,Jawa Barat,107.739387,-7.630871,2.8081
3205070002,Pameungpeuk,Pameungpeuk,Garut,3205,Jawa Barat,107.723993,-7.642021,6.3019
3205070004,Sirnabakti,Pameungpeuk,Garut,3205,Jawa Barat,107.748324,-7.637245,7.122
3205080008,Cigaronggong,Cibalong,Garut,3205,Jawa Barat,107.804707,-7.625177,14.3805
3205080003,Karya Mukti,Cibalong,Garut,3205,Jawa Barat,107.821393,-7.663381,14.9875
3205080002,Karyasari,Cibalong,Garut,3205,Jawa Barat,107.795982,-7.665703,8.6364
3205080005,Maroko,Cibalong,Garut,3205,Jawa Barat,107.901626,-7.614295,11.0284
3205080009,Mekarmukti,Cibalong,Garut,3205,Jawa Barat,107.838533,-7.626685,15.3154
3205080001,Mekarsari,Cibalong,Garut,3205,Jawa Barat,107.774646,-7.63615,28.9053
3205080010,Mekarwangi,Cibalong,Garut,3205,Jawa Barat,107.883945,-7.669348,15.8125
3205080011,Najaten,Cibalong,Garut,3205,Jawa Barat,107.918923,-7.680715,14.3627
3205080004,Sagara,Cibalong,Garut,3205,Jawa Barat,107.85696,-7.656838,35.3076
3205080006,Sancang,Cibalong,Garut,3205,Jawa Barat,107.875028,-7.705152,50.9039
3205080007,Simpang,Cibalong,Garut,3205,Jawa Barat,107.915144,-7.627014,8.0486
3205090003,Cihaurkuning,Cisompet,Garut,3205,Jawa Barat,107.81755,-7.582105,16.2994
3205090004,Cikondang,Cisompet,Garut,3205,Jawa Barat,107.864768,-7.582255,37.2354
3205090006,Cisompet,Cisompet,Garut,3205,Jawa Barat,107.812578,-7.5508,4.3446
3205090001,Depok,Cisompet,Garut,3205,Jawa Barat,107.759815,-7.606545,10.1319
3205090005,Jatisari,Cisompet,Garut,3205,Jawa Barat,107.847839,-7.55201,12.0638
3205090009,Margamulya,Cisompet,Garut,3205,Jawa Barat,107.77023,-7.513415,19.1372
3205090011,Neglasari,Cisompet,Garut,3205,Jawa Barat,107.796964,-7.494328,25.7363
3205090008,Panyindangan,Cisompet,Garut,3205,Jawa Barat,107.755486,-7.564985,15.0175
3205090010,Sindangsari,Cisompet,Garut,3205,Jawa Barat,107.802023,-7.534455,13.8221
3205090007,Sukamukti,Cisompet,Garut,3205,Jawa Barat,107.790908,-7.558441,7.5427
3205090002,Sukanagara,Cisompet,Garut,3205,Jawa Barat,107.781903,-7.58257,13.0758
3205100001,Pangrumasan,Peundeuy,Garut,3205,Jawa Barat,107.893539,-7.55894,15.0041
3205100005,Peundeuy,Peundeuy,Garut,3205,Jawa Barat,107.915133,-7.52356,8.4678
3205100006,Purwajaya,Peundeuy,Garut,3205,Jawa Barat,107.890913,-7.52291,8.0949
3205100004,Saribakti,Peundeuy,Garut,3205,Jawa Barat,107.934594,-7.535955,6.0418
3205100003,Sukanagara,Peundeuy,Garut,3205,Jawa Barat,107.927983,-7.565997,7.1488
3205100002,Toblong,Peundeuy,Garut,3205,Jawa Barat,107.913543,-7.566405,10.2003
3205110008,Cigintung,Singajaya,Garut,3205,Jawa Barat,107.919692,-7.482315,4.1079
3205110013,Ciudian,Singajaya,Garut,3205,Jawa Barat,107.898358,-7.459915,3.413
3205110012,Girimukti,Singajaya,Garut,3205,Jawa Barat,107.891879,-7.47468,4.9345
3205110006,Karangagung,Singajaya,Garut,3205,Jawa Barat,107.912241,-7.50516,6.7499
3205110007,Mekartani,Singajaya,Garut,3205,Jawa Barat,107.934948,-7.506215,6.6252
3205110010,Pancasura,Singajaya,Garut,3205,Jawa Barat,107.943035,-7.45066,6.6045
3205110005,Singajaya,Singajaya,Garut,3205,Jawa Barat,107.889622,-7.493445,10.9504
3205110011,Sukamulya,Singajaya,Garut,3205,Jawa Barat,107.931924,-7.446155,8.9306
3205110009,Sukawangi,Singajaya,Garut,3205,Jawa Barat,107.935679,-7.47577,7.2853
3205111003,Cihurip,Cihurip,Garut,3205,Jawa Barat,107.860625,-7.498373,8.5652
3205111001,Cisangkal,Cihurip,Garut,3205,Jawa Barat,107.868375,-7.531918,6.6711
3205111002,Jayamukti,Cihurip,Garut,3205,Jawa Barat,107.858543,-7.523693,8.0242
3205111004,Mekarwangi,Cihurip,Garut,3205,Jawa Barat,107.829878,-7.500883,24.1157
3205120005,Cibodas,Cikajang,Garut,3205,Jawa Barat,107.805924,-7.372063,4.1956
3205120006,Cikajang,Cikajang,Garut,3205,Jawa Barat,107.806047,-7.36085,1.0495
3205120010,Cikandang,Cikajang,Garut,3205,Jawa Barat,107.736253,-7.368158,21.5556
3205120001,Cipangramatan,Cikajang,Garut,3205,Jawa Barat,107.83115,-7.43859,7.7762
3205120004,Giriawas,Cikajang,Garut,3205,Jawa Barat,107.843584,-7.355382,7.1762
3205120003,Girijaya,Cikajang,Garut,3205,Jawa Barat,107.812755,-7.388425,6.8174
3205120012,Karamatwangi,Cikajang,Garut,3205,Jawa Barat,107.80714,-7.444153,29.8898
3205120011,Margamulya,Cikajang,Garut,3205,Jawa Barat,107.7473,-7.354541,6.1714
3205120002,Mekarjaya,Cikajang,Garut,3205,Jawa Barat,107.836626,-7.380108,7.3315
3205120008,Mekarsari,Cikajang,Garut,3205,Jawa Barat,107.800972,-7.343805,1.8398
3205120007,Padasuka,Cikajang,Garut,3205,Jawa Barat,107.798462,-7.361843,1.2394
3205120009,Simpang,Cikajang,Garut,3205,Jawa Barat,107.785343,-7.38189,14.4095
3205130004,Banjarwangi,Banjarwangi,Garut,3205,Jawa Barat,107.911793,-7.437358,10.2528
3205130003,Bojong,Banjarwangi,Garut,3205,Jawa Barat,107.881631,-7.439316,6.4781
3205130001,Dangiang,Banjarwangi,Garut,3205,Jawa Barat,107.870573,-7.46497,6.5957
3205130002,Jayabakti,Banjarwangi,Garut,3205,Jawa Barat,107.873683,-7.448593,6.5663
3205130007,Kadongdong,Banjarwangi,Garut,3205,Jawa Barat,107.905466,-7.39608,9.2606
3205130011,Mulyajaya,Banjarwangi,Garut,3205,Jawa Barat,107.867271,-7.36561,21.3454
3205130006,Padahurip,Banjarwangi,Garut,3205,Jawa Barat,107.928398,-7.404635,10.7801
3205130009,Talagajaya,Banjarwangi,Garut,3205,Jawa Barat,107.868781,-7.413545,6.0305
3205130005,Talagasari,Banjarwangi,Garut,3205,Jawa Barat,107.931816,-7.421495,6.7227
3205130010,Tanjungjaya,Banjarwangi,Garut,3205,Jawa Barat,107.835877,-7.40805,19.1923
3205130008,Wangunjaya,Banjarwangi,Garut,3205,Jawa Barat,107.892141,-7.37198,20.9144
3205140007,Cilawu,Cilawu,Garut,3205,Jawa Barat,107.918408,-7.274687,2.9003
3205140011,Dangiang,Cilawu,Garut,3205,Jawa Barat,107.888822,-7.29508,5.9771
3205140010,Dawungsari,Cilawu,Garut,3205,Jawa Barat,107.900909,-7.281145,2.5811
3205140005,Dayeuhmanggung,Cilawu,Garut,3205,Jawa Barat,107.887627,-7.305625,3.2657
3205140016,Desakolot,Cilawu,Garut,3205,Jawa Barat,107.89346,-7.25289,2.0895
3205140006,Karyamekar,Cilawu,Garut,3205,Jawa Barat,107.917069,-7.284957,2.6777
3205140015,Mangkurayat,Cilawu,Garut,3205,Jawa Barat,107.883136,-7.248225,3.2063
3205140009,Margalaksana,Cilawu,Garut,3205,Jawa Barat,107.901751,-7.261955,1.1067
3205140013,Mekarmukti,Cilawu,Garut,3205,Jawa Barat,107.872873,-7.290585,3.0564
3205140004,Mekarsari,Cilawu,Garut,3205,Jawa Barat,107.899252,-7.307495,5.3979
3205140017,Ngamplang,Cilawu,Garut,3205,Jawa Barat,107.906586,-7.2534,2.1298
3205140018,Ngamplangsari,Cilawu,Garut,3205,Jawa Barat,107.906916,-7.238095,1.1991
3205140008,Pasanggrahan,Cilawu,Garut,3205,Jawa Barat,107.905983,-7.268863,2.4714
3205140014,Sukahati,Cilawu,Garut,3205,Jawa Barat,107.870487,-7.28035,5.7011
3205140002,Sukamaju,Cilawu,Garut,3205,Jawa Barat,107.909418,-7.322017,8.1245
3205140012,Sukamukti,Cilawu,Garut,3205,Jawa Barat,107.87912,-7.290345,4.664
3205140001,Sukamurni,Cilawu,Garut,3205,Jawa Barat,107.907084,-7.342066,17.0683
3205140003,Sukatani,Cilawu,Garut,3205,Jawa Barat,107.908462,-7.31183,6.9096
3205150021,Banjarsari,Bayongbong,Garut,3205,Jawa Barat,107.836327,-7.238624,2.6226
3205150009,Bayongbong,Bayongbong,Garut,3205,Jawa Barat,107.829769,-7.288736,2.925
3205150007,Ciburuy,Bayongbong,Garut,3205,Jawa Barat,107.816792,-7.283938,2.0923
3205150011,Ciela,Bayongbong,Garut,3205,Jawa Barat,107.838582,-7.29039,2.7282
3205150019,Cikedokan,Bayongbong,Garut,3205,Jawa Barat,107.836851,-7.252917,1.6792
3205150010,Cinisti,Bayongbong,Garut,3205,Jawa Barat,107.836165,-7.29366,3.0345
3205150015,Hegarmanah,Bayongbong,Garut,3205,Jawa Barat,107.857206,-7.29092,2.5477
3205150012,Karyajaya,Bayongbong,Garut,3205,Jawa Barat,107.841297,-7.289035,3.1808
3205150022,Mekarjaya,Bayongbong,Garut,3205,Jawa Barat,107.856875,-7.240447,2.4525
3205150020,Mekarsari,Bayongbong,Garut,3205,Jawa Barat,107.825484,-7.254468,1.7747
3205150008,Mulyasari,Bayongbong,Garut,3205,Jawa Barat,107.817493,-7.269102,0.8958
3205150006,Pamalayan,Bayongbong,Garut,3205,Jawa Barat,107.834507,-7.30557,3.2585
3205150013,Panembong,Bayongbong,Garut,3205,Jawa Barat,107.847462,-7.28793,4.7473
3205150017,Salakuray,Bayongbong,Garut,3205,Jawa Barat,107.867121,-7.251086,1.3897
3205150016,Sirnagalih,Bayongbong,Garut,3205,Jawa Barat,107.860598,-7.28484,4.7529
3205150023,Sukamanah,Bayongbong,Garut,3205,Jawa Barat,107.853406,-7.29146,2.7136
3205150014,Sukarame,Bayongbong,Garut,3205,Jawa Barat,107.856622,-7.25527,0.9707
3205150018,Sukasenang,Bayongbong,Garut,3205,Jawa Barat,107.849166,-7.250235,1.9919
3205151001,Barusuda,Cigedug,Garut,3205,Jawa Barat,107.835994,-7.343915,8.0759
3205151002,Cigedug,Cigedug,Garut,3205,Jawa Barat,107.824948,-7.336605,7.2622
3205151005,Cintanagara,Cigedug,Garut,3205,Jawa Barat,107.820988,-7.30402,5.7488
3205151004,Sindangsari,Cigedug,Garut,3205,Jawa Barat,107.813849,-7.312001,5.3936
3205151003,Sukahurip,Cigedug,Garut,3205,Jawa Barat,107.829569,-7.325054,5.722
3205160007,Balewangi,Cisurupan,Garut,3205,Jawa Barat,107.791111,-7.305,1.2254
3205160003,Cidatar,Cisurupan,Garut,3205,Jawa Barat,107.750862,-7.328334,5.7916
3205160017,Cintaasih,Cisurupan,Garut,3205,Jawa Barat,107.785969,-7.333369,2.1312
3205160014,Cipaganti,Cisurupan,Garut,3205,Jawa Barat,107.755445,-7.282414,9.3853
3205160004,Cisero,Cisurupan,Garut,3205,Jawa Barat,107.79467,-7.319458,3.7836
3205160005,Cisurupan,Cisurupan,Garut,3205,Jawa Barat,107.76376,-7.319874,7.0215
3205160006,Karamatwangi,Cisurupan,Garut,3205,Jawa Barat,107.758847,-7.312414,5.955
3205160011,Pakuwon,Cisurupan,Garut,3205,Jawa Barat,107.799331,-7.276662,1.7818
3205160015,Pamulihan,Cisurupan,Garut,3205,Jawa Barat,107.768771,-7.267062,8.8282
3205160013,Pangauban,Cisurupan,Garut,3205,Jawa Barat,107.782493,-7.274672,1.193
3205160012,Simpangsari,Cisurupan,Garut,3205,Jawa Barat,107.805554,-7.269973,1.6581
3205160010,Sirnagalih,Cisurupan,Garut,3205,Jawa Barat,107.796904,-7.28472,3.36
3205160009,Sirnajaya,Cisurupan,Garut,3205,Jawa Barat,107.758394,-7.298469,16.3581
3205160016,Situsari,Cisurupan,Garut,3205,Jawa Barat,107.777053,-7.258505,3.8144
3205160002,Sukatani,Cisurupan,Garut,3205,Jawa Barat,107.778071,-7.340526,6.9233
3205160001,Sukawargi,Cisurupan,Garut,3205,Jawa Barat,107.766101,-7.349712,9.9147
3205160008,Tambakbaya,Cisurupan,Garut,3205,Jawa Barat,107.801541,-7.301535,2.859
3205161004,Cintadamai,Sukaresmi,Garut,3205,Jawa Barat,107.800995,-7.244854,3.7703
3205161006,Mekarjaya,Sukaresmi,Garut,3205,Jawa Barat,107.748141,-7.238562,15.4518
3205161003,Padamukti,Sukaresmi,Garut,3205,Jawa Barat,107.818693,-7.24508,3.0281
3205161005,Sukajaya,Sukaresmi,Garut,3205,Jawa Barat,107.773334,-7.24944,1.2579
3205161007,Sukalilah,Sukaresmi,Garut,3205,Jawa Barat,107.787099,-7.248609,5.8257
3205161001,Sukamulya,Sukaresmi,Garut,3205,Jawa Barat,107.803676,-7.259155,2.3939
3205161002,Sukaresmi,Sukaresmi,Garut,3205,Jawa Barat,107.817886,-7.260327,1.9381
3205170020,Cintaasih,Samarang,Garut,3205,Jawa Barat,107.843503,-7.224818,1.1708
3205170017,Cintakarya,Samarang,Garut,3205,Jawa Barat,107.848507,-7.23124,1.989
3205170018,Cintarasa,Samarang,Garut,3205,Jawa Barat,107.866764,-7.22142,2.0652
3205170019,Cintarayat,Samarang,Garut,3205,Jawa Barat,107.854779,-7.219068,1.819
3205170013,Cisarua,Samarang,Garut,3205,Jawa Barat,107.781441,-7.178915,13.2603
3205170014,Parakan,Samarang,Garut,3205,Jawa Barat,107.802531,-7.196037,3.7667
3205170021,Samarang,Samarang,Garut,3205,Jawa Barat,107.838725,-7.213162,2.5416
3205170016,Sirnasari,Samarang,Garut,3205,Jawa Barat,107.830571,-7.223285,1.2696
3205170023,Sukakarya,Samarang,Garut,3205,Jawa Barat,107.801679,-7.170491,11.3058
3205170015,Sukalaksana,Samarang,Garut,3205,Jawa Barat,107.812047,-7.209678,2.0313
3205170022,Sukarasa,Samarang,Garut,3205,Jawa Barat,107.827185,-7.213788,1.8913
3205170024,Tanjung Karya,Samarang,Garut,3205,Jawa Barat,107.816075,-7.173075,9.009
3205170025,Tanjunganom,Samarang,Garut,3205,Jawa Barat,107.82869,-7.200402,0.7783
3205171012,Barusari,Pasirwangi,Garut,3205,Jawa Barat,107.753001,-7.186487,10.256
3205171001,Karyamekar,Pasirwangi,Garut,3205,Jawa Barat,107.733826,-7.220475,5.5002
3205171006,Padaasih,Pasirwangi,Garut,3205,Jawa Barat,107.820466,-7.226986,1.8052
3205171011,Padaawas,Pasirwangi,Garut,3205,Jawa Barat,107.741936,-7.20138,12.0197
3205171005,Padamukti,Pasirwangi,Garut,3205,Jawa Barat,107.823355,-7.237728,2.218
3205171009,Padamulya,Pasirwangi,Garut,3205,Jawa Barat,107.794836,-7.209698,1.7109
3205171007,Padasuka,Pasirwangi,Garut,3205,Jawa Barat,107.810015,-7.218574,1.4468
3205171004,Pasirkiamis,Pasirwangi,Garut,3205,Jawa Barat,107.793912,-7.23268,2.4572
3205171010,Pasirwangi,Pasirwangi,Garut,3205,Jawa Barat,107.780854,-7.207541,4.0674
3205171002,Sarimukti,Pasirwangi,Garut,3205,Jawa Barat,107.723308,-7.232157,7.2859
3205171008,Sirnajaya,Pasirwangi,Garut,3205,Jawa Barat,107.79783,-7.220702,2.1686
3205171003,Talaga,Pasirwangi,Garut,3205,Jawa Barat,107.784119,-7.223691,3.0183
3205181002,Cibunar,Tarogong Kidul,Garut,3205,Jawa Barat,107.883557,-7.237905,1.4746
3205181007,Haurpanggung,Tarogong Kidul,Garut,3205,Jawa Barat,107.907195,-7.199491,1.4485
3205181008,Jayaraga,Tarogong Kidul,Garut,3205,Jawa Barat,107.898787,-7.199517,1.7364
3205181006,Jayawaras,Tarogong Kidul,Garut,3205,Jawa Barat,107.890523,-7.209534,1.218
3205181001,Kersamenak,Tarogong Kidul,Garut,3205,Jawa Barat,107.8668,-7.236208,2.2881
3205181011,Mekargalih,Tarogong Kidul,Garut,3205,Jawa Barat,107.868559,-7.21018,2.6233
3205181009,Pataruman,Tarogong Kidul,Garut,3205,Jawa Barat,107.891299,-7.199671,0.6611
3205181003,Sukabakti,Tarogong Kidul,Garut,3205,Jawa Barat,107.884285,-7.228468,2.2991
3205181010,Sukagalih,Tarogong Kidul,Garut,3205,Jawa Barat,107.884144,-7.204005,2.4355
3205181005,Sukajaya,Tarogong Kidul,Garut,3205,Jawa Barat,107.884053,-7.21888,2.3079
3205181004,Sukakarya,Tarogong Kidul,Garut,3205,Jawa Barat,107.892664,-7.22324,0.8294
3205181012,Tarogong,Tarogong Kidul,Garut,3205,Jawa Barat,107.888895,-7.194762,0.6813
3205182009,Cimanganten,Tarogong Kaler,Garut,3205,Jawa Barat,107.882665,-7.184449,1.1724
3205182010,Jati,Tarogong Kaler,Garut,3205,Jawa Barat,107.898189,-7.181201,2.7631
3205182008,Langensari,Tarogong Kaler,Garut,3205,Jawa Barat,107.886038,-7.190184,0.611
3205182006,Mekarjaya,Tarogong Kaler,Garut,3205,Jawa Barat,107.85214,-7.187843,3.9434
3205182002,Mekarwangi,Tarogong Kaler,Garut,3205,Jawa Barat,107.847626,-7.206612,1.4406
3205182012,Pananjung,Tarogong Kaler,Garut,3205,Jawa Barat,107.876426,-7.168756,5.1224
3205182005,Panjiwangi,Tarogong Kaler,Garut,3205,Jawa Barat,107.829887,-7.175629,5.4135
3205182013,Pasawahan,Tarogong Kaler,Garut,3205,Jawa Barat,107.877749,-7.155105,8.8311
3205182007,Rancabango,Tarogong Kaler,Garut,3205,Jawa Barat,107.854351,-7.168315,11.7029
3205182001,Sirnajaya,Tarogong Kaler,Garut,3205,Jawa Barat,107.8582,-7.202558,2.6173
3205182003,Sukajadi,Tarogong Kaler,Garut,3205,Jawa Barat,107.840263,-7.204286,0.9763
3205182004,Sukawangi,Tarogong Kaler,Garut,3205,Jawa Barat,107.837772,-7.171874,6.1721
3205182011,Tanjungkamuning,Tarogong Kaler,Garut,3205,Jawa Barat,107.904056,-7.167416,2.1743
3205190003,Cimuncang,Garut Kota,Garut,3205,Jawa Barat,107.932545,-7.24605,5.3419
3205190009,Ciwalen,Garut Kota,Garut,3205,Jawa Barat,107.908438,-7.21453,0.3188
3205190005,Kotakulon,Garut Kota,Garut,3205,Jawa Barat,107.909497,-7.229506,1.6797
3205190004,Kotawetan,Garut Kota,Garut,3205,Jawa Barat,107.913966,-7.214988,1.4251
3205190001,Margawati,Garut Kota,Garut,3205,Jawa Barat,107.916629,-7.253845,9.7874
3205190006,Muara Sanding,Garut Kota,Garut,3205,Jawa Barat,107.898488,-7.2325,2.4819
3205190010,Pakuwon,Garut Kota,Garut,3205,Jawa Barat,107.90324,-7.212626,0.4341
3205190007,Paminggir,Garut Kota,Garut,3205,Jawa Barat,107.897771,-7.216399,0.679
3205190008,Regol,Garut Kota,Garut,3205,Jawa Barat,107.90786,-7.219068,0.5871
3205190011,Sukamantri,Garut Kota,Garut,3205,Jawa Barat,107.913381,-7.199069,2.1544
3205190002,Sukanegla,Garut Kota,Garut,3205,Jawa Barat,107.932282,-7.255845,5.379
3205200014,Cimurah,Karangpawitan,Garut,3205,Jawa Barat,107.949465,-7.191887,2.3261
3205200005,Godog,Karangpawitan,Garut,3205,Jawa Barat,107.957499,-7.24348,8.2147
3205200017,Jatisari,Karangpawitan,Garut,3205,Jawa Barat,107.939031,-7.205753,1.6168
3205200018,Karangmulya,Karangpawitan,Garut,3205,Jawa Barat,107.930668,-7.210164,1.2233
3205200008,Karangpawitan,Karangpawitan,Garut,3205,Jawa Barat,107.962367,-7.20464,2.0849
3205200013,Karangsari,Karangpawitan,Garut,3205,Jawa Barat,107.955556,-7.184837,1.9431
3205200001,Lebakagung,Karangpawitan,Garut,3205,Jawa Barat,107.946639,-7.244265,3.6234
3205200003,Lebakjaya,Karangpawitan,Garut,3205,Jawa Barat,107.932728,-7.226516,1.2559
3205200020,Lengkongjaya,Karangpawitan,Garut,3205,Jawa Barat,107.922897,-7.196035,2.1739
3205200016,Mekarsari,Karangpawitan,Garut,3205,Jawa Barat,107.934801,-7.19498,2.6002
3205200006,Sindanggalih,Karangpawitan,Garut,3205,Jawa Barat,107.962228,-7.235225,5.8683
3205200015,Sindanglaya,Karangpawitan,Garut,3205,Jawa Barat,107.942962,-7.193213,1.551
3205200007,Sindangpalay,Karangpawitan,Garut,3205,Jawa Barat,107.971267,-7.231885,7.5231
3205200009,Situgede,Karangpawitan,Garut,3205,Jawa Barat,107.979215,-7.226375,5.8194
3205200011,Situjaya,Karangpawitan,Garut,3205,Jawa Barat,107.967248,-7.18832,0.8465
3205200012,Situsaeur,Karangpawitan,Garut,3205,Jawa Barat,107.96411,-7.192137,0.7734
3205200010,Situsari,Karangpawitan,Garut,3205,Jawa Barat,107.96823,-7.18478,0.9017
3205200002,Suci,Karangpawitan,Garut,3205,Jawa Barat,107.923846,-7.225073,1.6388
3205200019,Sucikaler,Karangpawitan,Garut,3205,Jawa Barat,107.918635,-7.20814,1.5044
3205200004,Tanjungsari,Karangpawitan,Garut,3205,Jawa Barat,107.940674,-7.226607,1.9367
3205210012,Cinunuk,Wanaraja,Garut,3205,Jawa Barat,107.968283,-7.173585,1.983
3205210007,Sindangmekar,Wanaraja,Garut,3205,Jawa Barat,108.00964,-7.192247,2.8912
3205210017,Sindangprabu,Wanaraja,Garut,3205,Jawa Barat,108.000437,-7.198233,0.8481
3205210008,Sindangratu,Wanaraja,Garut,3205,Jawa Barat,107.998275,-7.181549,3.4178
3205210005,Sukamenak,Wanaraja,Garut,3205,Jawa Barat,108.031778,-7.200775,8.5977
3205210016,Wanajaya,Wanaraja,Garut,3205,Jawa Barat,107.984282,-7.167,1.3647
3205210013,Wanamekar,Wanaraja,Garut,3205,Jawa Barat,107.984359,-7.17919,1.009
3205210014,Wanaraja,Wanaraja,Garut,3205,Jawa Barat,107.974252,-7.171278,1.3268
3205210015,Wanasari,Wanaraja,Garut,3205,Jawa Barat,107.976372,-7.16452,1.1217
3205211003,Cigadog,Sucinaraja,Garut,3205,Jawa Barat,108.013549,-7.227513,8.8391
3205211001,Linggamukti,Sucinaraja,Garut,3205,Jawa Barat,107.984401,-7.22355,6.3302
3205211007,Sadang,Sucinaraja,Garut,3205,Jawa Barat,107.976708,-7.190203,0.8704
3205211002,Sukalaksana,Sucinaraja,Garut,3205,Jawa Barat,107.992064,-7.226338,4.5075
3205211005,Sukaratu,Sucinaraja,Garut,3205,Jawa Barat,107.994696,-7.20183,1.6025
3205211006,Tegalpanjang,Sucinaraja,Garut,3205,Jawa Barat,107.986464,-7.189207,2.1893
3205211004,Tenjonagara,Sucinaraja,Garut,3205,Jawa Barat,108.031832,-7.21462,9.5137
3205212002,Babakanloa,Pangatikan,Garut,3205,Jawa Barat,108.005622,-7.170193,1.5371
3205212005,Cihuni,Pangatikan,Garut,3205,Jawa Barat,107.998222,-7.169375,1.6952
3205212004,Cimaragas,Pangatikan,Garut,3205,Jawa Barat,107.995447,-7.15648,1.2863
3205212006,Citangtu,Pangatikan,Garut,3205,Jawa Barat,107.987205,-7.163459,1.0813
3205212007,Karangsari,Pangatikan,Garut,3205,Jawa Barat,107.987462,-7.150509,1.1895
3205212001,Sukahurip,Pangatikan,Garut,3205,Jawa Barat,108.051034,-7.191396,12.0026
3205212008,Sukamulya,Pangatikan,Garut,3205,Jawa Barat,107.979528,-7.149985,2.2192
3205212003,Sukarasa,Pangatikan,Garut,3205,Jawa Barat,108.001759,-7.156928,0.6656
3205220010,Maripari,Sukawening,Garut,3205,Jawa Barat,107.98443,-7.132995,2.7475
3205220015,Mekarhurip,Sukawening,Garut,3205,Jawa Barat,107.998428,-7.138484,1.0647
3205220007,Mekarluyu,Sukawening,Garut,3205,Jawa Barat,108.034771,-7.134093,4.6909
3205220014,Mekarwangi,Sukawening,Garut,3205,Jawa Barat,108.041189,-7.138231,4.5184
3205220001,Pasanggrahan,Sukawening,Garut,3205,Jawa Barat,108.017268,-7.172047,3.1346
3205220009,Sudalarang,Sukawening,Garut,3205,Jawa Barat,108.031002,-7.130202,5.9342
3205220011,Sukahaji,Sukawening,Garut,3205,Jawa Barat,107.98999,-7.124691,1.2388
3205220013,Sukaluyu,Sukawening,Garut,3205,Jawa Barat,108.005353,-7.113775,3.8232
3205220006,Sukamukti,Sukawening,Garut,3205,Jawa Barat,108.016002,-7.155962,1.7859
3205220012,Sukasono,Sukawening,Garut,3205,Jawa Barat,108.010561,-7.12703,6.7371
3205220008,Sukawening,Sukawening,Garut,3205,Jawa Barat,108.001346,-7.14851,1.8513
3205221004,Caringin,Karangtengah,Garut,3205,Jawa Barat,108.043111,-7.149405,6.3476
3205221002,Cinta,Karangtengah,Garut,3205,Jawa Barat,108.065646,-7.166957,5.7595
3205221003,Cintamanik,Karangtengah,Garut,3205,Jawa Barat,108.068439,-7.145919,8.3002
3205221001,Sindanggalih,Karangtengah,Garut,3205,Jawa Barat,108.035329,-7.170619,7.2722
3205230009,Bagendit,Banyuresmi,Garut,3205,Jawa Barat,107.96072,-7.159976,2.3239
3205230011,Banyuresmi,Banyuresmi,Garut,3205,Jawa Barat,107.954548,-7.147485,2.5329
3205230012,Binakarya,Banyuresmi,Garut,3205,Jawa Barat,107.966407,-7.147151,2.6468
3205230016,Cimareme,Banyuresmi,Garut,3205,Jawa Barat,107.949401,-7.122419,3.0807
3205230008,Cipicung,Banyuresmi,Garut,3205,Jawa Barat,107.955678,-7.170745,2.3512
3205230013,Dangdeur,Banyuresmi,Garut,3205,Jawa Barat,107.973587,-7.130955,3.384
3205230015,Karyamukti,Banyuresmi,Garut,3205,Jawa Barat,107.9457,-7.139157,2.2906
3205230014,Karyasari,Banyuresmi,Garut,3205,Jawa Barat,107.961992,-7.12472,2.7172
3205230005,Pamekarsari,Banyuresmi,Garut,3205,Jawa Barat,107.917408,-7.17031,3.4802
3205230004,Sukakarya,Banyuresmi,Garut,3205,Jawa Barat,107.914227,-7.14449,4.751
3205230017,Sukalaksana,Banyuresmi,Garut,3205,Jawa Barat,107.918894,-7.158294,2.1094
3205230010,Sukamukti,Banyuresmi,Garut,3205,Jawa Barat,107.941781,-7.159725,2.7267
3205230003,Sukaraja,Banyuresmi,Garut,3205,Jawa Barat,107.890053,-7.147055,6.9903
3205230007,Sukaratu,Banyuresmi,Garut,3205,Jawa Barat,107.936694,-7.171825,3.8816
3205230006,Sukasenang,Banyuresmi,Garut,3205,Jawa Barat,107.920251,-7.182095,3.2787
3205240011,Cangkuang,Leles,Garut,3205,Jawa Barat,107.914174,-7.102522,4.0194
3205240006,Ciburial,Leles,Garut,3205,Jawa Barat,107.878871,-7.124025,4.8972
3205240004,Cipancar,Leles,Garut,3205,Jawa Barat,107.867639,-7.11635,4.2144
3205240001,Dano,Leles,Garut,3205,Jawa Barat,107.829007,-7.119488,22.4487
3205240009,Haruman,Leles,Garut,3205,Jawa Barat,107.8925,-7.124005,3.827
3205240002,Jangkurang,Leles,Garut,3205,Jawa Barat,107.848176,-7.085966,11.5486
3205240005,Kandangmukti,Leles,Garut,3205,Jawa Barat,107.879231,-7.116215,4.5184
3205240008,Leles,Leles,Garut,3205,Jawa Barat,107.90027,-7.105785,0.6219
3205240003,Lembang,Leles,Garut,3205,Jawa Barat,107.854237,-7.119035,5.3623
3205240010,Margaluyu,Leles,Garut,3205,Jawa Barat,107.912056,-7.125181,5.6613
3205240007,Salamnunggal,Leles,Garut,3205,Jawa Barat,107.896286,-7.10422,0.4582
3205240012,Sukarame,Leles,Garut,3205,Jawa Barat,107.926959,-7.127533,3.5432
3205250003,Dungusiku,Leuwigoong,Garut,3205,Jawa Barat,107.944957,-7.104175,2.5026
3205250006,Karanganyar,Leuwigoong,Garut,3205,Jawa Barat,107.935753,-7.085935,3.2803
3205250005,Karangsari,Leuwigoong,Garut,3205,Jawa Barat,107.935358,-7.095945,1.758
3205250008,Leuwigoong,Leuwigoong,Garut,3205,Jawa Barat,107.965868,-7.09343,4.4776
3205250002,Margacinta,Leuwigoong,Garut,3205,Jawa Barat,107.93649,-7.13175,3.8232
3205250001,Margahayu,Leuwigoong,Garut,3205,Jawa Barat,107.935206,-7.14829,2.617
3205250007,Sindangsari,Leuwigoong,Garut,3205,Jawa Barat,107.957405,-7.104036,2.9936
3205250004,Tambaksari,Leuwigoong,Garut,3205,Jawa Barat,107.929968,-7.109645,2.8454
3205260001,Cibatu,Cibatu,Garut,3205,Jawa Barat,107.97168,-7.104385,1.79
3205260007,Cibunar,Cibatu,Garut,3205,Jawa Barat,107.98444,-7.08134,3.6441
3205260009,Girimukti,Cibatu,Garut,3205,Jawa Barat,108.016656,-7.0805,4.3512
3205260004,Karyamukti,Cibatu,Garut,3205,Jawa Barat,108.018164,-7.09368,6.7165
3205260006,Keresek,Cibatu,Garut,3205,Jawa Barat,107.986808,-7.09649,1.2384
3205260002,Kertajaya,Cibatu,Garut,3205,Jawa Barat,107.974823,-7.112201,2.9427
3205260015,Mekarsari,Cibatu,Garut,3205,Jawa Barat,107.994023,-7.057368,3.48
3205260005,Padasuka,Cibatu,Garut,3205,Jawa Barat,108.015278,-7.100795,5.0911
3205260016,Sindangsuka,Cibatu,Garut,3205,Jawa Barat,107.980937,-7.05805,4.1331
3205260008,Sukalilah,Cibatu,Garut,3205,Jawa Barat,108.003365,-7.064699,2.6563
3205260003,Wanakerta,Cibatu,Garut,3205,Jawa Barat,107.991553,-7.106436,3.2919
3205261002,Girijaya,Kersamanah,Garut,3205,Jawa Barat,108.02854,-7.075047,4.601
3205261003,Kersamanah,Kersamanah,Garut,3205,Jawa Barat,108.036656,-7.050725,3.0807
3205261006,Mekarraya,Kersamanah,Garut,3205,Jawa Barat,108.038181,-7.069949,2.099
3205261004,Nanjungjaya,Kersamanah,Garut,3205,Jawa Barat,108.024073,-7.047516,3.8026
3205261001,Sukamaju,Kersamanah,Garut,3205,Jawa Barat,108.041143,-7.091148,7.908
3205261005,Sukamerang,Kersamanah,Garut,3205,Jawa Barat,108.007974,-7.052914,2.451
3205270003,Cibiuk Kaler,Cibiuk,Garut,3205,Jawa Barat,107.965242,-7.063185,4.379
3205270002,Cibiuk Kidul,Cibiuk,Garut,3205,Jawa Barat,107.970082,-7.078625,2.3051
3205270001,Cipareuan,Cibiuk,Garut,3205,Jawa Barat,107.95219,-7.080625,4.1113
3205270005,Lingkungpasir,Cibiuk,Garut,3205,Jawa Barat,107.940148,-7.05628,6.5771
3205270004,Majasari,Cibiuk,Garut,3205,Jawa Barat,107.958939,-7.053035,4.7402
3205280010,Cikembulan,Kadungora,Garut,3205,Jawa Barat,107.925142,-7.082273,2.4429
3205280011,Cisaat,Kadungora,Garut,3205,Jawa Barat,107.913563,-7.07753,1.6691
3205280007,Gandamekar,Kadungora,Garut,3205,Jawa Barat,107.902496,-7.065853,2.7406
3205280014,Harumansari,Kadungora,Garut,3205,Jawa Barat,107.930813,-7.066185,2.4874
3205280003,Hegarsari,Kadungora,Garut,3205,Jawa Barat,107.885945,-7.089377,1.9758
3205280008,Kadungora,Kadungora,Garut,3205,Jawa Barat,107.902136,-7.083337,1.0243
3205280005,Karangmulya,Kadungora,Garut,3205,Jawa Barat,107.876198,-7.071116,5.38
3205280006,Karangtengah,Kadungora,Garut,3205,Jawa Barat,107.887341,-7.063403,5.9348
3205280002,Mandalasari,Kadungora,Garut,3205,Jawa Barat,107.862781,-7.073518,3.8469
3205280012,Mekarbakti,Kadungora,Garut,3205,Jawa Barat,107.911499,-7.064005,2.4533
3205280009,Neglasari,Kadungora,Garut,3205,Jawa Barat,107.913547,-7.092316,1.3159
3205280001,Rancasalak,Kadungora,Garut,3205,Jawa Barat,107.868353,-7.081605,2.989
3205280004,Talagasari,Kadungora,Garut,3205,Jawa Barat,107.899318,-7.092737,2.5418
3205280013,Tanggulun,Kadungora,Garut,3205,Jawa Barat,107.921264,-7.06235,2.4469
3205290003,Cigagade,Blubur Limbangan,Garut,3205,Jawa Barat,107.958574,-7.036275,3.991
3205290002,Cijolang,Blubur Limbangan,Garut,3205,Jawa Barat,107.943736,-7.029855,5.2556
3205290012,Ciwangi,Blubur Limbangan,Garut,3205,Jawa Barat,107.966778,-6.991005,16.6064
3205290008,Dunguswiru,Blubur Limbangan,Garut,3205,Jawa Barat,107.997573,-7.026706,1.4454
3205290009,Galihpakuwon,Blubur Limbangan,Garut,3205,Jawa Barat,107.998389,-7.038735,2.1275
3205290005,Limbanganbarat,Blubur Limbangan,Garut,3205,Jawa Barat,107.970192,-7.04116,1.0455
3205290006,Limbangantengah,Blubur Limbangan,Garut,3205,Jawa Barat,107.977616,-7.036745,0.9572
3205290007,Limbangantimur,Blubur Limbangan,Garut,3205,Jawa Barat,107.986613,-7.03601,1.4994
3205290010,Neglasari,Blubur Limbangan,Garut,3205,Jawa Barat,108.008888,-7.030842,3.8705
3205290013,Pangeureunan,Blubur Limbangan,Garut,3205,Jawa Barat,107.921093,-6.982743,31.0309
3205290004,Pasirwaru,Blubur Limbangan,Garut,3205,Jawa Barat,107.974043,-7.025855,5.3371
3205290015,Simpen Kaler,Blubur Limbangan,Garut,3205,Jawa Barat,107.917675,-7.010143,6.4195
3205290014,Simpen Kidul,Blubur Limbangan,Garut,3205,Jawa Barat,107.921134,-7.027904,3.3593
3205290011,Surabaya,Blubur Limbangan,Garut,3205,Jawa Barat,108.023624,-7.030625,3.461
3205300001,Cigawir,Selaawi,Garut,3205,Jawa Barat,107.993221,-7.015255,4.4292
3205300005,Cirapuhan,Selaawi,Garut,3205,Jawa Barat,108.041324,-7.004882,7.362
3205300003,Mekarsari,Selaawi,Garut,3205,Jawa Barat,108.034257,-7.024762,3.1544
3205300007,Pelitaasih,Selaawi,Garut,3205,Jawa Barat,107.972897,-6.97568,7.3118
3205300002,Putrajawa,Selaawi,Garut,3205,Jawa Barat,108.003784,-7.00407,7.4827
3205300006,Samida,Selaawi,Garut,3205,Jawa Barat,108.016856,-6.989756,4.1511
3205300004,Selaawi,Selaawi,Garut,3205,Jawa Barat,108.02426,-7.00879,2.9879
3205310021,Barudua,Malangbong,Garut,3205,Jawa Barat,108.074034,-7.113872,5.9088
3205310022,Bunisari,Malangbong,Garut,3205,Jawa Barat,108.062726,-7.062098,1.925
3205310006,Campaka,Malangbong,Garut,3205,Jawa Barat,108.100882,-7.075374,2.9143
3205310013,Cibunar,Malangbong,Garut,3205,Jawa Barat,108.064387,-7.042923,3.6013
3205310008,Cihaurkuning,Malangbong,Garut,3205,Jawa Barat,108.075443,-7.0745,4.644
3205310005,Cikarag,Malangbong,Garut,3205,Jawa Barat,108.111169,-7.096974,6.8177
3205310019,Cilampuyang,Malangbong,Garut,3205,Jawa Barat,108.075984,-7.001178,14.1702
3205310004,Cinagara,Malangbong,Garut,3205,Jawa Barat,108.092432,-7.095545,2.5511
3205310015,Cisitu,Malangbong,Garut,3205,Jawa Barat,108.103496,-7.044006,6.7801
3205310009,Citeras,Malangbong,Garut,3205,Jawa Barat,108.071745,-7.058028,2.58
3205310024,Girimakmur,Malangbong,Garut,3205,Jawa Barat,108.06291,-7.097425,4.2449
3205310003,Karangmulya,Malangbong,Garut,3205,Jawa Barat,108.073412,-7.100191,3.7421
3205310001,Kutanagara,Malangbong,Garut,3205,Jawa Barat,108.053243,-7.094155,4.4418
3205310010,Lewobaru,Malangbong,Garut,3205,Jawa Barat,108.050354,-7.062411,1.8142
3205310014,Malangbong,Malangbong,Garut,3205,Jawa Barat,108.108093,-7.05743,9.5534
3205310020,Mekar Mulya,Malangbong,Garut,3205,Jawa Barat,108.088897,-7.081098,2.7422
3205310018,Mekarasih,Malangbong,Garut,3205,Jawa Barat,108.093639,-7.025995,8.0025
3205310016,Sakawayana,Malangbong,Garut,3205,Jawa Barat,108.074627,-7.037356,4.2943
3205310002,Sanding,Malangbong,Garut,3205,Jawa Barat,108.066281,-7.077445,2.0336
3205310017,Sekarwangi,Malangbong,Garut,3205,Jawa Barat,108.059461,-7.02126,4.7572
3205310023,Sukajaya,Malangbong,Garut,3205,Jawa Barat,108.049348,-7.036329,2.5687
3205310007,Sukamanah,Malangbong,Garut,3205,Jawa Barat,108.110681,-7.069865,3.6777
3205310012,Sukarasa,Malangbong,Garut,3205,Jawa Barat,108.041799,-7.043193,1.6366
3205310011,Sukaratu,Malangbong,Garut,3205,Jawa Barat,108.052443,-7.05131,1.6618
3206010010,Bantarkalong,Cipatujah,Tasikmalaya,3206,Jawa Barat,108.077441,-7.667911,10.2386
3206010003,Ciandum,Cipatujah,Tasikmalaya,3206,Jawa Barat,107.998728,-7.716843,29.8879
3206010001,Ciheras,Cipatujah,Tasikmalaya,3206,Jawa Barat,107.943498,-7.720596,22.543
3206010006,Cikawungading,Cipatujah,Tasikmalaya,3206,Jawa Barat,108.100395,-7.741202,31.7262
3206010002,Cipanas,Cipatujah,Tasikmalaya,3206,Jawa Barat,107.947088,-7.688969,15.6778
3206010004,Cipatujah,Cipatujah,Tasikmalaya,3206,Jawa Barat,108.029476,-7.730367,11.5089
3206010009,Darawati,Cipatujah,Tasikmalaya,3206,Jawa Barat,108.057197,-7.668216,10.8083
3206010007,Kertasari,Cipatujah,Tasikmalaya,3206,Jawa Barat,108.07617,-7.715706,17.7541
3206010013,Nagrog,Cipatujah,Tasikmalaya,3206,Jawa Barat,108.013708,-7.664319,21.9647
3206010012,Nangelasari,Cipatujah,Tasikmalaya,3206,Jawa Barat,108.040048,-7.66501,5.4898
3206010008,Padawaras,Cipatujah,Tasikmalaya,3206,Jawa Barat,108.046546,-7.700684,10.2713
3206010014,Pameutingan,Cipatujah,Tasikmalaya,3206,Jawa Barat,107.966845,-7.670392,14.1164
3206010005,Sindangkerta,Cipatujah,Tasikmalaya,3206,Jawa Barat,108.05598,-7.743587,17.1673
3206010015,Sukahurip,Cipatujah,Tasikmalaya,3206,Jawa Barat,107.989487,-7.659847,15.2818
3206010011,Tobongjaya,Cipatujah,Tasikmalaya,3206,Jawa Barat,108.089146,-7.648352,5.8458
3206020004,Ciawi,Karangnunggal,Tasikmalaya,3206,Jawa Barat,108.134398,-7.6704,11.4058
3206020010,Cibatu,Karangnunggal,Tasikmalaya,3206,Jawa Barat,108.200118,-7.647522,14.4903
3206020009,Cibatuireng,Karangnunggal,Tasikmalaya,3206,Jawa Barat,108.169189,-7.649205,11.6211
3206020001,Cidadap,Karangnunggal,Tasikmalaya,3206,Jawa Barat,108.140329,-7.766178,11.3277
3206020005,Cikapinis,Karangnunggal,Tasikmalaya,3206,Jawa Barat,108.095263,-7.685599,12.5453
3206020013,Cikukulu,Karangnunggal,Tasikmalaya,3206,Jawa Barat,108.164323,-7.610763,9.1836
3206020006,Cikupa,Karangnunggal,Tasikmalaya,3206,Jawa Barat,108.11441,-7.649826,8.2877
3206020012,Cintawangi,Karangnunggal,Tasikmalaya,3206,Jawa Barat,108.186027,-7.616955,5.9032
3206020008,Karangmekar,Karangnunggal,Tasikmalaya,3206,Jawa Barat,108.149429,-7.636401,8.2854
3206020007,Karangnunggal,Karangnunggal,Tasikmalaya,3206,Jawa Barat,108.138287,-7.647618,11.0208
3206020002,Kujang,Karangnunggal,Tasikmalaya,3206,Jawa Barat,108.137337,-7.730297,12.32
3206020014,Sarimanggu,Karangnunggal,Tasikmalaya,3206,Jawa Barat,108.132808,-7.607397,10.5606
3206020003,Sarimukti,Karangnunggal,Tasikmalaya,3206,Jawa Barat,108.131291,-7.696481,13.1858
3206020011,Sukawangun,Karangnunggal,Tasikmalaya,3206,Jawa Barat,108.213233,-7.62309,13.8339
3206030007,Cibeber,Cikalong,Tasikmalaya,3206,Jawa Barat,108.188191,-7.695744,10.7581
3206030008,Cidadali,Cikalong,Tasikmalaya,3206,Jawa Barat,108.216233,-7.707812,14.2249
3206030010,Cikadu,Cikalong,Tasikmalaya,3206,Jawa Barat,108.226827,-7.772664,13.2737
3206030002,Cikalong,Cikalong,Tasikmalaya,3206,Jawa Barat,108.177574,-7.758173,11.1935
3206030003,Cikancra,Cikalong,Tasikmalaya,3206,Jawa Barat,108.208383,-7.754015,4.9396
3206030013,Cimanuk,Cikalong,Tasikmalaya,3206,Jawa Barat,108.316,-7.799469,10.1104
3206030012,Kalapagenep,Cikalong,Tasikmalaya,3206,Jawa Barat,108.283088,-7.790627,14.8429
3206030009,Kubangsari,Cikalong,Tasikmalaya,3206,Jawa Barat,108.235519,-7.730454,17.3201
3206030001,Mandalajaya,Cikalong,Tasikmalaya,3206,Jawa Barat,108.18039,-7.780022,17.5959
3206030006,Panyiaran,Cikalong,Tasikmalaya,3206,Jawa Barat,108.168689,-7.699044,12.5315
3206030011,Sindangjaya,Cikalong,Tasikmalaya,3206,Jawa Barat,108.242958,-7.785438,13.2052
3206030005,Singkir,Cikalong,Tasikmalaya,3206,Jawa Barat,108.168028,-7.726724,9.0203
3206030004,Tonjongsari,Cikalong,Tasikmalaya,3206,Jawa Barat,108.175617,-7.739693,10.6159
3206040007,Cibongas,Pancatengah,Tasikmalaya,3206,Jawa Barat,108.279517,-7.652399,12.9333
3206040002,Cibuniasih,Pancatengah,Tasikmalaya,3206,Jawa Barat,108.308015,-7.763472,19.2844
3206040008,Cikawung,Pancatengah,Tasikmalaya,3206,Jawa Barat,108.307377,-7.664912,9.9737
3206040005,Jayamukti,Pancatengah,Tasikmalaya,3206,Jawa Barat,108.284906,-7.69593,13.0522
3206040001,Margaluyu,Pancatengah,Tasikmalaya,3206,Jawa Barat,108.265209,-7.764279,15.0338
3206040010,Mekarsari,Pancatengah,Tasikmalaya,3206,Jawa Barat,108.349405,-7.666274,9.217
3206040011,Neglasari,Pancatengah,Tasikmalaya,3206,Jawa Barat,108.329242,-7.614933,31.9968
3206040004,Pancawangi,Pancatengah,Tasikmalaya,3206,Jawa Barat,108.309173,-7.70676,14.6804
3206040003,Pangliaran,Pancatengah,Tasikmalaya,3206,Jawa Barat,108.281319,-7.73498,15.8698
3206040009,Tawang,Pancatengah,Tasikmalaya,3206,Jawa Barat,108.329642,-7.665735,9.3021
3206040006,Tonjong,Pancatengah,Tasikmalaya,3206,Jawa Barat,108.264545,-7.688138,7.9474
3206050008,Cayur,Cikatomas,Tasikmalaya,3206,Jawa Barat,108.288482,-7.587651,14.0954
3206050002,Cilumba,Cikatomas,Tasikmalaya,3206,Jawa Barat,108.248841,-7.66722,15.777
3206050005,Cogreg,Cikatomas,Tasikmalaya,3206,Jawa Barat,108.28802,-7.628761,17.4764
3206050001,Gunungsari,Cikatomas,Tasikmalaya,3206,Jawa Barat,108.231945,-7.685384,24.5011
3206050006,Lengkongbarang,Cikatomas,Tasikmalaya,3206,Jawa Barat,108.268724,-7.584236,7.8194
3206050003,Linggalaksana,Cikatomas,Tasikmalaya,3206,Jawa Barat,108.241348,-7.637243,9.3151
3206050004,Pakemitan,Cikatomas,Tasikmalaya,3206,Jawa Barat,108.252271,-7.618537,13.9464
3206050009,Sindangasih,Cikatomas,Tasikmalaya,3206,Jawa Barat,108.325356,-7.575895,29.2115
3206050007,Tanjungbarang,Cikatomas,Tasikmalaya,3206,Jawa Barat,108.257585,-7.565167,16.2831
3206060005,Cibalong,Cibalong,Tasikmalaya,3206,Jawa Barat,108.177846,-7.519343,3.8556
3206060003,Cisempur,Cibalong,Tasikmalaya,3206,Jawa Barat,108.226936,-7.591783,12.2155
3206060001,Eureunpalay,Cibalong,Tasikmalaya,3206,Jawa Barat,108.161732,-7.578062,11.2931
3206060004,Parung,Cibalong,Tasikmalaya,3206,Jawa Barat,108.179293,-7.541309,9.6863
3206060002,Setiawaras,Cibalong,Tasikmalaya,3206,Jawa Barat,108.191452,-7.58195,18.3593
3206060014,Singajaya,Cibalong,Tasikmalaya,3206,Jawa Barat,108.185723,-7.501809,5.1921
3206061006,Barumekar,Parungponteng,Tasikmalaya,3206,Jawa Barat,108.160652,-7.485238,10.8634
3206061008,Burujuljaya,Parungponteng,Tasikmalaya,3206,Jawa Barat,108.133602,-7.465266,6.7396
3206061007,Cibanteng,Parungponteng,Tasikmalaya,3206,Jawa Barat,108.135253,-7.487395,5.5619
3206061003,Cibungur,Parungponteng,Tasikmalaya,3206,Jawa Barat,108.135031,-7.509968,7.3154
3206061002,Cigunung,Parungponteng,Tasikmalaya,3206,Jawa Barat,108.120831,-7.503028,3.743
3206061005,Girikencana,Parungponteng,Tasikmalaya,3206,Jawa Barat,108.164303,-7.512363,3.8979
3206061001,Karyabakti,Parungponteng,Tasikmalaya,3206,Jawa Barat,108.115399,-7.514782,6.4479
3206061004,Parungponteng,Parungponteng,Tasikmalaya,3206,Jawa Barat,108.150813,-7.511564,4.8631
3206070004,Hegarwangi,Bantarkalong,Tasikmalaya,3206,Jawa Barat,108.096717,-7.612737,8.7848
3206070009,Pamijahan,Bantarkalong,Tasikmalaya,3206,Jawa Barat,108.074986,-7.565715,8.6819
3206070010,Parakanhonje,Bantarkalong,Tasikmalaya,3206,Jawa Barat,108.098042,-7.589995,10.0308
3206070003,Simpang,Bantarkalong,Tasikmalaya,3206,Jawa Barat,108.1046,-7.630387,3.2546
3206070002,Sirnagalih,Bantarkalong,Tasikmalaya,3206,Jawa Barat,108.075572,-7.620458,10.8823
3206070016,Sukamaju,Bantarkalong,Tasikmalaya,3206,Jawa Barat,108.086636,-7.545501,6.9244
3206070017,Wakap,Bantarkalong,Tasikmalaya,3206,Jawa Barat,108.085221,-7.527195,6.1932
3206070008,Wangunsari,Bantarkalong,Tasikmalaya,3206,Jawa Barat,108.049849,-7.546843,11.6447
3206071002,Bojongasih,Bojongasih,Tasikmalaya,3206,Jawa Barat,108.14126,-7.577162,8.4426
3206071004,Cikadongdong,Bojongasih,Tasikmalaya,3206,Jawa Barat,108.130016,-7.544235,6.3754
3206071001,Girijaya,Bojongasih,Tasikmalaya,3206,Jawa Barat,108.12021,-7.578298,8.0029
3206071005,Mertajaya,Bojongasih,Tasikmalaya,3206,Jawa Barat,108.10929,-7.55539,9.8737
3206071003,Sindangsari,Bojongasih,Tasikmalaya,3206,Jawa Barat,108.153219,-7.54883,11.3522
3206071006,Toblongan,Bojongasih,Tasikmalaya,3206,Jawa Barat,108.11161,-7.527231,5.9007
3206072001,Bojongsari,Culamega,Tasikmalaya,3206,Jawa Barat,108.043062,-7.634068,28.0534
3206072003,Cikuya,Culamega,Tasikmalaya,3206,Jawa Barat,108.004643,-7.582415,22.9849
3206072002,Cintabodas,Culamega,Tasikmalaya,3206,Jawa Barat,108.057978,-7.60626,10.4296
3206072004,Cipicung,Culamega,Tasikmalaya,3206,Jawa Barat,108.035769,-7.567877,17.8452
3206072005,Mekarlaksana,Culamega,Tasikmalaya,3206,Jawa Barat,108.061482,-7.578931,6.4786
3206080006,Bojonggambir,Bojonggambir,Tasikmalaya,3206,Jawa Barat,107.974133,-7.516219,5.4396
3206080002,Bojongkapol,Bojonggambir,Tasikmalaya,3206,Jawa Barat,107.964742,-7.625182,32.2261
3206080001,Campakasari,Bojonggambir,Tasikmalaya,3206,Jawa Barat,107.936703,-7.624522,23.3666
3206080008,Ciroyom,Bojonggambir,Tasikmalaya,3206,Jawa Barat,107.96413,-7.489788,6.0687
3206080010,Girimukti,Bojonggambir,Tasikmalaya,3206,Jawa Barat,107.979851,-7.55588,13.5654
3206080005,Kertanegla,Bojonggambir,Tasikmalaya,3206,Jawa Barat,107.953867,-7.521875,11.5889
3206080007,Mangkonjaya,Bojonggambir,Tasikmalaya,3206,Jawa Barat,107.984794,-7.507161,5.6323
3206080004,Pedangkamulyan,Bojonggambir,Tasikmalaya,3206,Jawa Barat,107.999029,-7.540802,11.0546
3206080009,Purwaraharja,Bojonggambir,Tasikmalaya,3206,Jawa Barat,107.989191,-7.488289,5.988
3206080003,Wandasari,Bojonggambir,Tasikmalaya,3206,Jawa Barat,107.953245,-7.566676,16.0784
3206090008,Cikalong,Sodonghilir,Tasikmalaya,3206,Jawa Barat,108.063886,-7.467632,8.8779
3206090009,Cipaingeun,Sodonghilir,Tasikmalaya,3206,Jawa Barat,108.099168,-7.485296,4.6232
3206090001,Cukangjayaguna,Sodonghilir,Tasikmalaya,3206,Jawa Barat,108.005431,-7.50045,15.9503
3206090007,Cukangkawung,Sodonghilir,Tasikmalaya,3206,Jawa Barat,108.024127,-7.485216,12.8609
3206090011,Leuwidulang,Sodonghilir,Tasikmalaya,3206,Jawa Barat,108.111612,-7.465578,4.8418
3206090012,Muncang,Sodonghilir,Tasikmalaya,3206,Jawa Barat,108.081424,-7.462848,6.3998
3206090010,Pakalongan,Sodonghilir,Tasikmalaya,3206,Jawa Barat,108.105545,-7.474983,5.4639
3206090003,Parumasan,Sodonghilir,Tasikmalaya,3206,Jawa Barat,108.050185,-7.523046,6.9832
3206090005,Raksajaya,Sodonghilir,Tasikmalaya,3206,Jawa Barat,108.083447,-7.490336,6.2833
3206090004,Sepatnunggal,Sodonghilir,Tasikmalaya,3206,Jawa Barat,108.070305,-7.523853,10.6069
3206090006,Sodonghilir,Sodonghilir,Tasikmalaya,3206,Jawa Barat,108.052887,-7.486784,9.6676
3206090002,Sukabakti,Sodonghilir,Tasikmalaya,3206,Jawa Barat,108.028094,-7.523956,6.6071
3206100001,Banyuasih,Taraju,Tasikmalaya,3206,Jawa Barat,107.960025,-7.444792,15.4744
3206100005,Cikubang,Taraju,Tasikmalaya,3206,Jawa Barat,108.023272,-7.455972,8.7171
3206100006,Deudeul,Taraju,Tasikmalaya,3206,Jawa Barat,108.032781,-7.440509,7.4723
3206100007,Kertaraharja,Taraju,Tasikmalaya,3206,Jawa Barat,108.011911,-7.428898,4.0309
3206100009,Pageralam,Taraju,Tasikmalaya,3206,Jawa Barat,107.982533,-7.433008,5.9186
3206100008,Purwarahayu,Taraju,Tasikmalaya,3206,Jawa Barat,107.981407,-7.420144,9.1969
3206100003,Raksasari,Taraju,Tasikmalaya,3206,Jawa Barat,107.988977,-7.455609,3.0645
3206100004,Singasari,Taraju,Tasikmalaya,3206,Jawa Barat,107.999103,-7.453405,5.8354
3206100002,Taraju,Taraju,Tasikmalaya,3206,Jawa Barat,107.979177,-7.45466,5.1215
3206110010,Jahiang,Salawu,Tasikmalaya,3206,Jawa Barat,108.015845,-7.394728,6.29
3206110017,Karangmukti,Salawu,Tasikmalaya,3206,Jawa Barat,108.02938,-7.374703,4.8158
3206110012,Kawungsari,Salawu,Tasikmalaya,3206,Jawa Barat,107.930394,-7.373689,13.3154
3206110014,Kutawaringin,Salawu,Tasikmalaya,3206,Jawa Barat,107.955006,-7.357317,10.3827
3206110019,Margalaksana,Salawu,Tasikmalaya,3206,Jawa Barat,108.045437,-7.38197,2.6804
3206110016,Neglasari,Salawu,Tasikmalaya,3206,Jawa Barat,107.994473,-7.366203,2.3952
3206110018,Salawu,Salawu,Tasikmalaya,3206,Jawa Barat,108.020981,-7.381557,1.9218
3206110020,Serang,Salawu,Tasikmalaya,3206,Jawa Barat,108.050381,-7.368156,4.7173
3206110009,Sukarasa,Salawu,Tasikmalaya,3206,Jawa Barat,108.042857,-7.39604,5.4742
3206110011,Sundawenang,Salawu,Tasikmalaya,3206,Jawa Barat,107.989322,-7.379767,8.4373
3206110015,Tanjungsari,Salawu,Tasikmalaya,3206,Jawa Barat,107.972566,-7.363162,7.5775
3206110013,Tenjowaringin,Salawu,Tasikmalaya,3206,Jawa Barat,107.939703,-7.34584,6.1341
3206111007,Cimanggu,Puspahiang,Tasikmalaya,3206,Jawa Barat,108.085041,-7.415674,5.4182
3206111006,Luyubakti,Puspahiang,Tasikmalaya,3206,Jawa Barat,108.088713,-7.436655,7.8931
3206111001,Mandalasari,Puspahiang,Tasikmalaya,3206,Jawa Barat,107.971508,-7.409088,5.4457
3206111004,Puspahiang,Puspahiang,Tasikmalaya,3206,Jawa Barat,108.044922,-7.422284,6.0422
3206111008,Puspajaya,Puspahiang,Tasikmalaya,3206,Jawa Barat,108.06619,-7.411448,3.9885
3206111005,Pusparahayu,Puspahiang,Tasikmalaya,3206,Jawa Barat,108.062411,-7.438956,11.3099
3206111003,Puspasari,Puspahiang,Tasikmalaya,3206,Jawa Barat,108.023148,-7.414003,7.2593
3206111002,Sukasari,Puspahiang,Tasikmalaya,3206,Jawa Barat,107.968229,-7.398848,10.3905
3206120006,Cibalanarik,Tanjungjaya,Tasikmalaya,3206,Jawa Barat,108.143826,-7.402356,5.9382
3206120001,Cikeusal,Tanjungjaya,Tasikmalaya,3206,Jawa Barat,108.118256,-7.448222,9.2474
3206120007,Cilolohan,Tanjungjaya,Tasikmalaya,3206,Jawa Barat,108.163228,-7.401022,2.8375
3206120005,Cintajaya,Tanjungjaya,Tasikmalaya,3206,Jawa Barat,108.135477,-7.392741,2.5168
3206120002,Sukanagara,Tanjungjaya,Tasikmalaya,3206,Jawa Barat,108.105598,-7.41313,9.5833
3206120003,Sukasenang,Tanjungjaya,Tasikmalaya,3206,Jawa Barat,108.124017,-7.412987,5.4625
3206120004,Tanjungjaya,Tanjungjaya,Tasikmalaya,3206,Jawa Barat,108.119988,-7.385122,4.3009
3206130003,Janggala,Sukaraja,Tasikmalaya,3206,Jawa Barat,108.185564,-7.456207,3.9859
3206130006,Leuwibudah,Sukaraja,Tasikmalaya,3206,Jawa Barat,108.170542,-7.416268,5.3554
3206130007,Linggaraja,Sukaraja,Tasikmalaya,3206,Jawa Barat,108.140868,-7.424201,8.7708
3206130008,Margalaksana,Sukaraja,Tasikmalaya,3206,Jawa Barat,108.178803,-7.400331,2.0172
3206130001,Mekarjaya,Sukaraja,Tasikmalaya,3206,Jawa Barat,108.153207,-7.446037,9.2901
3206130002,Sirnajaya,Sukaraja,Tasikmalaya,3206,Jawa Barat,108.181035,-7.469894,12.2476
3206130004,Sukapura,Sukaraja,Tasikmalaya,3206,Jawa Barat,108.180417,-7.444376,4.4217
3206130005,Tarunajaya,Sukaraja,Tasikmalaya,3206,Jawa Barat,108.17566,-7.429119,4.0565
3206140010,Banjarwaringin,Salopa,Tasikmalaya,3206,Jawa Barat,108.240248,-7.497466,9.051
3206140004,Karyamandala,Salopa,Tasikmalaya,3206,Jawa Barat,108.282055,-7.542171,13.0976
3206140018,Karyawangi,Salopa,Tasikmalaya,3206,Jawa Barat,108.276803,-7.450064,11.3999
3206140008,Kawitan,Salopa,Tasikmalaya,3206,Jawa Barat,108.273183,-7.496601,7.1271
3206140007,Mandalaguna,Salopa,Tasikmalaya,3206,Jawa Barat,108.291616,-7.494708,7.2607
3206140003,Mandalahayu,Salopa,Tasikmalaya,3206,Jawa Barat,108.263613,-7.528042,9.7891
3206140009,Mandalawangi,Salopa,Tasikmalaya,3206,Jawa Barat,108.257436,-7.489877,7.1965
3206140005,Mulyasari,Salopa,Tasikmalaya,3206,Jawa Barat,108.319616,-7.534441,9.4692
3206140006,Tanjungsari,Salopa,Tasikmalaya,3206,Jawa Barat,108.320689,-7.502188,30.0771
3206141003,Ciwarak,Jatiwaras,Tasikmalaya,3206,Jawa Barat,108.211646,-7.506063,11.9751
3206141004,Jatiwaras,Jatiwaras,Tasikmalaya,3206,Jawa Barat,108.218997,-7.484327,6.1791
3206141007,Kaputihan,Jatiwaras,Tasikmalaya,3206,Jawa Barat,108.254598,-7.467324,10.0483
3206141002,Kersagalih,Jatiwaras,Tasikmalaya,3206,Jawa Barat,108.204068,-7.528605,7.4286
3206141010,Kertarahayu,Jatiwaras,Tasikmalaya,3206,Jawa Barat,108.236437,-7.532908,9.3167
3206141011,Mandala Hurip,Jatiwaras,Tasikmalaya,3206,Jawa Barat,108.227535,-7.563172,8.5358
3206141001,Mandalamekar,Jatiwaras,Tasikmalaya,3206,Jawa Barat,108.209842,-7.550717,8.7599
3206141006,Neglasari,Jatiwaras,Tasikmalaya,3206,Jawa Barat,108.222008,-7.464481,5.0099
3206141005,Papayan,Jatiwaras,Tasikmalaya,3206,Jawa Barat,108.201449,-7.480512,5.7738
3206141008,Setiawangi,Jatiwaras,Tasikmalaya,3206,Jawa Barat,108.248616,-7.441299,9.9913
3206141009,Sukakerta,Jatiwaras,Tasikmalaya,3206,Jawa Barat,108.220121,-7.443873,7.65
3206150014,Ancol,Cineam,Tasikmalaya,3206,Jawa Barat,108.387798,-7.365794,5.4411
3206150010,Ciampanan,Cineam,Tasikmalaya,3206,Jawa Barat,108.379587,-7.392758,5.8931
3206150008,Cijulang,Cineam,Tasikmalaya,3206,Jawa Barat,108.352081,-7.409921,7.3646
3206150007,Cikondang,Cineam,Tasikmalaya,3206,Jawa Barat,108.328832,-7.430328,4.8488
3206150011,Cineam,Cineam,Tasikmalaya,3206,Jawa Barat,108.351708,-7.39757,5.3346
3206150001,Cisarua,Cineam,Tasikmalaya,3206,Jawa Barat,108.359611,-7.470463,19.7241
3206150012,Madiasari,Cineam,Tasikmalaya,3206,Jawa Barat,108.356215,-7.378604,3.6306
3206150009,Nagaratengah,Cineam,Tasikmalaya,3206,Jawa Barat,108.381543,-7.411839,5.1905
3206150006,Pasirmukti,Cineam,Tasikmalaya,3206,Jawa Barat,108.33928,-7.441592,6.8147
3206150013,Rajadatu,Cineam,Tasikmalaya,3206,Jawa Barat,108.388999,-7.380491,8.2238
3206151001,Citalahab,Karangjaya,Tasikmalaya,3206,Jawa Barat,108.416192,-7.475552,7.9644
3206151003,Karangjaya,Karangjaya,Tasikmalaya,3206,Jawa Barat,108.397417,-7.436418,10.9479
3206151004,Karanglayung,Karangjaya,Tasikmalaya,3206,Jawa Barat,108.366881,-7.433766,14.1714
3206151002,Sirnajaya,Karangjaya,Tasikmalaya,3206,Jawa Barat,108.403201,-7.45575,13.6975
3206160007,Batusumur,Manonjaya,Tasikmalaya,3206,Jawa Barat,108.331751,-7.40189,5.693
3206160011,Cibeber,Manonjaya,Tasikmalaya,3206,Jawa Barat,108.293551,-7.379894,1.8011
3206160008,Cihaur,Manonjaya,Tasikmalaya,3206,Jawa Barat,108.320929,-7.385887,5.5718
3206160017,Cilangkap,Manonjaya,Tasikmalaya,3206,Jawa Barat,108.332244,-7.358749,5.9899
3206160012,Gunajaya,Manonjaya,Tasikmalaya,3206,Jawa Barat,108.278795,-7.373647,3.5493
3206160010,Kalimanggis,Manonjaya,Tasikmalaya,3206,Jawa Barat,108.305901,-7.368267,3.6092
3206160014,Kamulyan,Manonjaya,Tasikmalaya,3206,Jawa Barat,108.291756,-7.348999,2.3211
3206160015,Manonjaya,Manonjaya,Tasikmalaya,3206,Jawa Barat,108.304921,-7.352175,0.8715
3206160013,Margahayu,Manonjaya,Tasikmalaya,3206,Jawa Barat,108.29595,-7.361319,2.2672
3206160016,Margaluyu,Manonjaya,Tasikmalaya,3206,Jawa Barat,108.30976,-7.344874,2.6351
3206160018,Pasirbatang,Manonjaya,Tasikmalaya,3206,Jawa Barat,108.354334,-7.363021,6.1824
3206160009,Pasirpanjang,Manonjaya,Tasikmalaya,3206,Jawa Barat,108.32149,-7.365818,3.8548
3206161007,Bojongsari,Gunungtanjung,Tasikmalaya,3206,Jawa Barat,108.308971,-7.395338,3.9042
3206161001,Cinunjang,Gunungtanjung,Tasikmalaya,3206,Jawa Barat,108.281784,-7.425287,5.1237
3206161003,Giriwangi,Gunungtanjung,Tasikmalaya,3206,Jawa Barat,108.304633,-7.42851,7.0005
3206161005,Gunungtanjung,Gunungtanjung,Tasikmalaya,3206,Jawa Barat,108.285992,-7.406561,4.8905
3206161004,Jatijaya,Gunungtanjung,Tasikmalaya,3206,Jawa Barat,108.312869,-7.416549,5.2172
3206161002,Malatisuka,Gunungtanjung,Tasikmalaya,3206,Jawa Barat,108.311599,-7.455941,15.3697
3206161006,Tanjungsari,Gunungtanjung,Tasikmalaya,3206,Jawa Barat,108.291592,-7.391461,4.673
3206190022,Cikadongdong,Singaparna,Tasikmalaya,3206,Jawa Barat,108.160795,-7.349647,3.1795
3206190021,Cikunir,Singaparna,Tasikmalaya,3206,Jawa Barat,108.146509,-7.342605,3.7053
3206190008,Cikunten,Singaparna,Tasikmalaya,3206,Jawa Barat,108.100796,-7.359581,2.0157
3206190020,Cintaraja,Singaparna,Tasikmalaya,3206,Jawa Barat,108.138344,-7.344702,3.3824
3206190013,Cipakat,Singaparna,Tasikmalaya,3206,Jawa Barat,108.124942,-7.353049,1.4927
3206190011,Singaparna,Singaparna,Tasikmalaya,3206,Jawa Barat,108.111868,-7.346452,0.807
3206190010,Singasari,Singaparna,Tasikmalaya,3206,Jawa Barat,108.111148,-7.35485,1.0058
3206190007,Sukaasih,Singaparna,Tasikmalaya,3206,Jawa Barat,108.121627,-7.365501,1.3618
3206190009,Sukaherang,Singaparna,Tasikmalaya,3206,Jawa Barat,108.098149,-7.346162,2.6491
3206190012,Sukamulya,Singaparna,Tasikmalaya,3206,Jawa Barat,108.117922,-7.354262,0.7484
3206191004,Padasuka,Sukarame,Tasikmalaya,3206,Jawa Barat,108.165611,-7.37794,1.9939
3206191003,Suka Menak,Sukarame,Tasikmalaya,3206,Jawa Barat,108.157339,-7.380886,3.9719
3206191005,Sukakarsa,Sukarame,Tasikmalaya,3206,Jawa Barat,108.157008,-7.366554,2.0648
3206191006,Sukarame,Sukarame,Tasikmalaya,3206,Jawa Barat,108.133924,-7.360126,4.0824
3206191001,Sukarapih,Sukarame,Tasikmalaya,3206,Jawa Barat,108.134338,-7.376904,2.4369
3206191002,Wargakerta,Sukarame,Tasikmalaya,3206,Jawa Barat,108.14777,-7.381769,1.8253
3206192005,Mangunreja,Mangunreja,Tasikmalaya,3206,Jawa Barat,108.098508,-7.374413,3.4926
3206192006,Margajaya,Mangunreja,Tasikmalaya,3206,Jawa Barat,108.111174,-7.378751,3.8647
3206192001,Pasirsalam,Mangunreja,Tasikmalaya,3206,Jawa Barat,108.074128,-7.397735,6.5088
3206192004,Salebu,Mangunreja,Tasikmalaya,3206,Jawa Barat,108.077983,-7.369649,3.146
3206192002,Sukaluyu,Mangunreja,Tasikmalaya,3206,Jawa Barat,108.064106,-7.384028,4.4509
3206192003,Sukasukur,Mangunreja,Tasikmalaya,3206,Jawa Barat,108.086307,-7.380946,4.8512
3206200015,Cidugaleun,Cigalontang,Tasikmalaya,3206,Jawa Barat,108.025027,-7.287634,15.9129
3206200013,Cigalontang,Cigalontang,Tasikmalaya,3206,Jawa Barat,107.995567,-7.306389,15.4704
3206200006,Jayapura,Cigalontang,Tasikmalaya,3206,Jawa Barat,108.024342,-7.345798,3.3141
3206200002,Kersamaju,Cigalontang,Tasikmalaya,3206,Jawa Barat,107.950781,-7.304913,14.0525
3206200007,Lengkongjaya,Cigalontang,Tasikmalaya,3206,Jawa Barat,108.041815,-7.348218,5.56
3206200009,Nanggerang,Cigalontang,Tasikmalaya,3206,Jawa Barat,108.070965,-7.355452,3.9142
3206200004,Nangtang,Cigalontang,Tasikmalaya,3206,Jawa Barat,107.989018,-7.33907,7.5884
3206200016,Parentas,Cigalontang,Tasikmalaya,3206,Jawa Barat,108.00955,-7.252355,19.6858
3206200014,Puspamukti,Cigalontang,Tasikmalaya,3206,Jawa Barat,107.981149,-7.31124,8.9497
3206200005,Pusparaja,Cigalontang,Tasikmalaya,3206,Jawa Barat,108.007132,-7.350485,4.6126
3206200001,Sirnagalih,Cigalontang,Tasikmalaya,3206,Jawa Barat,107.935354,-7.29706,7.1097
3206200011,Sirnaputra,Cigalontang,Tasikmalaya,3206,Jawa Barat,108.043832,-7.313514,6.9911
3206200012,Sirnaraja,Cigalontang,Tasikmalaya,3206,Jawa Barat,108.018217,-7.310761,8.5305
3206200010,Sukamanah,Cigalontang,Tasikmalaya,3206,Jawa Barat,108.087204,-7.351639,2.5539
3206200003,Tanjungkarang,Cigalontang,Tasikmalaya,3206,Jawa Barat,107.971429,-7.316142,13.9519
3206200008,Tenjonagara,Cigalontang,Tasikmalaya,3206,Jawa Barat,108.058861,-7.346433,4.7281
3206210003,Arjasari,Leuwisari,Tasikmalaya,3206,Jawa Barat,108.105986,-7.334828,3.5027
3206210007,Ciawang,Leuwisari,Tasikmalaya,3206,Jawa Barat,108.113693,-7.324505,2.921
3206210017,Cigadog,Leuwisari,Tasikmalaya,3206,Jawa Barat,108.085726,-7.289605,4.9406
3206210008,Jayamukti,Leuwisari,Tasikmalaya,3206,Jawa Barat,108.100924,-7.319152,2.9216
3206210016,Linggamulya,Leuwisari,Tasikmalaya,3206,Jawa Barat,108.080019,-7.292447,5.216
3206210015,Linggawangi,Leuwisari,Tasikmalaya,3206,Jawa Barat,108.071589,-7.292464,5.6717
3206210018,Mandalagiri,Leuwisari,Tasikmalaya,3206,Jawa Barat,108.092545,-7.288264,4.9879
3206211005,Jayaputra,Sariwangi,Tasikmalaya,3206,Jawa Barat,108.069489,-7.325973,1.0994
3206211006,Jayaratu,Sariwangi,Tasikmalaya,3206,Jawa Barat,108.055296,-7.322428,3.0552
3206211002,Linggasirna,Sariwangi,Tasikmalaya,3206,Jawa Barat,108.082062,-7.339675,2.2339
3206211004,Sariwangi,Sariwangi,Tasikmalaya,3206,Jawa Barat,108.077384,-7.325619,1.4388
3206211003,Selawangi,Sariwangi,Tasikmalaya,3206,Jawa Barat,108.090819,-7.329206,1.9905
3206211001,Sirnasari,Sariwangi,Tasikmalaya,3206,Jawa Barat,108.066306,-7.337661,2.697
3206211008,Sukaharja,Sariwangi,Tasikmalaya,3206,Jawa Barat,108.044803,-7.280843,21.5061
3206211007,Sukamulih,Sariwangi,Tasikmalaya,3206,Jawa Barat,108.063115,-7.2886,6.305
3206212001,Cilampunghilir,Padakembang,Tasikmalaya,3206,Jawa Barat,108.126451,-7.33484,2.9312
3206212003,Cisaruni,Padakembang,Tasikmalaya,3206,Jawa Barat,108.120329,-7.314353,3.2464
3206212005,Mekarjaya,Padakembang,Tasikmalaya,3206,Jawa Barat,108.122987,-7.296413,3.8888
3206212004,Padakembang,Padakembang,Tasikmalaya,3206,Jawa Barat,108.106232,-7.291277,5.0286
3206212002,Rancapaku,Padakembang,Tasikmalaya,3206,Jawa Barat,108.136954,-7.318587,4.3591
3206221002,Gunungsari,Sukaratu,Tasikmalaya,3206,Jawa Barat,108.152325,-7.302862,5.9466
3206221005,Indrajaya,Sukaratu,Tasikmalaya,3206,Jawa Barat,108.138929,-7.264715,2.2543
3206221008,Linggajati,Sukaratu,Tasikmalaya,3206,Jawa Barat,108.097963,-7.265619,13.3852
3206221007,Sinagar,Sukaratu,Tasikmalaya,3206,Jawa Barat,108.11492,-7.266962,5.6924
3206221004,Sukagalih,Sukaratu,Tasikmalaya,3206,Jawa Barat,108.174452,-7.276758,1.915
3206221003,Sukamahi,Sukaratu,Tasikmalaya,3206,Jawa Barat,108.162925,-7.281261,3.1777
3206221006,Sukaratu,Sukaratu,Tasikmalaya,3206,Jawa Barat,108.127309,-7.268514,6.897
3206221001,Tawangbanteng,Sukaratu,Tasikmalaya,3206,Jawa Barat,108.142954,-7.308813,3.2589
3206230009,Cikadu,Cisayong,Tasikmalaya,3206,Jawa Barat,108.160437,-7.250808,1.8392
3206230011,Cileuleus,Cisayong,Tasikmalaya,3206,Jawa Barat,108.160901,-7.235518,1.9154
3206230002,Cisayong,Cisayong,Tasikmalaya,3206,Jawa Barat,108.150606,-7.260704,2.4275
3206230005,Jatihurip,Cisayong,Tasikmalaya,3206,Jawa Barat,108.187085,-7.266243,0.9897
3206230007,Mekarwangi,Cisayong,Tasikmalaya,3206,Jawa Barat,108.182933,-7.253765,2.3428
3206230008,Nusawangi,Cisayong,Tasikmalaya,3206,Jawa Barat,108.175252,-7.244125,2.3352
3206230010,Purwasari,Cisayong,Tasikmalaya,3206,Jawa Barat,108.154314,-7.241139,2.9152
3206230001,Santanamekar,Cisayong,Tasikmalaya,3206,Jawa Barat,108.109722,-7.246837,9.5642
3206230003,Sukajadi,Cisayong,Tasikmalaya,3206,Jawa Barat,108.164024,-7.260936,2.1707
3206230014,Sukamukti,Cisayong,Tasikmalaya,3206,Jawa Barat,108.099413,-7.233477,13.9626
3206230006,Sukaraharja,Cisayong,Tasikmalaya,3206,Jawa Barat,108.174443,-7.260674,1.9042
3206230013,Sukasetia,Cisayong,Tasikmalaya,3206,Jawa Barat,108.135508,-7.234492,4.9692
3206230004,Sukasukur,Cisayong,Tasikmalaya,3206,Jawa Barat,108.171967,-7.271157,2.2458
3206231001,Banyurasa,Sukahening,Tasikmalaya,3206,Jawa Barat,108.152522,-7.228133,4.1617
3206231002,Banyuresmi,Sukahening,Tasikmalaya,3206,Jawa Barat,108.159767,-7.218657,1.0516
3206231003,Calingcing,Sukahening,Tasikmalaya,3206,Jawa Barat,108.158304,-7.211813,1.6932
3206231007,Kiarajangkung,Sukahening,Tasikmalaya,3206,Jawa Barat,108.097869,-7.199748,9.1932
3206231004,Kudadepa,Sukahening,Tasikmalaya,3206,Jawa Barat,108.134081,-7.215459,2.2376
3206231006,Sukahening,Sukahening,Tasikmalaya,3206,Jawa Barat,108.144222,-7.204597,3.4825
3206231005,Sundakerta,Sukahening,Tasikmalaya,3206,Jawa Barat,108.096783,-7.213271,8.7358
3206240002,Dawagung,Rajapolah,Tasikmalaya,3206,Jawa Barat,108.184023,-7.235701,3.2531
3206240004,Manggungjaya,Rajapolah,Tasikmalaya,3206,Jawa Barat,108.194484,-7.224597,1.8088
3206240007,Manggungsari,Rajapolah,Tasikmalaya,3206,Jawa Barat,108.191024,-7.209281,3.2382
3206240001,Rajamandala,Rajapolah,Tasikmalaya,3206,Jawa Barat,108.17269,-7.222821,1.3496
3206240003,Rajapolah,Rajapolah,Tasikmalaya,3206,Jawa Barat,108.184613,-7.223707,1.2506
3206240005,Sukanagalih,Rajapolah,Tasikmalaya,3206,Jawa Barat,108.171067,-7.215311,1.738
3206240006,Sukaraja,Rajapolah,Tasikmalaya,3206,Jawa Barat,108.179097,-7.208409,2.108
3206240008,Tanjungpura,Rajapolah,Tasikmalaya,3206,Jawa Barat,108.188644,-7.195358,1.7367
3206250003,Bojonggaok,Jamanis,Tasikmalaya,3206,Jawa Barat,108.167995,-7.198306,1.2638
3206250002,Condong,Jamanis,Tasikmalaya,3206,Jawa Barat,108.156401,-7.201455,1.4833
3206250008,Geresik,Jamanis,Tasikmalaya,3206,Jawa Barat,108.146538,-7.176329,2.2154
3206250006,Karangmulya,Jamanis,Tasikmalaya,3206,Jawa Barat,108.159804,-7.186646,2.2914
3206250007,Karangresik,Jamanis,Tasikmalaya,3206,Jawa Barat,108.161539,-7.175461,1.983
3206250001,Karangsembung,Jamanis,Tasikmalaya,3206,Jawa Barat,108.146656,-7.191484,2.0996
3206250004,Sindangraja,Jamanis,Tasikmalaya,3206,Jawa Barat,108.17473,-7.190746,3.0967
3206250005,Tanjungmekar,Jamanis,Tasikmalaya,3206,Jawa Barat,108.185606,-7.183916,2.2069
3206260003,Bugel,Ciawi,Tasikmalaya,3206,Jawa Barat,108.097857,-7.174559,9.7185
3206260006,Ciawi,Ciawi,Tasikmalaya,3206,Jawa Barat,108.142329,-7.16083,0.8353
3206260007,Citamba,Ciawi,Tasikmalaya,3206,Jawa Barat,108.109575,-7.158437,14.8471
3206260002,Gombong,Ciawi,Tasikmalaya,3206,Jawa Barat,108.136138,-7.186354,2.1636
3206260001,Kertamukti,Ciawi,Tasikmalaya,3206,Jawa Barat,108.111228,-7.190015,8.3595
3206260008,Kurniabakti,Ciawi,Tasikmalaya,3206,Jawa Barat,108.142245,-7.148763,1.5267
3206260004,Margasari,Ciawi,Tasikmalaya,3206,Jawa Barat,108.128651,-7.17189,3.0016
3206260009,Pakemitan,Ciawi,Tasikmalaya,3206,Jawa Barat,108.151892,-7.157689,1.593
3206260005,Pakemitankidul,Ciawi,Tasikmalaya,3206,Jawa Barat,108.153933,-7.165527,2.1727
3206260011,Pasirhuni,Ciawi,Tasikmalaya,3206,Jawa Barat,108.139511,-7.145476,2.5377
3206260010,Sukamantri,Ciawi,Tasikmalaya,3206,Jawa Barat,108.153052,-7.144113,1.9329
3206261002,Buniasih,Kadipaten,Tasikmalaya,3206,Jawa Barat,108.132068,-7.097627,11.2918
3206261005,Cibahayu,Kadipaten,Tasikmalaya,3206,Jawa Barat,108.119538,-7.119528,5.5841
3206261004,Dirgahayu,Kadipaten,Tasikmalaya,3206,Jawa Barat,108.107055,-7.133287,7.4084
3206261006,Kadipaten,Kadipaten,Tasikmalaya,3206,Jawa Barat,108.088756,-7.122404,11.8045
3206261003,Mekarsari,Kadipaten,Tasikmalaya,3206,Jawa Barat,108.127214,-7.137017,2.5394
3206261001,Pamoyanan,Kadipaten,Tasikmalaya,3206,Jawa Barat,108.150221,-7.12915,2.9257
3206270007,Cipacing,Pagerageung,Tasikmalaya,3206,Jawa Barat,108.164434,-7.145526,2.109
3206270016,Guranteng,Pagerageung,Tasikmalaya,3206,Jawa Barat,108.194711,-7.090808,18.0284
3206270017,Nanggewer,Pagerageung,Tasikmalaya,3206,Jawa Barat,108.158944,-7.077419,12.2638
3206270012,Pagerageung,Pagerageung,Tasikmalaya,3206,Jawa Barat,108.165477,-7.115051,2.4796
3206270011,Pagersari,Pagerageung,Tasikmalaya,3206,Jawa Barat,108.165359,-7.128882,2.8432
3206270014,Puteran,Pagerageung,Tasikmalaya,3206,Jawa Barat,108.196975,-7.116432,3.825
3206270013,Sukadana,Pagerageung,Tasikmalaya,3206,Jawa Barat,108.183912,-7.119291,3.2151
3206270010,Sukamaju,Pagerageung,Tasikmalaya,3206,Jawa Barat,108.175438,-7.128424,3.0943
3206270018,Sukapada,Pagerageung,Tasikmalaya,3206,Jawa Barat,108.15142,-7.093509,11.9653
3206270015,Tanjungkerta,Pagerageung,Tasikmalaya,3206,Jawa Barat,108.211464,-7.122309,4.0919
3206271006,Banjarsari,Sukaresik,Tasikmalaya,3206,Jawa Barat,108.17771,-7.147706,2.0503
3206271002,Cipondok,Sukaresik,Tasikmalaya,3206,Jawa Barat,108.167273,-7.159658,2.7832
3206271001,Margamulya,Sukaresik,Tasikmalaya,3206,Jawa Barat,108.175601,-7.174634,1.7047
3206271003,Sukamenak,Sukaresik,Tasikmalaya,3206,Jawa Barat,108.18168,-7.171339,2.0196
3206271007,Sukapancar,Sukaresik,Tasikmalaya,3206,Jawa Barat,108.183348,-7.14262,1.6731
3206271005,Sukaratu,Sukaresik,Tasikmalaya,3206,Jawa Barat,108.184757,-7.157805,1.5844
3206271004,Sukaresik,Sukaresik,Tasikmalaya,3206,Jawa Barat,108.185538,-7.164134,1.7666
3206271008,Tanjungsari,Sukaresik,Tasikmalaya,3206,Jawa Barat,108.195764,-7.144635,3.0976
3207100013,Banjarsari,Banjarsari,Ciamis,3207,Jawa Barat,108.623688,-7.483299,1.5874
3207100012,Cibadak,Banjarsari,Ciamis,3207,Jawa Barat,108.61335,-7.49216,4.458
3207100020,Cicapar,Banjarsari,Ciamis,3207,Jawa Barat,108.644128,-7.51483,6.0253
3207100018,Ciherang,Banjarsari,Ciamis,3207,Jawa Barat,108.631273,-7.495608,3.6013
3207100021,Ciulu,Banjarsari,Ciamis,3207,Jawa Barat,108.653202,-7.510338,3.0127
3207100011,Kawasen,Banjarsari,Ciamis,3207,Jawa Barat,108.614159,-7.527863,16.0929
3207100017,Purwasari,Banjarsari,Ciamis,3207,Jawa Barat,108.642663,-7.478015,2.0205
3207100019,Ratawangi,Banjarsari,Ciamis,3207,Jawa Barat,108.63335,-7.516517,5.4734
3207100016,Sindangasih,Banjarsari,Ciamis,3207,Jawa Barat,108.640819,-7.460428,6.8056
3207100015,Sindanghayu,Banjarsari,Ciamis,3207,Jawa Barat,108.632665,-7.475121,2.7073
3207100014,Sindangsari,Banjarsari,Ciamis,3207,Jawa Barat,108.617212,-7.471522,3.3411
3207100009,Sukasari,Banjarsari,Ciamis,3207,Jawa Barat,108.601062,-7.485063,1.8552
3207101004,Banjaranyar,Banjaranyar,Ciamis,3207,Jawa Barat,108.536417,-7.51884,12.8822
3207101003,Cigayam,Banjaranyar,Ciamis,3207,Jawa Barat,108.560979,-7.505857,13.776
3207101007,Cikaso,Banjaranyar,Ciamis,3207,Jawa Barat,108.573101,-7.509658,6.3552
3207101001,Cikupa,Banjaranyar,Ciamis,3207,Jawa Barat,108.495241,-7.506025,18.6931
3207101005,Kalijaya,Banjaranyar,Ciamis,3207,Jawa Barat,108.533925,-7.554199,9.0533
3207101002,Karyamukti,Banjaranyar,Ciamis,3207,Jawa Barat,108.522119,-7.499572,11.9083
3207101009,Langkapsari,Banjaranyar,Ciamis,3207,Jawa Barat,108.595786,-7.509044,5.1713
3207101006,Pasawahan,Banjaranyar,Ciamis,3207,Jawa Barat,108.577249,-7.547402,21.1443
3207101008,Sindangrasa,Banjaranyar,Ciamis,3207,Jawa Barat,108.581006,-7.481154,6.9851
3207101010,Tanjungsari,Banjaranyar,Ciamis,3207,Jawa Barat,108.583654,-7.511454,4.9944
3207110007,Baregbeg,Lakbok,Ciamis,3207,Jawa Barat,108.683251,-7.402348,4.4903
3207110008,Cintajaya,Lakbok,Ciamis,3207,Jawa Barat,108.67709,-7.387885,3.6047
3207110010,Cintaratu,Lakbok,Ciamis,3207,Jawa Barat,108.667898,-7.365344,4.3478
3207110003,Kalapasawit,Lakbok,Ciamis,3207,Jawa Barat,108.636492,-7.392957,5.8061
3207110005,Kertajaya,Lakbok,Ciamis,3207,Jawa Barat,108.663897,-7.424669,5.1451
3207110002,Puloerang,Lakbok,Ciamis,3207,Jawa Barat,108.611412,-7.407729,7.5607
3207110006,Sidaharja,Lakbok,Ciamis,3207,Jawa Barat,108.6908,-7.418412,7.6129
3207110001,Sindangangin,Lakbok,Ciamis,3207,Jawa Barat,108.712429,-7.434804,6.4712
3207110004,Sukanagara,Lakbok,Ciamis,3207,Jawa Barat,108.651084,-7.405647,9.798
3207110009,Tambakreja,Lakbok,Ciamis,3207,Jawa Barat,108.662917,-7.380874,4.3257
3207111002,Bantardawa,Purwadadi,Ciamis,3207,Jawa Barat,108.622778,-7.443897,3.1161
3207111007,Karangpaningal,Purwadadi,Ciamis,3207,Jawa Barat,108.667611,-7.440612,4.9681
3207111001,Kutawaringin,Purwadadi,Ciamis,3207,Jawa Barat,108.591084,-7.434403,9.7009
3207111009,Padaringan,Purwadadi,Ciamis,3207,Jawa Barat,108.61001,-7.421774,7.9735
3207111003,Pasirlawang,Purwadadi,Ciamis,3207,Jawa Barat,108.639737,-7.446046,4.9067
3207111004,Purwadadi,Purwadadi,Ciamis,3207,Jawa Barat,108.660103,-7.450125,2.1926
3207111005,Purwajaya,Purwadadi,Ciamis,3207,Jawa Barat,108.688297,-7.4601,7.4227
3207111006,Sidarahayu,Purwadadi,Ciamis,3207,Jawa Barat,108.707364,-7.452752,5.793
3207111008,Sukamulya,Purwadadi,Ciamis,3207,Jawa Barat,108.643509,-7.425947,5.7171
3207120010,Bangunsari,Pamarican,Ciamis,3207,Jawa Barat,108.551924,-7.433938,9.8724
3207120012,Bantarsari,Pamarican,Ciamis,3207,Jawa Barat,108.509533,-7.413594,5.6538
3207120006,Kertahayu,Pamarican,Ciamis,3207,Jawa Barat,108.569483,-7.458903,9.8543
3207120002,Margajaya,Pamarican,Ciamis,3207,Jawa Barat,108.471035,-7.444481,13.9926
3207120014,Mekarmulya,Pamarican,Ciamis,3207,Jawa Barat,108.457109,-7.501897,14.1155
3207120003,Neglasari,Pamarican,Ciamis,3207,Jawa Barat,108.504994,-7.456265,13.0661
3207120004,Pamarican,Pamarican,Ciamis,3207,Jawa Barat,108.519463,-7.463073,7.5793
3207120013,Pasirnagara,Pamarican,Ciamis,3207,Jawa Barat,108.48912,-7.402989,5.7062
3207120009,Sidaharja,Pamarican,Ciamis,3207,Jawa Barat,108.600243,-7.449155,5.2731
3207120001,Sidamulih,Pamarican,Ciamis,3207,Jawa Barat,108.471962,-7.474965,13.8703
3207120005,Sukahurip,Pamarican,Ciamis,3207,Jawa Barat,108.540022,-7.465106,9.3593
3207120007,Sukajadi,Pamarican,Ciamis,3207,Jawa Barat,108.593597,-7.465687,4.6756
3207120011,Sukajaya,Pamarican,Ciamis,3207,Jawa Barat,108.525451,-7.424942,7.4993
3207120008,Sukamukti,Pamarican,Ciamis,3207,Jawa Barat,108.609853,-7.464517,1.9978
3207130003,Cidolog,Cidolog,Ciamis,3207,Jawa Barat,108.435589,-7.421668,12.1966
3207130002,Ciparay,Cidolog,Ciamis,3207,Jawa Barat,108.472974,-7.420471,15.2821
3207130005,Hegarmanah,Cidolog,Ciamis,3207,Jawa Barat,108.407412,-7.398151,6.4714
3207130004,Janggala,Cidolog,Ciamis,3207,Jawa Barat,108.421802,-7.402509,10.6609
3207130001,Jelegong,Cidolog,Ciamis,3207,Jawa Barat,108.437264,-7.451103,8.635
3207130006,Sukasari,Cidolog,Ciamis,3207,Jawa Barat,108.441343,-7.476959,7.8629
3207140003,Beber,Cimaragas,Ciamis,3207,Jawa Barat,108.425139,-7.370339,7.3956
3207140001,Bojongmalang,Cimaragas,Ciamis,3207,Jawa Barat,108.458515,-7.400442,4.9439
3207140004,Cimaragas,Cimaragas,Ciamis,3207,Jawa Barat,108.455768,-7.367526,5.0275
3207140005,Jayaraksa,Cimaragas,Ciamis,3207,Jawa Barat,108.441672,-7.38146,2.3987
3207140002,Raksabaya,Cimaragas,Ciamis,3207,Jawa Barat,108.460186,-7.383898,5.8599
3207150003,Bojongmengger,Cijeungjing,Ciamis,3207,Jawa Barat,108.437386,-7.348525,6.4822
3207150002,Ciharalang,Cijeungjing,Ciamis,3207,Jawa Barat,108.408591,-7.348493,7.4742
3207150006,Cijeungjing,Cijeungjing,Ciamis,3207,Jawa Barat,108.42319,-7.33511,3.4134
3207150008,Dewasari,Cijeungjing,Ciamis,3207,Jawa Barat,108.381218,-7.332215,2.7957
3207150001,Handapherang,Cijeungjing,Ciamis,3207,Jawa Barat,108.389059,-7.350796,5.1563
3207150011,Karanganyar,Cijeungjing,Ciamis,3207,Jawa Barat,108.423066,-7.307784,8.6229
3207150004,Karangkamulyan,Cijeungjing,Ciamis,3207,Jawa Barat,108.469146,-7.353636,7.1776
3207150005,Kertabumi,Cijeungjing,Ciamis,3207,Jawa Barat,108.441254,-7.332741,5.7264
3207150010,Kertaharja,Cijeungjing,Ciamis,3207,Jawa Barat,108.398629,-7.302274,9.0607
3207150007,Pamalayan,Cijeungjing,Ciamis,3207,Jawa Barat,108.3951,-7.329985,4.181
3207150009,Utama,Cijeungjing,Ciamis,3207,Jawa Barat,108.381831,-7.317702,2.3802
3207160009,Bangunharja,Cisaga,Ciamis,3207,Jawa Barat,108.550011,-7.305518,11.4514
3207160005,Cisaga,Cisaga,Ciamis,3207,Jawa Barat,108.527243,-7.34113,6.4506
3207160001,Danasari,Cisaga,Ciamis,3207,Jawa Barat,108.452495,-7.323618,6.4651
3207160010,Girimukti,Cisaga,Ciamis,3207,Jawa Barat,108.519836,-7.293542,8.5308
3207160011,Karyamulya,Cisaga,Ciamis,3207,Jawa Barat,108.509223,-7.320768,4.6437
3207160003,Kepel,Cisaga,Ciamis,3207,Jawa Barat,108.484689,-7.334134,5.6895
3207160004,Mekarmukti,Cisaga,Ciamis,3207,Jawa Barat,108.501182,-7.34259,6.2336
3207160002,Sidamulya,Cisaga,Ciamis,3207,Jawa Barat,108.47028,-7.317013,6.2119
3207160008,Sukahurip,Cisaga,Ciamis,3207,Jawa Barat,108.498555,-7.283465,7.294
3207160007,Tanjungjaya,Cisaga,Ciamis,3207,Jawa Barat,108.497059,-7.315015,6.2685
3207160006,Wangunjaya,Cisaga,Ciamis,3207,Jawa Barat,108.532581,-7.324463,9.1017
3207170006,Kadupandak,Tambaksari,Ciamis,3207,Jawa Barat,108.562408,-7.216544,11.9035
3207170002,Karangpaningal,Tambaksari,Ciamis,3207,Jawa Barat,108.552641,-7.272665,9.6539
3207170003,Kaso,Tambaksari,Ciamis,3207,Jawa Barat,108.564805,-7.240404,12.3791
3207170004,Mekarsari,Tambaksari,Ciamis,3207,Jawa Barat,108.532764,-7.232623,7.0522
3207170005,Sukasari,Tambaksari,Ciamis,3207,Jawa Barat,108.541484,-7.207547,9.0358
3207170001,Tambaksari,Tambaksari,Ciamis,3207,Jawa Barat,108.529965,-7.260672,10.9901
3207180002,Bojonggedang,Rancah,Ciamis,3207,Jawa Barat,108.499346,-7.257072,9.2823
3207180004,Cileungsir,Rancah,Ciamis,3207,Jawa Barat,108.485967,-7.216861,8.5029
3207180003,Cisontrol,Rancah,Ciamis,3207,Jawa Barat,108.508865,-7.228526,9.831
3207180010,Dadiharja,Rancah,Ciamis,3207,Jawa Barat,108.512581,-7.169707,4.8721
3207180012,Giriharja,Rancah,Ciamis,3207,Jawa Barat,108.498243,-7.138012,2.562
3207180011,Jangalaharja,Rancah,Ciamis,3207,Jawa Barat,108.501413,-7.147696,3.3405
3207180001,Karangpari,Rancah,Ciamis,3207,Jawa Barat,108.480959,-7.243222,8.8304
3207180006,Kawunglarang,Rancah,Ciamis,3207,Jawa Barat,108.48476,-7.164312,9.0227
3207180005,Kiarapayung,Rancah,Ciamis,3207,Jawa Barat,108.465237,-7.212803,7.7441
3207180009,Patakaharja,Rancah,Ciamis,3207,Jawa Barat,108.508301,-7.15339,1.1351
3207180007,Rancah,Rancah,Ciamis,3207,Jawa Barat,108.496528,-7.198072,7.6449
3207180008,Situmandala,Rancah,Ciamis,3207,Jawa Barat,108.521064,-7.194105,10.2302
3207180013,Wangunsari,Rancah,Ciamis,3207,Jawa Barat,108.480707,-7.18602,4.023
3207190008,Andapraja,Rajadesa,Ciamis,3207,Jawa Barat,108.458108,-7.15799,6.1007
3207190007,Purwaraja,Rajadesa,Ciamis,3207,Jawa Barat,108.433295,-7.147967,3.6724
3207190004,Rajadesa,Rajadesa,Ciamis,3207,Jawa Barat,108.443609,-7.19017,2.9388
3207190005,Sirnabaya,Rajadesa,Ciamis,3207,Jawa Barat,108.429313,-7.19077,3.3826
3207190006,Sirnajaya,Rajadesa,Ciamis,3207,Jawa Barat,108.438263,-7.171743,3.3895
3207190009,Sukaharja,Rajadesa,Ciamis,3207,Jawa Barat,108.474004,-7.146001,4.9073
3207190011,Sukajaya,Rajadesa,Ciamis,3207,Jawa Barat,108.477113,-7.131024,6.61
3207190003,Tanjungjaya,Rajadesa,Ciamis,3207,Jawa Barat,108.459817,-7.183069,6.7232
3207190002,Tanjungsari,Rajadesa,Ciamis,3207,Jawa Barat,108.449215,-7.215411,8.1891
3207190001,Tanjungsukur,Rajadesa,Ciamis,3207,Jawa Barat,108.43298,-7.218807,8.2684
3207190010,Tigaherang,Rajadesa,Ciamis,3207,Jawa Barat,108.448507,-7.133357,7.5506
3207200002,Bunter,Sukadana,Ciamis,3207,Jawa Barat,108.469308,-7.287595,20.8799
3207200001,Ciparigi,Sukadana,Ciamis,3207,Jawa Barat,108.441494,-7.299684,9.3163
3207200003,Margaharja,Sukadana,Ciamis,3207,Jawa Barat,108.450529,-7.251888,10.0121
3207200004,Margajaya,Sukadana,Ciamis,3207,Jawa Barat,108.41695,-7.23329,4.7381
3207200006,Salakaria,Sukadana,Ciamis,3207,Jawa Barat,108.425109,-7.269909,5.5643
3207200005,Sukadana,Sukadana,Ciamis,3207,Jawa Barat,108.438255,-7.261771,7.8905
3207210009,Benteng,Ciamis,Ciamis,3207,Jawa Barat,108.347962,-7.347716,2.9305
3207210008,Ciamis,Ciamis,Ciamis,3207,Jawa Barat,108.354489,-7.333021,3.3897
3207210010,Cigembor,Ciamis,Ciamis,3207,Jawa Barat,108.367949,-7.348572,4.2552
3207210002,Cisadap,Ciamis,Ciamis,3207,Jawa Barat,108.306859,-7.305274,3.4552
3207210003,Imbanagara,Ciamis,Ciamis,3207,Jawa Barat,108.309626,-7.322314,1.7898
3207210001,Imbanagara Raya,Ciamis,Ciamis,3207,Jawa Barat,108.296948,-7.318838,2.1013
3207210011,Kertasari,Ciamis,Ciamis,3207,Jawa Barat,108.368013,-7.329348,3.0959
3207210007,Linggasari,Ciamis,Ciamis,3207,Jawa Barat,108.339519,-7.339167,2.9695
3207210012,Maleber,Ciamis,Ciamis,3207,Jawa Barat,108.346074,-7.318826,2.6286
3207210005,Panyingkiran,Ciamis,Ciamis,3207,Jawa Barat,108.316008,-7.330798,2.6221
3207210006,Pawindan,Ciamis,Ciamis,3207,Jawa Barat,108.328336,-7.335539,1.9928
3207210004,Sindangrasa,Ciamis,Ciamis,3207,Jawa Barat,108.322238,-7.319294,3.4311
3207211004,Baregbeg,Baregbeg,Ciamis,3207,Jawa Barat,108.361541,-7.302687,2.2586
3207211008,Jelat,Baregbeg,Ciamis,3207,Jawa Barat,108.379524,-7.279203,7.934
3207211007,Karangampel,Baregbeg,Ciamis,3207,Jawa Barat,108.407405,-7.278871,5.5932
3207211002,Mekarjaya,Baregbeg,Ciamis,3207,Jawa Barat,108.343334,-7.300801,4.1254
3207211005,Petirhilir,Baregbeg,Ciamis,3207,Jawa Barat,108.379381,-7.300968,3.7304
3207211006,Pusakanagara,Baregbeg,Ciamis,3207,Jawa Barat,108.38801,-7.29182,1.7304
3207211003,Saguling,Baregbeg,Ciamis,3207,Jawa Barat,108.35215,-7.29307,3.0269
3207211001,Sukamaju,Baregbeg,Ciamis,3207,Jawa Barat,108.372582,-7.310502,3.0127
3207211009,Sukamulya,Baregbeg,Ciamis,3207,Jawa Barat,108.3496,-7.276558,5.7241
3207220003,Cikoneng,Cikoneng,Ciamis,3207,Jawa Barat,108.272241,-7.318962,3.5556
3207220008,Cimari,Cikoneng,Ciamis,3207,Jawa Barat,108.284626,-7.306292,3.1184
3207220005,Darmacaang,Cikoneng,Ciamis,3207,Jawa Barat,108.267727,-7.260257,15.5801
3207220009,Gegempalan,Cikoneng,Ciamis,3207,Jawa Barat,108.28998,-7.32539,3.874
3207220004,Kujang,Cikoneng,Ciamis,3207,Jawa Barat,108.278475,-7.297823,2.6708
3207220002,Margaluyu,Cikoneng,Ciamis,3207,Jawa Barat,108.260162,-7.302425,1.3761
3207220006,Nasol,Cikoneng,Ciamis,3207,Jawa Barat,108.283926,-7.259967,9.3446
3207220001,Panaragan,Cikoneng,Ciamis,3207,Jawa Barat,108.263807,-7.290854,3.0062
3207220007,Sindangsari,Cikoneng,Ciamis,3207,Jawa Barat,108.2958,-7.288622,4.6929
3207221004,Budiasih,Sindangkasih,Ciamis,3207,Jawa Barat,108.237889,-7.274479,2.8348
3207221003,Budiharja,Sindangkasih,Ciamis,3207,Jawa Barat,108.229221,-7.27627,3.323
3207221005,Gunungcupu,Sindangkasih,Ciamis,3207,Jawa Barat,108.236093,-7.291214,3.9946
3207221006,Sindangkasih,Sindangkasih,Ciamis,3207,Jawa Barat,108.240685,-7.305136,1.7991
3207221001,Sukamanah,Sindangkasih,Ciamis,3207,Jawa Barat,108.218518,-7.266219,3.5095
3207221002,Sukaraja,Sindangkasih,Ciamis,3207,Jawa Barat,108.218741,-7.278051,3.2839
3207221008,Sukaresik,Sindangkasih,Ciamis,3207,Jawa Barat,108.253613,-7.273286,4.2712
3207221007,Sukasenang,Sindangkasih,Ciamis,3207,Jawa Barat,108.254142,-7.290434,4.0467
3207221009,Wanasigra,Sindangkasih,Ciamis,3207,Jawa Barat,108.259524,-7.315315,1.7713
3207230008,Cihaurbeuti,Cihaurbeuti,Ciamis,3207,Jawa Barat,108.213398,-7.222652,4.9159
3207230005,Cijulang,Cihaurbeuti,Ciamis,3207,Jawa Barat,108.19767,-7.260513,2.3927
3207230555,Gunung Sawal,Cihaurbeuti,Ciamis,3207,Jawa Barat,108.257646,-7.210512,29.2717
3207230010,Padamulya,Cihaurbeuti,Ciamis,3207,Jawa Barat,108.212316,-7.202974,3.5948
3207230011,Pamokolan,Cihaurbeuti,Ciamis,3207,Jawa Barat,108.211539,-7.192552,3.6986
3207230009,Pasirtamiang,Cihaurbeuti,Ciamis,3207,Jawa Barat,108.212452,-7.21124,3.9233
3207230002,Sukahaji,Cihaurbeuti,Ciamis,3207,Jawa Barat,108.209702,-7.260766,2.606
3207230003,Sukahurip,Cihaurbeuti,Ciamis,3207,Jawa Barat,108.226753,-7.25225,4.1335
3207230004,Sukamaju,Cihaurbeuti,Ciamis,3207,Jawa Barat,108.224157,-7.241693,4.815
3207230001,Sukamulya,Cihaurbeuti,Ciamis,3207,Jawa Barat,108.202141,-7.276952,1.8273
3207230006,Sukasetia,Cihaurbeuti,Ciamis,3207,Jawa Barat,108.202533,-7.247735,2.4644
3207230007,Sumberjaya,Cihaurbeuti,Ciamis,3207,Jawa Barat,108.207375,-7.237239,4.3482
3207240005,Bendasari,Sadananya,Ciamis,3207,Jawa Barat,108.302196,-7.265044,5.6648
3207240008,Gunungsari,Sadananya,Ciamis,3207,Jawa Barat,108.294718,-7.237547,11.0689
3207240004,Mangkubumi,Sadananya,Ciamis,3207,Jawa Barat,108.307751,-7.290031,2.5782
3207240001,Mekarjadi,Sadananya,Ciamis,3207,Jawa Barat,108.337833,-7.311514,2.3921
3207240006,Sadananya,Sadananya,Ciamis,3207,Jawa Barat,108.319288,-7.2699,3.3299
3207240002,Sukajadi,Sadananya,Ciamis,3207,Jawa Barat,108.324777,-7.305059,2.2278
3207240007,Tanjungsari,Sadananya,Ciamis,3207,Jawa Barat,108.307806,-7.230969,13.4365
3207240003,Werasari,Sadananya,Ciamis,3207,Jawa Barat,108.326419,-7.288099,6.0021
3207250008,Bangbayang,Cipaku,Ciamis,3207,Jawa Barat,108.333371,-7.209592,5.2196
3207250003,Buniseuri,Cipaku,Ciamis,3207,Jawa Barat,108.376558,-7.245129,4.3894
3207250013,Ciakar,Cipaku,Ciamis,3207,Jawa Barat,108.343946,-7.198752,2.8053
3207250009,Cieurih,Cipaku,Ciamis,3207,Jawa Barat,108.353831,-7.217983,3.2885
3207250007,Cipaku,Cipaku,Ciamis,3207,Jawa Barat,108.33116,-7.223134,6.5473
3207250012,Gereba,Cipaku,Ciamis,3207,Jawa Barat,108.367276,-7.204549,2.6354
3207250005,Jalatrang,Cipaku,Ciamis,3207,Jawa Barat,108.347808,-7.248208,7.8442
3207250002,Mekarsari,Cipaku,Ciamis,3207,Jawa Barat,108.410689,-7.250728,7.0582
3207250001,Muktisari,Cipaku,Ciamis,3207,Jawa Barat,108.380532,-7.261388,10.8212
3207250004,Pusakasari,Cipaku,Ciamis,3207,Jawa Barat,108.362132,-7.235529,3.8149
3207250011,Selacai,Cipaku,Ciamis,3207,Jawa Barat,108.387932,-7.221153,5.5297
3207250010,Selamanik,Cipaku,Ciamis,3207,Jawa Barat,108.384377,-7.233502,7.8948
3207250006,Sukawening,Cipaku,Ciamis,3207,Jawa Barat,108.327737,-7.24847,9.8983
3207260002,Bayasari,Jatinagara,Ciamis,3207,Jawa Barat,108.420194,-7.185192,2.7194
3207260001,Cintanagara,Jatinagara,Ciamis,3207,Jawa Barat,108.405702,-7.21108,9.9972
3207260004,Dayeuhluhur,Jatinagara,Ciamis,3207,Jawa Barat,108.39128,-7.178683,8.1916
3207260003,Jatinagara,Jatinagara,Ciamis,3207,Jawa Barat,108.408996,-7.181501,4.9257
3207260006,Mulyasari,Jatinagara,Ciamis,3207,Jawa Barat,108.424003,-7.16231,3.1007
3207260005,Sukanagara,Jatinagara,Ciamis,3207,Jawa Barat,108.405969,-7.157148,7.2863
3207270013,Bangunjaya,Panawangan,Ciamis,3207,Jawa Barat,108.404099,-7.09363,3.5243
3207270010,Cinyasag,Panawangan,Ciamis,3207,Jawa Barat,108.378401,-7.096984,4.7725
3207270011,Gardujaya,Panawangan,Ciamis,3207,Jawa Barat,108.386708,-7.079874,5.2778
3207270014,Girilaya,Panawangan,Ciamis,3207,Jawa Barat,108.363268,-7.084354,2.7994
3207270003,Indragiri,Panawangan,Ciamis,3207,Jawa Barat,108.362632,-7.104,4.4147
3207270009,Jagabaya,Panawangan,Ciamis,3207,Jawa Barat,108.401012,-7.105445,4.7121
3207270002,Karangpaningal,Panawangan,Ciamis,3207,Jawa Barat,108.334893,-7.106739,6.4968
3207270015,Kertajaya,Panawangan,Ciamis,3207,Jawa Barat,108.34896,-7.123895,5.1561
3207270001,Kertayasa,Panawangan,Ciamis,3207,Jawa Barat,108.359892,-7.135392,5.3054
3207270018,Mekarbuana,Panawangan,Ciamis,3207,Jawa Barat,108.360736,-7.071316,5.0869
3207270008,Nagarajati,Panawangan,Ciamis,3207,Jawa Barat,108.431435,-7.117097,2.485
3207270007,Nagarajaya,Panawangan,Ciamis,3207,Jawa Barat,108.423579,-7.136084,6.073
3207270006,Nagarapageuh,Panawangan,Ciamis,3207,Jawa Barat,108.412597,-7.127195,4.0254
3207270016,Nagarawangi,Panawangan,Ciamis,3207,Jawa Barat,108.409206,-7.144351,2.4224
3207270017,Natanegara,Panawangan,Ciamis,3207,Jawa Barat,108.423844,-7.110166,3.4195
3207270004,Panawangan,Panawangan,Ciamis,3207,Jawa Barat,108.374963,-7.120482,6.7895
3207270012,Sadapaingan,Panawangan,Ciamis,3207,Jawa Barat,108.358994,-7.061981,3.5886
3207270005,Sagalaherang,Panawangan,Ciamis,3207,Jawa Barat,108.393776,-7.127626,6.705
3207280010,Citeureup,Kawali,Ciamis,3207,Jawa Barat,108.355506,-7.15073,4.7587
3207280003,Karangpawitan,Kawali,Ciamis,3207,Jawa Barat,108.377532,-7.196281,2.9648
3207280002,Kawali,Kawali,Ciamis,3207,Jawa Barat,108.364416,-7.188689,2.0932
3207280004,Kawalimukti,Kawali,Ciamis,3207,Jawa Barat,108.362309,-7.182427,1.4791
3207280011,Linggapura,Kawali,Ciamis,3207,Jawa Barat,108.38627,-7.19117,2.5342
3207280007,Margamulya,Kawali,Ciamis,3207,Jawa Barat,108.352273,-7.169522,1.4377
3207280009,Purwasari,Kawali,Ciamis,3207,Jawa Barat,108.379735,-7.148151,5.5909
3207280006,Selasari,Kawali,Ciamis,3207,Jawa Barat,108.341318,-7.17464,2.4845
3207280001,Sindangsari,Kawali,Ciamis,3207,Jawa Barat,108.332402,-7.196209,4.1157
3207280005,Talagasari,Kawali,Ciamis,3207,Jawa Barat,108.337641,-7.18573,5.6179
3207280008,Winduraja,Kawali,Ciamis,3207,Jawa Barat,108.367691,-7.169589,3.813
3207281003,Awiluar,Lumbung,Ciamis,3207,Jawa Barat,108.344419,-7.160909,2.6967
3207281001,Cikupa,Lumbung,Ciamis,3207,Jawa Barat,108.313215,-7.18683,2.833
3207281005,Darmaraja,Lumbung,Ciamis,3207,Jawa Barat,108.338947,-7.1446,2.7355
3207281004,Lumbung,Lumbung,Ciamis,3207,Jawa Barat,108.317413,-7.16922,3.4434
3207281006,Lumbungsari,Lumbung,Ciamis,3207,Jawa Barat,108.33041,-7.146537,3.5826
3207281007,Rawa,Lumbung,Ciamis,3207,Jawa Barat,108.316485,-7.151283,5.4921
3207281008,Sadewata,Lumbung,Ciamis,3207,Jawa Barat,108.327192,-7.123898,5.015
3207281002,Sukaraharja,Lumbung,Ciamis,3207,Jawa Barat,108.326609,-7.171865,1.857
3207290007,Bahara,Panjalu,Ciamis,3207,Jawa Barat,108.283901,-7.105803,4.6439
3207290003,Ciomas,Panjalu,Ciamis,3207,Jawa Barat,108.285669,-7.15657,12.3562
3207290008,Hujungtiwu,Panjalu,Ciamis,3207,Jawa Barat,108.255518,-7.094103,10.5915
3207290002,Kertamandala,Panjalu,Ciamis,3207,Jawa Barat,108.264469,-7.165794,8.9731
3207290001,Mandalare,Panjalu,Ciamis,3207,Jawa Barat,108.252802,-7.164658,4.0889
3207290005,Maparah,Panjalu,Ciamis,3207,Jawa Barat,108.298286,-7.119093,8.4582
3207290006,Panjalu,Panjalu,Ciamis,3207,Jawa Barat,108.275378,-7.126762,12.7459
3207290004,Sandingtaman,Panjalu,Ciamis,3207,Jawa Barat,108.297672,-7.16687,13.356
3207291003,Cibeureum,Sukamantri,Ciamis,3207,Jawa Barat,108.299538,-7.082519,13.7336
3207291005,Mekarwangi,Sukamantri,Ciamis,3207,Jawa Barat,108.335747,-7.080975,10.7145
3207291004,Sindanglaya,Sukamantri,Ciamis,3207,Jawa Barat,108.316928,-7.080219,6.7102
3207291002,Sukamantri,Sukamantri,Ciamis,3207,Jawa Barat,108.263292,-7.075978,13.2356
3207291001,Tenggerraharja,Sukamantri,Ciamis,3207,Jawa Barat,108.220517,-7.070595,7.0516
3207300010,Banjarangsana,Panumbangan,Ciamis,3207,Jawa Barat,108.249304,-7.135445,3.8847
3207300014,Buanamekar,Panumbangan,Ciamis,3207,Jawa Barat,108.234807,-7.171515,9.381
3207300006,Golat,Panumbangan,Ciamis,3207,Jawa Barat,108.225781,-7.14647,4.3136
3207300009,Jayagiri,Panumbangan,Ciamis,3207,Jawa Barat,108.240263,-7.145646,3.504
3207300004,Kertaraharja,Panumbangan,Ciamis,3207,Jawa Barat,108.205787,-7.142855,1.1913
3207300001,Medanglayang,Panumbangan,Ciamis,3207,Jawa Barat,108.201346,-7.176971,4.8159
3207300002,Panumbangan,Panumbangan,Ciamis,3207,Jawa Barat,108.204177,-7.164048,3.2121
3207300012,Payungagung,Panumbangan,Ciamis,3207,Jawa Barat,108.236083,-7.101134,7.9427
3207300011,Payungsari,Panumbangan,Ciamis,3207,Jawa Barat,108.247922,-7.11326,4.6987
3207300013,Sindangbarang,Panumbangan,Ciamis,3207,Jawa Barat,108.202304,-7.073113,6.0445
3207300007,Sindangherang,Panumbangan,Ciamis,3207,Jawa Barat,108.220193,-7.121011,2.2989
3207300008,Sindangmukti,Panumbangan,Ciamis,3207,Jawa Barat,108.226773,-7.123922,2.4173
3207300005,Sukakerta,Panumbangan,Ciamis,3207,Jawa Barat,108.218279,-7.150767,2.0761
3207300003,Tanjungmulya,Panumbangan,Ciamis,3207,Jawa Barat,108.212417,-7.157592,2.5446
3208010014,Bakom,Darma,Kuningan,3208,Jawa Barat,108.410913,-6.995921,1.079
3208010003,Cageur,Darma,Kuningan,3208,Jawa Barat,108.40102,-7.052135,4.3908
3208010010,Cikupa,Darma,Kuningan,3208,Jawa Barat,108.394909,-7.008278,0.6835
3208010001,Cimenga,Darma,Kuningan,3208,Jawa Barat,108.410163,-7.080437,3.2309
3208010008,Cipasung,Darma,Kuningan,3208,Jawa Barat,108.393897,-7.023014,1.5228
3208010012,Darma,Darma,Kuningan,3208,Jawa Barat,108.402597,-6.998066,1.8786
3208010016,Gunungsirah,Darma,Kuningan,3208,Jawa Barat,108.392904,-6.966298,6.2812
3208010013,Jagara,Darma,Kuningan,3208,Jawa Barat,108.419221,-7.016178,1.3197
3208010015,Karanganyar,Darma,Kuningan,3208,Jawa Barat,108.390505,-6.998577,1.5531
3208010018,Karangsari,Darma,Kuningan,3208,Jawa Barat,108.410376,-6.975323,3.3703
3208010009,Kawahmanuk,Darma,Kuningan,3208,Jawa Barat,108.389834,-7.010577,0.9725
3208010007,Paninggaran,Darma,Kuningan,3208,Jawa Barat,108.399489,-7.025429,1.1027
3208010011,Parung,Darma,Kuningan,3208,Jawa Barat,108.395287,-7.004745,0.6628
3208010019,Sagarahiang,Darma,Kuningan,3208,Jawa Barat,108.409594,-6.955855,7.4379
3208010005,Sakerta Barat,Darma,Kuningan,3208,Jawa Barat,108.405401,-7.035478,1.827
3208010004,Sakerta Timur,Darma,Kuningan,3208,Jawa Barat,108.416105,-7.036146,2.5149
3208010017,Situsari,Darma,Kuningan,3208,Jawa Barat,108.400568,-6.974635,3.8288
3208010006,Sukarasa,Darma,Kuningan,3208,Jawa Barat,108.393992,-7.038981,2.9626
3208010002,Tugumulya,Darma,Kuningan,3208,Jawa Barat,108.399512,-7.069074,4.4351
3208010888,Waduk Darma,Darma,Kuningan,3208,Jawa Barat,108.408049,-7.017591,3.9948
3208020014,Babatan,Kadugede,Kuningan,3208,Jawa Barat,108.451069,-7.001207,0.8704
3208020015,Bayuning,Kadugede,Kuningan,3208,Jawa Barat,108.445581,-6.992209,1.6838
3208020017,Ciherang,Kadugede,Kuningan,3208,Jawa Barat,108.430652,-6.984593,1.4307
3208020010,Ciketak,Kadugede,Kuningan,3208,Jawa Barat,108.459325,-7.010979,0.6425
3208020013,Cipondok,Kadugede,Kuningan,3208,Jawa Barat,108.455319,-6.995139,0.8203
3208020019,Cisukadana,Kadugede,Kuningan,3208,Jawa Barat,108.426996,-6.976024,0.7491
3208020009,Kadugede,Kadugede,Kuningan,3208,Jawa Barat,108.451611,-7.013082,3.0484
3208020003,Margabakti,Kadugede,Kuningan,3208,Jawa Barat,108.447134,-7.038618,2.0596
3208020011,Nangka,Kadugede,Kuningan,3208,Jawa Barat,108.469766,-7.007791,2.1194
3208020004,Sindangjawa,Kadugede,Kuningan,3208,Jawa Barat,108.456217,-7.029862,2.8121
3208020018,Tinggar,Kadugede,Kuningan,3208,Jawa Barat,108.438279,-6.987299,0.7205
3208020012,Windujanten,Kadugede,Kuningan,3208,Jawa Barat,108.464961,-6.995864,1.6579
3208021008,Ciasih,Nusaherang,Kuningan,3208,Jawa Barat,108.417368,-6.999807,0.6369
3208021006,Cikadu,Nusaherang,Kuningan,3208,Jawa Barat,108.4281,-6.998416,2.5448
3208021001,Haurkuning,Nusaherang,Kuningan,3208,Jawa Barat,108.426439,-7.027758,4.9794
3208021007,Jambar,Nusaherang,Kuningan,3208,Jawa Barat,108.427889,-6.992013,2.3709
3208021005,Kertawirama,Nusaherang,Kuningan,3208,Jawa Barat,108.42599,-7.009722,1.2974
3208021002,Kertayuga,Nusaherang,Kuningan,3208,Jawa Barat,108.437394,-7.033998,2.9069
3208021004,Nusaherang,Nusaherang,Kuningan,3208,Jawa Barat,108.442579,-7.007819,1.5685
3208021003,Windusari,Nusaherang,Kuningan,3208,Jawa Barat,108.445687,-7.023109,1.8095
3208030013,Cijemit,Ciniru,Kuningan,3208,Jawa Barat,108.495548,-7.055441,4.361
3208030014,Ciniru,Ciniru,Kuningan,3208,Jawa Barat,108.503567,-7.042785,2.4187
3208030011,Cipedes,Ciniru,Kuningan,3208,Jawa Barat,108.532204,-7.064583,11.3094
3208030009,Gunungmanik,Ciniru,Kuningan,3208,Jawa Barat,108.495792,-7.083846,7.414
3208030016,Longkewang,Ciniru,Kuningan,3208,Jawa Barat,108.476067,-7.021894,2.3533
3208030017,Mungkaldatar,Ciniru,Kuningan,3208,Jawa Barat,108.492019,-7.01704,3.2069
3208030012,Pamupukan,Ciniru,Kuningan,3208,Jawa Barat,108.527097,-7.047945,3.3916
3208030010,Pinara,Ciniru,Kuningan,3208,Jawa Barat,108.523169,-7.081755,6.2724
3208030015,Rambatan,Ciniru,Kuningan,3208,Jawa Barat,108.481849,-7.039333,8.8802
3208031002,Bunigeulis,Hantara,Kuningan,3208,Jawa Barat,108.425818,-7.054807,5.236
3208031004,Cikondang,Hantara,Kuningan,3208,Jawa Barat,108.448899,-7.071773,3.3202
3208031006,Citapen,Hantara,Kuningan,3208,Jawa Barat,108.480403,-7.073246,6.7057
3208031003,Hantara,Hantara,Kuningan,3208,Jawa Barat,108.454458,-7.05637,3.4284
3208031008,Pakapasan Girang,Hantara,Kuningan,3208,Jawa Barat,108.461593,-7.046218,3.992
3208031007,Pakapasan Hilir,Hantara,Kuningan,3208,Jawa Barat,108.479674,-7.056879,1.9832
3208031005,Pasiragung,Hantara,Kuningan,3208,Jawa Barat,108.461229,-7.075545,4.994
3208031001,Tundagan,Hantara,Kuningan,3208,Jawa Barat,108.428987,-7.065038,6.5146
3208040005,Bagawat,Selajambe,Kuningan,3208,Jawa Barat,108.482639,-7.101125,3.6003
3208040001,Cantilan,Selajambe,Kuningan,3208,Jawa Barat,108.442955,-7.107632,3.7617
3208040003,Ciberung,Selajambe,Kuningan,3208,Jawa Barat,108.489617,-7.122469,4.1687
3208040006,Jamberama,Selajambe,Kuningan,3208,Jawa Barat,108.461235,-7.099596,7.2946
3208040004,Kutawaringin,Selajambe,Kuningan,3208,Jawa Barat,108.501927,-7.111409,6.999
3208040007,Padahurip,Selajambe,Kuningan,3208,Jawa Barat,108.434261,-7.088039,6.3645
3208040002,Selajambe,Selajambe,Kuningan,3208,Jawa Barat,108.455159,-7.11138,3.3636
3208050010,Bangunjaya,Subang,Kuningan,3208,Jawa Barat,108.516103,-7.130017,4.1553
3208050011,Gunungaci,Subang,Kuningan,3208,Jawa Barat,108.532793,-7.099419,10.5056
3208050004,Jatisari,Subang,Kuningan,3208,Jawa Barat,108.548991,-7.159845,5.8094
3208050002,Pamulihan,Subang,Kuningan,3208,Jawa Barat,108.534209,-7.154895,6.6092
3208050012,Situgede,Subang,Kuningan,3208,Jawa Barat,108.559508,-7.108636,5.0318
3208050009,Subang,Subang,Kuningan,3208,Jawa Barat,108.538517,-7.132017,12.7681
3208050001,Tangkolo,Subang,Kuningan,3208,Jawa Barat,108.51884,-7.156111,3.0772
3208051003,Bungurberes,Cilebak,Kuningan,3208,Jawa Barat,108.604075,-7.137952,7.6271
3208051004,Cilebak,Cilebak,Kuningan,3208,Jawa Barat,108.582151,-7.136471,4.1405
3208051007,Cilimusari,Cilebak,Kuningan,3208,Jawa Barat,108.594367,-7.10117,4.3168
3208051005,Jalatrang,Cilebak,Kuningan,3208,Jawa Barat,108.564,-7.12951,5.0891
3208051002,Legokherang,Cilebak,Kuningan,3208,Jawa Barat,108.578245,-7.152645,5.3419
3208051001,Mandapajaya,Cilebak,Kuningan,3208,Jawa Barat,108.5465,-7.178781,9.4336
3208051006,Patala,Cilebak,Kuningan,3208,Jawa Barat,108.589265,-7.11453,7.163
3208060017,Andamui,Ciwaru,Kuningan,3208,Jawa Barat,108.65872,-7.03693,3.2714
3208060016,Baok,Ciwaru,Kuningan,3208,Jawa Barat,108.652934,-7.043613,3.8572
3208060009,Cilayung,Ciwaru,Kuningan,3208,Jawa Barat,108.615602,-7.08307,4.0981
3208060018,Citikur,Ciwaru,Kuningan,3208,Jawa Barat,108.609964,-7.092997,1.6418
3208060001,Citundun,Ciwaru,Kuningan,3208,Jawa Barat,108.63398,-7.1215,6.678
3208060010,Ciwaru,Ciwaru,Kuningan,3208,Jawa Barat,108.63004,-7.08102,8.6239
3208060014,Garajati,Ciwaru,Kuningan,3208,Jawa Barat,108.66008,-7.057373,4.4548
3208060013,Karangbaru,Ciwaru,Kuningan,3208,Jawa Barat,108.650701,-7.06341,2.8946
3208060008,Lebakherang,Ciwaru,Kuningan,3208,Jawa Barat,108.598898,-7.087535,2.894
3208060011,Lingga Jaya,Ciwaru,Kuningan,3208,Jawa Barat,108.642315,-7.091405,1.7413
3208060006,Sagaranten,Ciwaru,Kuningan,3208,Jawa Barat,108.634562,-7.110285,3.5993
3208060007,Sumberjaya,Ciwaru,Kuningan,3208,Jawa Barat,108.613073,-7.119,8.0002
3208061009,Cihanjaro,Karangkancana,Kuningan,3208,Jawa Barat,108.68217,-7.046262,2.7108
3208061002,Jabranti,Karangkancana,Kuningan,3208,Jawa Barat,108.683713,-7.129276,18.4779
3208061004,Kaduagung,Karangkancana,Kuningan,3208,Jawa Barat,108.654563,-7.107234,2.8605
3208061003,Karangkancana,Karangkancana,Kuningan,3208,Jawa Barat,108.687438,-7.101708,9.4163
3208061001,Margacina,Karangkancana,Kuningan,3208,Jawa Barat,108.657326,-7.131572,10.5887
3208061005,Segong,Karangkancana,Kuningan,3208,Jawa Barat,108.648059,-7.075891,7.5621
3208061008,Simpay Jaya,Karangkancana,Kuningan,3208,Jawa Barat,108.697389,-7.056147,4.2281
3208061007,Sukasari,Karangkancana,Kuningan,3208,Jawa Barat,108.676334,-7.060746,4.709
3208061006,Tanjungkerta,Karangkancana,Kuningan,3208,Jawa Barat,108.675349,-7.078343,6.3187
3208070018,Bantarpanjang,Cibingbin,Kuningan,3208,Jawa Barat,108.761643,-7.002919,14.033
3208070002,Ciangir,Cibingbin,Kuningan,3208,Jawa Barat,108.735387,-7.096075,11.7654
3208070012,Cibingbin,Cibingbin,Kuningan,3208,Jawa Barat,108.770224,-7.057294,5.6967
3208070003,Cipondok,Cibingbin,Kuningan,3208,Jawa Barat,108.763036,-7.093247,12.0426
3208070017,Cisaat,Cibingbin,Kuningan,3208,Jawa Barat,108.744092,-7.03958,1.769
3208070013,Citenjo,Cibingbin,Kuningan,3208,Jawa Barat,108.765407,-7.041159,3.8214
3208070014,Dukuhbadag,Cibingbin,Kuningan,3208,Jawa Barat,108.756882,-7.029347,10.3432
3208070005,Sindangjawa,Cibingbin,Kuningan,3208,Jawa Barat,108.74945,-7.069096,1.4983
3208070004,Sukaharja,Cibingbin,Kuningan,3208,Jawa Barat,108.772301,-7.073011,4.3983
3208070011,Sukamaju,Cibingbin,Kuningan,3208,Jawa Barat,108.747374,-7.061304,3.4031
3208071005,Cibeureum,Cibeureum,Kuningan,3208,Jawa Barat,108.729908,-7.056122,7.5702
3208071001,Cimara,Cibeureum,Kuningan,3208,Jawa Barat,108.707088,-7.107952,16.8996
3208071002,Kawungsari,Cibeureum,Kuningan,3208,Jawa Barat,108.700129,-7.073142,1.7729
3208071006,Randusari,Cibeureum,Kuningan,3208,Jawa Barat,108.712251,-7.05614,4.049
3208071007,Sukadana,Cibeureum,Kuningan,3208,Jawa Barat,108.718299,-7.038965,1.97
3208071003,Sukarapih,Cibeureum,Kuningan,3208,Jawa Barat,108.715082,-7.080218,2.2297
3208071004,Sumurwiru,Cibeureum,Kuningan,3208,Jawa Barat,108.722741,-7.075337,2.1455
3208071008,Tarikolot,Cibeureum,Kuningan,3208,Jawa Barat,108.731115,-7.042913,2.6464
3208080016,Benda,Luragung,Kuningan,3208,Jawa Barat,108.668605,-7.00403,3.4708
3208080005,Cigedang,Luragung,Kuningan,3208,Jawa Barat,108.637748,-7.029831,2.0224
3208080015,Cikaduwetan,Luragung,Kuningan,3208,Jawa Barat,108.663423,-7.020744,4.5908
3208080010,Cikandang,Luragung,Kuningan,3208,Jawa Barat,108.624002,-6.999582,3.8406
3208080008,Cirahayu,Luragung,Kuningan,3208,Jawa Barat,108.618708,-7.012631,2.2258
3208080013,Dukuhmaja,Luragung,Kuningan,3208,Jawa Barat,108.647468,-7.008228,2.1066
3208080002,Dukuhpicung,Luragung,Kuningan,3208,Jawa Barat,108.626155,-7.053167,3.3482
3208080012,Gunungkarung,Luragung,Kuningan,3208,Jawa Barat,108.644605,-6.99837,2.7185
3208080014,Luragunglandeuh,Luragung,Kuningan,3208,Jawa Barat,108.646429,-7.01843,3.071
3208080006,Luragungtonggoh,Luragung,Kuningan,3208,Jawa Barat,108.647613,-7.026609,0.8921
3208080007,Margasari,Luragung,Kuningan,3208,Jawa Barat,108.62887,-7.019029,1.3114
3208080011,Panyosogan,Luragung,Kuningan,3208,Jawa Barat,108.626038,-6.988617,2.3334
3208080004,Sindangsari,Luragung,Kuningan,3208,Jawa Barat,108.625296,-7.028588,1.9786
3208080009,Sindangsuka,Luragung,Kuningan,3208,Jawa Barat,108.630928,-7.012458,1.2039
3208080001,Walaharcageur,Luragung,Kuningan,3208,Jawa Barat,108.610709,-7.042183,1.8705
3208080003,Wilanagara,Luragung,Kuningan,3208,Jawa Barat,108.622348,-7.036597,3.7832
3208081009,Cikeusal,Cimahi,Kuningan,3208,Jawa Barat,108.685875,-6.967089,2.009
3208081001,Cileuya,Cimahi,Kuningan,3208,Jawa Barat,108.682712,-7.031088,6.3668
3208081007,Cimahi,Cimahi,Kuningan,3208,Jawa Barat,108.711345,-6.991302,7.4875
3208081005,Cimulya,Cimahi,Kuningan,3208,Jawa Barat,108.729802,-7.016449,8.4884
3208081006,Gunungsari,Cimahi,Kuningan,3208,Jawa Barat,108.711462,-7.008991,6.7487
3208081008,Kananga,Cimahi,Kuningan,3208,Jawa Barat,108.684494,-6.98837,3.8282
3208081004,Margamukti,Cimahi,Kuningan,3208,Jawa Barat,108.695879,-7.023225,10.228
3208081012,Mekarjaya,Cimahi,Kuningan,3208,Jawa Barat,108.707764,-6.95262,4.9434
3208081010,Mulyajaya,Cimahi,Kuningan,3208,Jawa Barat,108.70433,-6.973916,4.5024
3208081011,Sukajaya,Cimahi,Kuningan,3208,Jawa Barat,108.710418,-6.966338,4.1239
3208090006,Bunder,Cidahu,Kuningan,3208,Jawa Barat,108.674736,-6.984401,1.8501
3208090016,Cibulan,Cidahu,Kuningan,3208,Jawa Barat,108.654467,-6.949498,4.6349
3208090003,Cidahu,Cidahu,Kuningan,3208,Jawa Barat,108.644913,-6.982115,2.4032
3208090008,Cieurih,Cidahu,Kuningan,3208,Jawa Barat,108.665488,-6.954635,5.3919
3208090001,Cihideunggirang,Cidahu,Kuningan,3208,Jawa Barat,108.616029,-6.976066,1.4543
3208090002,Cihideunghilir,Cidahu,Kuningan,3208,Jawa Barat,108.631001,-6.982011,2.8009
3208090017,Cikeusik,Cidahu,Kuningan,3208,Jawa Barat,108.683352,-6.954273,3.1318
3208090005,Datar,Cidahu,Kuningan,3208,Jawa Barat,108.666213,-6.990304,1.7393
3208090018,Jatimulya,Cidahu,Kuningan,3208,Jawa Barat,108.686581,-6.93843,6.0562
3208090004,Kertawinangun,Cidahu,Kuningan,3208,Jawa Barat,108.655969,-6.984764,2.1828
3208090007,Legok,Cidahu,Kuningan,3208,Jawa Barat,108.6727,-6.967606,4.0177
3208090009,Nanggela,Cidahu,Kuningan,3208,Jawa Barat,108.631589,-6.9715,1.877
3208091003,Cipancur,Kalimanggis,Kuningan,3208,Jawa Barat,108.636731,-6.960215,3.9088
3208091001,Kalimanggis Kulon,Kalimanggis,Kuningan,3208,Jawa Barat,108.605656,-6.962812,3.7983
3208091002,Kalimanggis Wetan,Kalimanggis,Kuningan,3208,Jawa Barat,108.613685,-6.95926,3.1777
3208091005,Kertawana,Kalimanggis,Kuningan,3208,Jawa Barat,108.633817,-6.944055,4.5935
3208091004,Partawangunan,Kalimanggis,Kuningan,3208,Jawa Barat,108.620505,-6.958572,1.4209
3208091006,Wanasaraya,Kalimanggis,Kuningan,3208,Jawa Barat,108.646633,-6.934283,3.0056
3208100015,Ciawigebang,Ciawigebang,Kuningan,3208,Jawa Barat,108.58491,-6.972211,2.9063
3208100019,Ciawilor,Ciawigebang,Kuningan,3208,Jawa Barat,108.575974,-6.962818,1.5386
3208100027,Cigarukgak,Ciawigebang,Kuningan,3208,Jawa Barat,108.600947,-6.944907,2.6644
3208100026,Cihaur,Ciawigebang,Kuningan,3208,Jawa Barat,108.571376,-6.94851,2.2185
3208100034,Cihirup,Ciawigebang,Kuningan,3208,Jawa Barat,108.640804,-6.917466,12.0586
3208100002,Cijagamulya,Ciawigebang,Kuningan,3208,Jawa Barat,108.553532,-6.975269,0.6684
3208100033,Cikubangmulya,Ciawigebang,Kuningan,3208,Jawa Barat,108.6252,-6.937502,2.3653
3208100003,Ciomas,Ciawigebang,Kuningan,3208,Jawa Barat,108.561952,-6.976238,1.1466
3208100009,Ciputat,Ciawigebang,Kuningan,3208,Jawa Barat,108.582246,-6.978125,1.4598
3208100011,Dukuhdalem,Ciawigebang,Kuningan,3208,Jawa Barat,108.562379,-6.97013,0.6696
3208100008,Geresik,Ciawigebang,Kuningan,3208,Jawa Barat,108.605929,-6.987411,2.6082
3208100016,Kadurama,Ciawigebang,Kuningan,3208,Jawa Barat,108.598183,-6.975305,0.8143
3208100010,Kapandayan,Ciawigebang,Kuningan,3208,Jawa Barat,108.574692,-6.977156,0.698
3208100018,Karangkamulyan,Ciawigebang,Kuningan,3208,Jawa Barat,108.583156,-6.959614,1.366
3208100007,Keramatmulya,Ciawigebang,Kuningan,3208,Jawa Barat,108.604043,-6.999985,2.8945
3208100006,Lebaksiuh,Ciawigebang,Kuningan,3208,Jawa Barat,108.589189,-6.988353,1.2089
3208100028,Mekarjaya,Ciawigebang,Kuningan,3208,Jawa Barat,108.583958,-6.943119,4.5709
3208100031,Padarama,Ciawigebang,Kuningan,3208,Jawa Barat,108.595712,-6.91897,1.8709
3208100005,Pajawanlor,Ciawigebang,Kuningan,3208,Jawa Barat,108.579434,-6.988628,0.408
3208100017,Pamijahan,Ciawigebang,Kuningan,3208,Jawa Barat,108.59375,-6.960556,1.8743
3208100014,Pangkalan,Ciawigebang,Kuningan,3208,Jawa Barat,108.568758,-6.969115,0.9155
3208100004,Sidaraja,Ciawigebang,Kuningan,3208,Jawa Barat,108.568718,-6.983661,2.3655
3208100032,Sukadana,Ciawigebang,Kuningan,3208,Jawa Barat,108.607295,-6.921502,7.3837
3208100029,Sukaraja,Ciawigebang,Kuningan,3208,Jawa Barat,108.579982,-6.92657,5.3462
3208101007,Cimaranten,Cipicung,Kuningan,3208,Jawa Barat,108.533292,-6.944745,1.3086
3208101005,Cipicung,Cipicung,Kuningan,3208,Jawa Barat,108.549107,-6.94313,2.8288
3208101002,Karoya,Cipicung,Kuningan,3208,Jawa Barat,108.553635,-6.962525,0.8736
3208101006,Mekarsari,Cipicung,Kuningan,3208,Jawa Barat,108.537927,-6.938498,1.0122
3208101001,Muncangela,Cipicung,Kuningan,3208,Jawa Barat,108.545562,-6.966945,1.4104
3208101008,Pamulihan,Cipicung,Kuningan,3208,Jawa Barat,108.539391,-6.927811,3.006
3208101009,Salareuma,Cipicung,Kuningan,3208,Jawa Barat,108.558712,-6.934945,1.8073
3208101010,Suganangan,Cipicung,Kuningan,3208,Jawa Barat,108.574734,-6.919737,2.2054
3208101004,Sukamukti,Cipicung,Kuningan,3208,Jawa Barat,108.562531,-6.946878,2.5248
3208101003,Susukan,Cipicung,Kuningan,3208,Jawa Barat,108.548253,-6.955808,2.1725
3208110028,Bendungan,Lebakwangi,Kuningan,3208,Jawa Barat,108.592,-7.000429,1.5508
3208110014,Cinagara,Lebakwangi,Kuningan,3208,Jawa Barat,108.586014,-7.027402,1.7482
3208110015,Cineumbeuy,Lebakwangi,Kuningan,3208,Jawa Barat,108.592612,-7.029117,1.1194
3208110016,Cipetir,Lebakwangi,Kuningan,3208,Jawa Barat,108.603032,-7.027644,1.5928
3208110019,Langseb,Lebakwangi,Kuningan,3208,Jawa Barat,108.579605,-7.014619,1.9139
3208110017,Lebakwangi,Lebakwangi,Kuningan,3208,Jawa Barat,108.605043,-7.019335,1.9747
3208110018,Mancagar,Lebakwangi,Kuningan,3208,Jawa Barat,108.58853,-7.01543,0.9438
3208110025,Manggari,Lebakwangi,Kuningan,3208,Jawa Barat,108.566668,-6.994191,0.9963
3208110029,Mekarwangi,Lebakwangi,Kuningan,3208,Jawa Barat,108.599879,-7.0109,2.5006
3208110024,Pagundan,Lebakwangi,Kuningan,3208,Jawa Barat,108.555138,-6.987884,1.8816
3208110023,Pajawankidul,Lebakwangi,Kuningan,3208,Jawa Barat,108.564915,-7.001982,0.9931
3208110026,Pasayangan,Lebakwangi,Kuningan,3208,Jawa Barat,108.574338,-6.999213,1.0897
3208110027,Sindang,Lebakwangi,Kuningan,3208,Jawa Barat,108.583325,-6.999237,1.6473
3208111013,Buniasih,Maleber,Kuningan,3208,Jawa Barat,108.580827,-7.029753,0.649
3208111007,Cikahuripan,Maleber,Kuningan,3208,Jawa Barat,108.545559,-7.036193,2.7442
3208111001,Cipakem,Maleber,Kuningan,3208,Jawa Barat,108.561711,-7.078665,19.1907
3208111014,Ciporang,Maleber,Kuningan,3208,Jawa Barat,108.571383,-7.012185,0.9044
3208111012,Dukuhtengah,Maleber,Kuningan,3208,Jawa Barat,108.577332,-7.025265,0.8242
3208111004,Galaherang,Maleber,Kuningan,3208,Jawa Barat,108.597393,-7.051907,7.1317
3208111003,Garahaji,Maleber,Kuningan,3208,Jawa Barat,108.613928,-7.054023,1.4313
3208111002,Giriwaringin,Maleber,Kuningan,3208,Jawa Barat,108.585961,-7.084215,4.7432
3208111011,Karangtengah,Maleber,Kuningan,3208,Jawa Barat,108.571845,-7.033526,0.8141
3208111009,Kutamandarakan,Maleber,Kuningan,3208,Jawa Barat,108.55682,-7.025936,0.6291
3208111015,Kutaraja,Maleber,Kuningan,3208,Jawa Barat,108.565475,-7.019046,1.1821
3208111010,Maleber,Maleber,Kuningan,3208,Jawa Barat,108.566352,-7.02794,1.7296
3208111016,Mandalajaya,Maleber,Kuningan,3208,Jawa Barat,108.561852,-7.011962,1.5769
3208111005,Mekarsari,Maleber,Kuningan,3208,Jawa Barat,108.577452,-7.047042,5.2775
3208111006,Padamulya,Maleber,Kuningan,3208,Jawa Barat,108.551766,-7.04597,5.8474
3208111008,Parakan,Maleber,Kuningan,3208,Jawa Barat,108.545751,-7.026038,2.7938
3208120012,Cikananga,Garawangi,Kuningan,3208,Jawa Barat,108.551116,-7.008543,0.5814
3208120001,Cirukem,Garawangi,Kuningan,3208,Jawa Barat,108.508041,-7.030891,3.0691
3208120017,Citiusari,Garawangi,Kuningan,3208,Jawa Barat,108.537189,-6.991271,0.3707
3208120009,Garawangi,Garawangi,Kuningan,3208,Jawa Barat,108.535374,-7.003359,1.4367
3208120002,Gewok,Garawangi,Kuningan,3208,Jawa Barat,108.526806,-7.034442,4.7767
3208120005,Kadatuan,Garawangi,Kuningan,3208,Jawa Barat,108.508704,-7.018589,3.0331
3208120010,Karamatwangi,Garawangi,Kuningan,3208,Jawa Barat,108.540109,-7.005951,0.3957
3208120003,Kutakembaran,Garawangi,Kuningan,3208,Jawa Barat,108.535326,-7.022613,1.3763
3208120007,Lengkong,Garawangi,Kuningan,3208,Jawa Barat,108.519763,-6.991589,2.3593
3208120016,Mancagar,Garawangi,Kuningan,3208,Jawa Barat,108.543234,-6.992813,0.4923
3208120014,Mekarmulya,Garawangi,Kuningan,3208,Jawa Barat,108.555076,-6.998524,0.7155
3208120004,Pakembangan,Garawangi,Kuningan,3208,Jawa Barat,108.528357,-7.016125,3.701
3208120008,Purwasari,Garawangi,Kuningan,3208,Jawa Barat,108.533297,-6.997687,2.8892
3208120011,Sukaimut,Garawangi,Kuningan,3208,Jawa Barat,108.544756,-7.008112,1.6529
3208120015,Sukamulya,Garawangi,Kuningan,3208,Jawa Barat,108.550561,-6.995356,0.7503
3208120013,Tambakbaya,Garawangi,Kuningan,3208,Jawa Barat,108.556244,-7.007784,0.5815
3208120006,Tembong,Garawangi,Kuningan,3208,Jawa Barat,108.51068,-7.001763,1.6061
3208121010,Babakanreuma,Sindangagung,Kuningan,3208,Jawa Barat,108.52613,-6.963853,1.3636
3208121006,Balong,Sindangagung,Kuningan,3208,Jawa Barat,108.545737,-6.982913,1.4447
3208121011,Dukuhlor,Sindangagung,Kuningan,3208,Jawa Barat,108.536311,-6.953973,1.1143
3208121002,Kaduagung,Sindangagung,Kuningan,3208,Jawa Barat,108.523571,-6.980795,1.0086
3208121001,Kertaungaran,Sindangagung,Kuningan,3208,Jawa Barat,108.531132,-6.980765,1.1549
3208121004,Kertawangunan,Sindangagung,Kuningan,3208,Jawa Barat,108.52765,-6.972624,1.159
3208121008,Kertayasa,Sindangagung,Kuningan,3208,Jawa Barat,108.539214,-6.965784,1.2924
3208121007,Mekarmukti,Sindangagung,Kuningan,3208,Jawa Barat,108.544574,-6.973682,0.4488
3208121005,Sindangagung,Sindangagung,Kuningan,3208,Jawa Barat,108.538321,-6.982261,1.1376
3208121003,Sindangsari,Sindangagung,Kuningan,3208,Jawa Barat,108.513899,-6.97918,1.4248
3208121012,Taraju,Sindangagung,Kuningan,3208,Jawa Barat,108.530401,-6.950427,1.1932
3208121009,Tirtawangunan,Sindangagung,Kuningan,3208,Jawa Barat,108.536856,-6.964821,0.5567
3208130011,Ancaran,Kuningan,Kuningan,3208,Jawa Barat,108.51461,-6.96893,1.8906
3208130014,Awirarangan,Kuningan,Kuningan,3208,Jawa Barat,108.489357,-6.982931,1.4607
3208130001,Cibinuang,Kuningan,Kuningan,3208,Jawa Barat,108.48065,-7.00085,4.1602
3208130007,Cigintung,Kuningan,Kuningan,3208,Jawa Barat,108.486602,-6.961165,1.191
3208130008,Cijoho,Kuningan,Kuningan,3208,Jawa Barat,108.493531,-6.970132,1.9371
3208130010,Ciporang,Kuningan,Kuningan,3208,Jawa Barat,108.494806,-6.963903,1.2541
3208130013,Cirendang,Kuningan,Kuningan,3208,Jawa Barat,108.478629,-6.951648,2.4265
3208130002,Citangtu,Kuningan,Kuningan,3208,Jawa Barat,108.494908,-6.999771,4.2567
3208130003,Karangtawang,Kuningan,Kuningan,3208,Jawa Barat,108.507461,-6.989262,1.6975
3208130015,Kasturi,Kuningan,Kuningan,3208,Jawa Barat,108.493728,-6.951689,0.9544
3208130012,Kedungarum,Kuningan,Kuningan,3208,Jawa Barat,108.500565,-6.961075,1.2701
3208130005,Kuningan,Kuningan,Kuningan,3208,Jawa Barat,108.477266,-6.981509,2.091
3208130016,Padarek,Kuningan,Kuningan,3208,Jawa Barat,108.512959,-6.959847,0.7575
3208130006,Purwawinangun,Kuningan,Kuningan,3208,Jawa Barat,108.484776,-6.972526,2.1697
3208130004,Winduhaji,Kuningan,Kuningan,3208,Jawa Barat,108.4985,-6.986004,1.6144
3208130009,Windusengkahan,Kuningan,Kuningan,3208,Jawa Barat,108.502746,-6.980629,0.5731
3208140005,Babakanmulya,Cigugur,Kuningan,3208,Jawa Barat,108.439277,-6.971175,1.8161
3208140001,Cigadung,Cigugur,Kuningan,3208,Jawa Barat,108.462103,-6.984289,2.2284
3208140007,Cigugur,Cigugur,Kuningan,3208,Jawa Barat,108.457394,-6.965953,4.19
3208140003,Cileuleuy,Cigugur,Kuningan,3208,Jawa Barat,108.447861,-6.979287,2.1119
3208140010,Cipari,Cigugur,Kuningan,3208,Jawa Barat,108.467872,-6.956652,1.0659
3208140006,Cisantana,Cigugur,Kuningan,3208,Jawa Barat,108.442282,-6.951355,7.0791
3208140009,Gunungkeling,Cigugur,Kuningan,3208,Jawa Barat,108.462424,-6.949036,1.934
3208140004,Puncak,Cigugur,Kuningan,3208,Jawa Barat,108.414661,-6.936131,12.6575
3208140002,Sukamulya,Cigugur,Kuningan,3208,Jawa Barat,108.459021,-6.978017,0.7402
3208140008,Winduherang,Cigugur,Kuningan,3208,Jawa Barat,108.474622,-6.965889,1.8881
3208150010,Bojong,Kramatmulya,Kuningan,3208,Jawa Barat,108.505015,-6.943607,1.2722
3208150013,Cibentang,Kramatmulya,Kuningan,3208,Jawa Barat,108.476384,-6.940394,0.7646
3208150011,Cikaso,Kramatmulya,Kuningan,3208,Jawa Barat,108.499349,-6.937139,1.9447
3208150007,Cikubangsari,Kramatmulya,Kuningan,3208,Jawa Barat,108.520205,-6.954013,0.889
3208150009,Cilaja,Kramatmulya,Kuningan,3208,Jawa Barat,108.510337,-6.949735,1.2836
3208150003,Cilowa,Kramatmulya,Kuningan,3208,Jawa Barat,108.493786,-6.945179,0.6728
3208150014,Gandasoli,Kramatmulya,Kuningan,3208,Jawa Barat,108.464617,-6.935796,1.1515
3208150005,Gereba,Kramatmulya,Kuningan,3208,Jawa Barat,108.503075,-6.952535,0.7774
3208150015,Kalapagunung,Kramatmulya,Kuningan,3208,Jawa Barat,108.482384,-6.936566,1.2519
3208150017,Karangmangu,Kramatmulya,Kuningan,3208,Jawa Barat,108.504421,-6.931396,1.5084
3208150012,Kramatmulya,Kramatmulya,Kuningan,3208,Jawa Barat,108.489606,-6.933759,1.3672
3208150001,Pajambon,Kramatmulya,Kuningan,3208,Jawa Barat,108.453134,-6.9386,0.9916
3208150002,Ragawacana,Kramatmulya,Kuningan,3208,Jawa Barat,108.470333,-6.941997,1.7083
3208150008,Widarasari,Kramatmulya,Kuningan,3208,Jawa Barat,108.522086,-6.946222,0.978
3208160004,Babakanmulya,Jalaksana,Kuningan,3208,Jawa Barat,108.439886,-6.916365,7.2696
3208160014,Ciniru,Jalaksana,Kuningan,3208,Jawa Barat,108.502254,-6.915858,1.479
3208160003,Jalaksana,Jalaksana,Kuningan,3208,Jawa Barat,108.485414,-6.925204,1.0015
3208160010,Maniskidul,Jalaksana,Kuningan,3208,Jawa Barat,108.490146,-6.90913,1.5285
3208160011,Manislor,Jalaksana,Kuningan,3208,Jawa Barat,108.490155,-6.902103,1.263
3208160017,Nanggerang,Jalaksana,Kuningan,3208,Jawa Barat,108.496729,-6.921638,0.6353
3208160013,Padamenak,Jalaksana,Kuningan,3208,Jawa Barat,108.489677,-6.918404,0.491
3208160007,Peusing,Jalaksana,Kuningan,3208,Jawa Barat,108.473331,-6.898225,1.4042
3208160009,Sadamantra,Jalaksana,Kuningan,3208,Jawa Barat,108.475134,-6.91756,2.1245
3208160005,Sangkanerang,Jalaksana,Kuningan,3208,Jawa Barat,108.442691,-6.906015,5.3629
3208160006,Sayana,Jalaksana,Kuningan,3208,Jawa Barat,108.444904,-6.90013,3.4536
3208160008,Sembawa,Jalaksana,Kuningan,3208,Jawa Barat,108.473086,-6.908069,2.3707
3208160002,Sidamulya,Jalaksana,Kuningan,3208,Jawa Barat,108.465352,-6.926864,1.4446
3208160016,Sindangbarang,Jalaksana,Kuningan,3208,Jawa Barat,108.513216,-6.93133,2.3463
3208160001,Sukamukti,Jalaksana,Kuningan,3208,Jawa Barat,108.440275,-6.928203,7.5826
3208161008,Cengal,Japara,Kuningan,3208,Jawa Barat,108.544864,-6.915115,4.9429
3208161009,Cikeleng,Japara,Kuningan,3208,Jawa Barat,108.568025,-6.909249,5.6562
3208161007,Citapen,Japara,Kuningan,3208,Jawa Barat,108.5312,-6.898638,2.1098
3208161002,Dukuhdalem,Japara,Kuningan,3208,Jawa Barat,108.514904,-6.922232,2.7003
3208161003,Garatengah,Japara,Kuningan,3208,Jawa Barat,108.504426,-6.909088,1.493
3208161004,Japara,Japara,Kuningan,3208,Jawa Barat,108.518537,-6.90159,2.1147
3208161010,Kalimati,Japara,Kuningan,3208,Jawa Barat,108.594559,-6.905411,2.5801
3208161001,Rajadanu,Japara,Kuningan,3208,Jawa Barat,108.527473,-6.924756,2.2944
3208161005,Singkup,Japara,Kuningan,3208,Jawa Barat,108.526611,-6.912479,1.5759
3208161006,Wano,Japara,Kuningan,3208,Jawa Barat,108.530628,-6.909145,1.0413
3208170001,Bandorasa Kulon,Cilimus,Kuningan,3208,Jawa Barat,108.458934,-6.892348,6.2587
3208170002,Bandorasa Wetan,Cilimus,Kuningan,3208,Jawa Barat,108.492803,-6.890466,1.5417
3208170012,Bojong,Cilimus,Kuningan,3208,Jawa Barat,108.490638,-6.873504,1.8412
3208170020,Caracas,Cilimus,Kuningan,3208,Jawa Barat,108.505193,-6.85981,2.4726
3208170024,Cibeureum,Cilimus,Kuningan,3208,Jawa Barat,108.464071,-6.863172,4.0011
3208170017,Cilimus,Cilimus,Kuningan,3208,Jawa Barat,108.501596,-6.870861,2.0234
3208170022,Kaliaren,Cilimus,Kuningan,3208,Jawa Barat,108.485611,-6.862825,1.6661
3208170016,Linggaindah,Cilimus,Kuningan,3208,Jawa Barat,108.479148,-6.872036,1.3101
3208170015,Linggajati,Cilimus,Kuningan,3208,Jawa Barat,108.45557,-6.884481,5.4718
3208170013,Linggamekar,Cilimus,Kuningan,3208,Jawa Barat,108.480647,-6.879205,0.7751
3208170014,Linggasana,Cilimus,Kuningan,3208,Jawa Barat,108.47572,-6.885056,1.3079
3208170021,Sampora,Cilimus,Kuningan,3208,Jawa Barat,108.500204,-6.850889,2.719
3208170023,Setianegara,Cilimus,Kuningan,3208,Jawa Barat,108.454643,-6.877481,4.1278
3208171007,Babakanjati,Cigandamekar,Kuningan,3208,Jawa Barat,108.531112,-6.874571,1.3527
3208171006,Bunigeulis,Cigandamekar,Kuningan,3208,Jawa Barat,108.563484,-6.900397,2.6746
3208171011,Cibuntu,Cigandamekar,Kuningan,3208,Jawa Barat,108.517896,-6.864323,1.4746
3208171010,Indapatra,Cigandamekar,Kuningan,3208,Jawa Barat,108.516234,-6.873405,1.0365
3208171005,Jambugeulis,Cigandamekar,Kuningan,3208,Jawa Barat,108.557824,-6.894218,2.5045
3208171003,Karangmuncang,Cigandamekar,Kuningan,3208,Jawa Barat,108.525882,-6.888516,2.6163
3208171004,Koreak,Cigandamekar,Kuningan,3208,Jawa Barat,108.543386,-6.891546,3.6379
3208171009,Panawuan,Cigandamekar,Kuningan,3208,Jawa Barat,108.502832,-6.880998,1.4352
3208171002,Sangkanmulya,Cigandamekar,Kuningan,3208,Jawa Barat,108.509093,-6.896567,2.0555
3208171001,Sangkanurip,Cigandamekar,Kuningan,3208,Jawa Barat,108.501001,-6.891874,1.6466
3208171008,Timbang,Cigandamekar,Kuningan,3208,Jawa Barat,108.516386,-6.87945,2.4485
3208180012,Cirea,Mandirancan,Kuningan,3208,Jawa Barat,108.460378,-6.803058,0.813
3208180008,Kertawinangun,Mandirancan,Kuningan,3208,Jawa Barat,108.467517,-6.828912,1.2838
3208180014,Mandirancan,Mandirancan,Kuningan,3208,Jawa Barat,108.47115,-6.81238,1.3845
3208180013,Nanggela,Mandirancan,Kuningan,3208,Jawa Barat,108.472262,-6.797631,1.8838
3208180010,Nanggerangjaya,Mandirancan,Kuningan,3208,Jawa Barat,108.465431,-6.8233,1.0826
3208180004,Pakembangan,Mandirancan,Kuningan,3208,Jawa Barat,108.484599,-6.848618,1.3266
3208180002,Randobawagirang,Mandirancan,Kuningan,3208,Jawa Barat,108.447748,-6.868354,7.189
3208180007,Randobawailir,Mandirancan,Kuningan,3208,Jawa Barat,108.479672,-6.833733,3.271
3208180003,Salakadomas,Mandirancan,Kuningan,3208,Jawa Barat,108.478584,-6.844506,0.8023
3208180009,Seda,Mandirancan,Kuningan,3208,Jawa Barat,108.439986,-6.857835,12.6193
3208180011,Sukasari,Mandirancan,Kuningan,3208,Jawa Barat,108.463621,-6.815486,1.6683
3208180001,Trijaya,Mandirancan,Kuningan,3208,Jawa Barat,108.460286,-6.849717,2.6067
3208181005,Danalampah,Pancalang,Kuningan,3208,Jawa Barat,108.502039,-6.816603,0.8583
3208181002,Kahiyangan,Pancalang,Kuningan,3208,Jawa Barat,108.489672,-6.838005,0.9729
3208181010,Mekarjaya,Pancalang,Kuningan,3208,Jawa Barat,108.482571,-6.798616,1.249
3208181007,Pancalang,Pancalang,Kuningan,3208,Jawa Barat,108.489612,-6.821821,2.2239
3208181003,Patalagan,Pancalang,Kuningan,3208,Jawa Barat,108.500212,-6.831675,2.0321
3208181009,Rajawetan,Pancalang,Kuningan,3208,Jawa Barat,108.480953,-6.807994,1.0761
3208181013,Sarewu,Pancalang,Kuningan,3208,Jawa Barat,108.51003,-6.80568,1.1892
3208181001,Silebu,Pancalang,Kuningan,3208,Jawa Barat,108.495979,-6.844091,2.1213
3208181006,Sindangkempeng,Pancalang,Kuningan,3208,Jawa Barat,108.502019,-6.808187,1.3008
3208181004,Sumbakeling,Pancalang,Kuningan,3208,Jawa Barat,108.498682,-6.824335,1.0863
3208181008,Tajurbuntu,Pancalang,Kuningan,3208,Jawa Barat,108.479224,-6.81876,1.5699
3208181012,Tarikolot,Pancalang,Kuningan,3208,Jawa Barat,108.502758,-6.798275,1.4904
3208181011,Tenjolayar,Pancalang,Kuningan,3208,Jawa Barat,108.49147,-6.800655,2.3753
3208190001,Cibuntu,Pasawahan,Kuningan,3208,Jawa Barat,108.42093,-6.860148,12.4824
3208190004,Cidahu,Pasawahan,Kuningan,3208,Jawa Barat,108.447123,-6.799609,1.1719
3208190010,Cimara,Pasawahan,Kuningan,3208,Jawa Barat,108.450536,-6.791784,1.4816
3208190009,Ciwiru,Pasawahan,Kuningan,3208,Jawa Barat,108.442104,-6.793419,1.0552
3208190007,Kaduela,Pasawahan,Kuningan,3208,Jawa Barat,108.419134,-6.795791,3.5801
3208190006,Padabeunghar,Pasawahan,Kuningan,3208,Jawa Barat,108.407326,-6.843874,3.4641
3208190008,Padamatang,Pasawahan,Kuningan,3208,Jawa Barat,108.434638,-6.790084,1.1616
3208190002,Paniis,Pasawahan,Kuningan,3208,Jawa Barat,108.451908,-6.810362,3.5956
3208190005,Pasawahan,Pasawahan,Kuningan,3208,Jawa Barat,108.417624,-6.825116,10.5294
3208190003,Singkup,Pasawahan,Kuningan,3208,Jawa Barat,108.434808,-6.819875,4.29
3209010012,Ambit,Waled,Cirebon,3209,Jawa Barat,108.684333,-6.917518,1.6139
3209010018,Cibogo,Waled,Cirebon,3209,Jawa Barat,108.692553,-6.890245,1.3429
3209010017,Cikulak,Waled,Cirebon,3209,Jawa Barat,108.706647,-6.899465,1.9005
3209010016,Cikulak Kidul,Waled,Cirebon,3209,Jawa Barat,108.703261,-6.894039,1.611
3209010019,Cisaat,Waled,Cirebon,3209,Jawa Barat,108.680905,-6.885342,1.9794
3209010013,Ciuyah,Waled,Cirebon,3209,Jawa Barat,108.672886,-6.918241,8.6914
3209010014,Gunungsari,Waled,Cirebon,3209,Jawa Barat,108.678325,-6.899435,2.5282
3209010015,Karangsari,Waled,Cirebon,3209,Jawa Barat,108.689577,-6.89956,1.6331
3209010010,Mekarsari,Waled,Cirebon,3209,Jawa Barat,108.665112,-6.896717,2.5107
3209010011,Waled Asem,Waled,Cirebon,3209,Jawa Barat,108.693976,-6.9259,3.067
3209010008,Waled Desa,Waled,Cirebon,3209,Jawa Barat,108.705706,-6.925529,1.4557
3209010009,Waled Kota,Waled,Cirebon,3209,Jawa Barat,108.710745,-6.914763,2.1289
3209011007,Cigobang,Pasaleman,Cirebon,3209,Jawa Barat,108.710434,-6.930338,3.8783
3209011006,Cigobangwangi,Pasaleman,Cirebon,3209,Jawa Barat,108.730857,-6.939342,5.8997
3209011004,Cilengkrang,Pasaleman,Cirebon,3209,Jawa Barat,108.746298,-6.924317,2.0885
3209011003,Cilengkrang Girang,Pasaleman,Cirebon,3209,Jawa Barat,108.742575,-6.929922,1.9287
3209011005,Pasaleman,Pasaleman,Cirebon,3209,Jawa Barat,108.731406,-6.92675,2.5778
3209011002,Tanjung Anom,Pasaleman,Cirebon,3209,Jawa Barat,108.755354,-6.941557,4.1786
3209011001,Tonjong,Pasaleman,Cirebon,3209,Jawa Barat,108.742426,-6.974115,19.7119
3209020017,Bojongnegara,Ciledug,Cirebon,3209,Jawa Barat,108.756616,-6.889934,1.7459
3209020013,Ciledug Kulon,Ciledug,Cirebon,3209,Jawa Barat,108.745884,-6.907529,1.0431
3209020015,Ciledug Lor,Ciledug,Cirebon,3209,Jawa Barat,108.758407,-6.90022,1.5154
3209020016,Ciledug Tengah,Ciledug,Cirebon,3209,Jawa Barat,108.746338,-6.89831,0.7721
3209020014,Ciledug Wetan,Ciledug,Cirebon,3209,Jawa Barat,108.751115,-6.919253,2.0642
3209020010,Damarguna,Ciledug,Cirebon,3209,Jawa Barat,108.746272,-6.876097,1.9212
3209020011,Jatiseeng,Ciledug,Cirebon,3209,Jawa Barat,108.740062,-6.906923,1.0914
3209020012,Jatiseeng Kidul,Ciledug,Cirebon,3209,Jawa Barat,108.734377,-6.91438,2.0066
3209020008,Leuweunggajah,Ciledug,Cirebon,3209,Jawa Barat,108.735361,-6.891399,1.4603
3209020009,Tenjomaya,Ciledug,Cirebon,3209,Jawa Barat,108.737836,-6.89567,0.9851
3209021006,Hulubanteng,Pabuaran,Cirebon,3209,Jawa Barat,108.729102,-6.887591,1.0565
3209021007,Hulubanteng Lor,Pabuaran,Cirebon,3209,Jawa Barat,108.734775,-6.880832,1.0758
3209021005,Jatirenggang,Pabuaran,Cirebon,3209,Jawa Barat,108.706782,-6.887253,2.3498
3209021002,Pabuaran Kidul,Pabuaran,Cirebon,3209,Jawa Barat,108.720064,-6.905523,0.7845
3209021004,Pabuaran Lor,Pabuaran,Cirebon,3209,Jawa Barat,108.72835,-6.895522,2.0552
3209021003,Pabuaran Wetan,Pabuaran,Cirebon,3209,Jawa Barat,108.726515,-6.900627,1.1283
3209021001,Sukadana,Pabuaran,Cirebon,3209,Jawa Barat,108.724153,-6.912489,1.4194
3209030017,Ambulu,Losari,Cirebon,3209,Jawa Barat,108.794229,-6.810607,12.266
3209030009,Astanalanggar,Losari,Cirebon,3209,Jawa Barat,108.795415,-6.85277,2.2518
3209030010,Barisan,Losari,Cirebon,3209,Jawa Barat,108.784966,-6.845215,2.279
3209030015,Kalirahayu,Losari,Cirebon,3209,Jawa Barat,108.821705,-6.8209,2.3019
3209030016,Kalisari,Losari,Cirebon,3209,Jawa Barat,108.812285,-6.80339,4.7471
3209030011,Losari Kidul,Losari,Cirebon,3209,Jawa Barat,108.806741,-6.84465,0.4854
3209030013,Losari Lor,Losari,Cirebon,3209,Jawa Barat,108.798157,-6.836655,2.3104
3209030014,Mulyasari,Losari,Cirebon,3209,Jawa Barat,108.811538,-6.834148,1.9901
3209030012,Panggangsari,Losari,Cirebon,3209,Jawa Barat,108.785857,-6.838631,2.4385
3209030018,Tawangsari,Losari,Cirebon,3209,Jawa Barat,108.817798,-6.770718,15.6448
3209031001,Babakan Losari,Pabedilan,Cirebon,3209,Jawa Barat,108.765943,-6.881917,2.0088
3209031008,Babakan Losari Lor,Pabedilan,Cirebon,3209,Jawa Barat,108.767967,-6.864765,1.9392
3209031004,Dukuhwidara,Pabedilan,Cirebon,3209,Jawa Barat,108.793889,-6.866267,2.3593
3209031003,Kalibuntu,Pabedilan,Cirebon,3209,Jawa Barat,108.781403,-6.871033,2.3233
3209031006,Kalimukti,Pabedilan,Cirebon,3209,Jawa Barat,108.786146,-6.873572,2.3354
3209031007,Pabedilan Kaler,Pabedilan,Cirebon,3209,Jawa Barat,108.768325,-6.841306,1.5403
3209031009,Pabedilan Kidul,Pabedilan,Cirebon,3209,Jawa Barat,108.76089,-6.870459,1.9339
3209031010,Pabedilan Kulon,Pabedilan,Cirebon,3209,Jawa Barat,108.754318,-6.85739,2.4788
3209031011,Pabedilan Wetan,Pabedilan,Cirebon,3209,Jawa Barat,108.763736,-6.854824,1.3018
3209031005,Pasuruan,Pabedilan,Cirebon,3209,Jawa Barat,108.796201,-6.859669,1.749
3209031002,Sidaresmi,Pabedilan,Cirebon,3209,Jawa Barat,108.773977,-6.87541,1.5197
3209031013,Silihasih,Pabedilan,Cirebon,3209,Jawa Barat,108.760142,-6.849808,1.589
3209031012,Tersana,Pabedilan,Cirebon,3209,Jawa Barat,108.760768,-6.840845,1.8174
3209040008,Babakan,Babakan,Cirebon,3209,Jawa Barat,108.723252,-6.862167,1.5179
3209040011,Babakan Gebang,Babakan,Cirebon,3209,Jawa Barat,108.716762,-6.868979,1.7433
3209040003,Bojonggebang,Babakan,Cirebon,3209,Jawa Barat,108.714781,-6.878435,1.8697
3209040001,Cangkuang,Babakan,Cirebon,3209,Jawa Barat,108.687482,-6.877509,2.4196
3209040012,Gembongan,Babakan,Cirebon,3209,Jawa Barat,108.708658,-6.860834,0.912
3209040014,Gembongan Mekar,Babakan,Cirebon,3209,Jawa Barat,108.698407,-6.860082,2.0843
3209040010,Karangwangun,Babakan,Cirebon,3209,Jawa Barat,108.727471,-6.850428,1.9752
3209040004,Kudukeras,Babakan,Cirebon,3209,Jawa Barat,108.740556,-6.857835,1.104
3209040006,Kudumulya,Babakan,Cirebon,3209,Jawa Barat,108.730101,-6.869728,1.396
3209040009,Pakusamben,Babakan,Cirebon,3209,Jawa Barat,108.733331,-6.858077,1.5078
3209040013,Serang Kulon,Babakan,Cirebon,3209,Jawa Barat,108.695808,-6.865889,1.3977
3209040002,Serang Wetan,Babakan,Cirebon,3209,Jawa Barat,108.698953,-6.871637,1.6522
3209040005,Sumber Kidul,Babakan,Cirebon,3209,Jawa Barat,108.74107,-6.868865,1.5752
3209040007,Sumber Lor,Babakan,Cirebon,3209,Jawa Barat,108.7355,-6.867443,1.3649
3209041001,Dompyong Kulon,Gebang,Cirebon,3209,Jawa Barat,108.696932,-6.848576,2.8067
3209041002,Dompyong Wetan,Gebang,Cirebon,3209,Jawa Barat,108.710699,-6.84921,1.716
3209041005,Gagasari,Gebang,Cirebon,3209,Jawa Barat,108.705155,-6.82994,1.4675
3209041008,Gebang,Gebang,Cirebon,3209,Jawa Barat,108.727309,-6.838915,2.3626
3209041010,Gebang Ilir,Gebang,Cirebon,3209,Jawa Barat,108.73468,-6.823195,2.9375
3209041007,Gebang Kulon,Gebang,Cirebon,3209,Jawa Barat,108.716868,-6.822889,3.7022
3209041011,Gebang Mekar,Gebang,Cirebon,3209,Jawa Barat,108.735322,-6.8151,3.582
3209041009,Gebang Udik,Gebang,Cirebon,3209,Jawa Barat,108.737956,-6.837345,3.1649
3209041004,Kalimaro,Gebang,Cirebon,3209,Jawa Barat,108.703796,-6.836722,1.393
3209041003,Kalimekar,Gebang,Cirebon,3209,Jawa Barat,108.718061,-6.843191,1.2886
3209041006,Kalipasung,Gebang,Cirebon,3209,Jawa Barat,108.705428,-6.81605,2.6644
3209041013,Melakasari,Gebang,Cirebon,3209,Jawa Barat,108.776042,-6.82185,4.7782
3209041012,Pelayangan,Gebang,Cirebon,3209,Jawa Barat,108.760076,-6.821315,4.0438
3209050017,Kalimeang,Karangsembung,Cirebon,3209,Jawa Barat,108.685044,-6.84243,2.2524
3209050018,Karangmalang,Karangsembung,Cirebon,3209,Jawa Barat,108.676993,-6.832765,2.2492
3209050019,Karangmekar,Karangsembung,Cirebon,3209,Jawa Barat,108.649557,-6.8424,0.5974
3209050021,Karangsembung,Karangsembung,Cirebon,3209,Jawa Barat,108.663984,-6.834,2.6865
3209050015,Karangsuwung,Karangsembung,Cirebon,3209,Jawa Barat,108.637432,-6.847534,2.1497
3209050016,Karangtengah,Karangsembung,Cirebon,3209,Jawa Barat,108.673424,-6.853485,2.4792
3209050020,Kubangkarang,Karangsembung,Cirebon,3209,Jawa Barat,108.67331,-6.845845,3.9852
3209050008,Tambelang,Karangsembung,Cirebon,3209,Jawa Barat,108.681318,-6.860653,1.1424
3209051007,Blender,Karangwareng,Cirebon,3209,Jawa Barat,108.638637,-6.874498,2.5161
3209051003,Jatipiring,Karangwareng,Cirebon,3209,Jawa Barat,108.682177,-6.871076,1.4961
3209051005,Karanganyar,Karangwareng,Cirebon,3209,Jawa Barat,108.664456,-6.86755,1.1604
3209051009,Karangasem,Karangwareng,Cirebon,3209,Jawa Barat,108.662443,-6.86273,2.4283
3209051006,Karangwangi,Karangwareng,Cirebon,3209,Jawa Barat,108.667942,-6.885439,2.8642
3209051008,Karangwareng,Karangwareng,Cirebon,3209,Jawa Barat,108.647944,-6.869437,1.2544
3209051004,Kubangdeleg,Karangwareng,Cirebon,3209,Jawa Barat,108.658929,-6.875843,4.2757
3209051001,Seuseupan,Karangwareng,Cirebon,3209,Jawa Barat,108.624065,-6.896531,5.8446
3209051002,Sumurkondang,Karangwareng,Cirebon,3209,Jawa Barat,108.642974,-6.895425,4.9148
3209060007,Asem,Lemahabang,Cirebon,3209,Jawa Barat,108.615488,-6.848035,1.8449
3209060021,Belawa,Lemahabang,Cirebon,3209,Jawa Barat,108.59039,-6.8326,4.9116
3209060013,Cipeujeuh Kulon,Lemahabang,Cirebon,3209,Jawa Barat,108.609158,-6.831985,2.5572
3209060015,Cipeujeuh Wetan,Lemahabang,Cirebon,3209,Jawa Barat,108.620513,-6.82679,1.2597
3209060017,Lemahabang,Lemahabang,Cirebon,3209,Jawa Barat,108.630424,-6.828944,0.6632
3209060016,Lemahabang Kulon,Lemahabang,Cirebon,3209,Jawa Barat,108.627074,-6.82584,0.8562
3209060006,Leuwidingding,Lemahabang,Cirebon,3209,Jawa Barat,108.629536,-6.84233,1.3675
3209060005,Picungpugur,Lemahabang,Cirebon,3209,Jawa Barat,108.627246,-6.850095,0.7955
3209060019,Sarajaya,Lemahabang,Cirebon,3209,Jawa Barat,108.652664,-6.829694,2.6193
3209060018,Sigong,Lemahabang,Cirebon,3209,Jawa Barat,108.645387,-6.830374,1.7834
3209060014,Sindanglaut,Lemahabang,Cirebon,3209,Jawa Barat,108.615528,-6.837955,1.645
3209060020,Tuk Karangsuwung,Lemahabang,Cirebon,3209,Jawa Barat,108.629123,-6.8368,0.585
3209060022,Wangkelang,Lemahabang,Cirebon,3209,Jawa Barat,108.573904,-6.835363,1.7306
3209061012,Ciawi Asih,Susukanlebak,Cirebon,3209,Jawa Barat,108.597029,-6.850045,1.8643
3209061013,Ciawijapura,Susukanlebak,Cirebon,3209,Jawa Barat,108.589574,-6.854387,2.1704
3209061005,Curug,Susukanlebak,Cirebon,3209,Jawa Barat,108.656686,-6.852569,1.2863
3209061004,Curug Wetan,Susukanlebak,Cirebon,3209,Jawa Barat,108.662374,-6.856285,1.4216
3209061002,Kaligawe,Susukanlebak,Cirebon,3209,Jawa Barat,108.621753,-6.876956,1.7509
3209061003,Kaligawe Wetan,Susukanlebak,Cirebon,3209,Jawa Barat,108.628724,-6.87493,1.4975
3209061001,Karangmangu,Susukanlebak,Cirebon,3209,Jawa Barat,108.615114,-6.877981,2.0801
3209061011,Pasawahan,Susukanlebak,Cirebon,3209,Jawa Barat,108.603896,-6.847125,1.135
3209061010,Sampih,Susukanlebak,Cirebon,3209,Jawa Barat,108.609977,-6.856616,1.5837
3209061007,Susukan Agung,Susukanlebak,Cirebon,3209,Jawa Barat,108.629115,-6.862717,1.1649
3209061008,Susukan Lebak,Susukanlebak,Cirebon,3209,Jawa Barat,108.633917,-6.865333,2.2584
3209061009,Susukan Tonggoh,Susukanlebak,Cirebon,3209,Jawa Barat,108.617913,-6.85964,1.4948
3209061006,Wilulang,Susukanlebak,Cirebon,3209,Jawa Barat,108.629248,-6.856332,0.6385
3209070001,Karangwuni,Sedong,Cirebon,3209,Jawa Barat,108.582464,-6.885798,6.6864
3209070006,Kertawangun,Sedong,Cirebon,3209,Jawa Barat,108.545416,-6.866162,2.3222
3209070007,Panambangan,Sedong,Cirebon,3209,Jawa Barat,108.552476,-6.85645,3.2393
3209070009,Panongan,Sedong,Cirebon,3209,Jawa Barat,108.574514,-6.865211,2.7581
3209070010,Panongan Lor,Sedong,Cirebon,3209,Jawa Barat,108.576868,-6.851905,2.3114
3209070008,Putat,Sedong,Cirebon,3209,Jawa Barat,108.56199,-6.85691,3.877
3209070002,Sedong Kidul,Sedong,Cirebon,3209,Jawa Barat,108.599024,-6.878863,4.3954
3209070003,Sedong Lor,Sedong,Cirebon,3209,Jawa Barat,108.574462,-6.877013,3.8222
3209070005,Winduhaji,Sedong,Cirebon,3209,Jawa Barat,108.546795,-6.876366,2.7675
3209070004,Windujaya,Sedong,Cirebon,3209,Jawa Barat,108.563147,-6.882867,2.7529
3209080011,Astanajapura,Astanajapura,Cirebon,3209,Jawa Barat,108.63095,-6.796235,2.2437
3209080008,Buntet,Astanajapura,Cirebon,3209,Jawa Barat,108.608243,-6.801137,2.7884
3209080016,Japura Kidul,Astanajapura,Cirebon,3209,Jawa Barat,108.640312,-6.814463,2.6029
3209080017,Japurabakti,Astanajapura,Cirebon,3209,Jawa Barat,108.635673,-6.81616,2.4844
3209080010,Kanci,Astanajapura,Cirebon,3209,Jawa Barat,108.621324,-6.784278,3.084
3209080009,Kanci Kulon,Astanajapura,Cirebon,3209,Jawa Barat,108.61537,-6.77976,3.3201
3209080015,Kendal,Astanajapura,Cirebon,3209,Jawa Barat,108.62501,-6.809952,1.1991
3209080006,Mertapada Kulon,Astanajapura,Cirebon,3209,Jawa Barat,108.613267,-6.808502,1.3651
3209080007,Mertapada Wetan,Astanajapura,Cirebon,3209,Jawa Barat,108.616703,-6.807433,2.2962
3209080004,Munjul,Astanajapura,Cirebon,3209,Jawa Barat,108.598412,-6.817076,3.7183
3209080005,Sidamulya,Astanajapura,Cirebon,3209,Jawa Barat,108.611709,-6.815329,1.3636
3209081001,Astanamukti,Pangenan,Cirebon,3209,Jawa Barat,108.643777,-6.788373,2.2339
3209081006,Bendungan,Pangenan,Cirebon,3209,Jawa Barat,108.676183,-6.80707,3.8162
3209081004,Beringin,Pangenan,Cirebon,3209,Jawa Barat,108.654381,-6.814776,1.1703
3209081009,Ender,Pangenan,Cirebon,3209,Jawa Barat,108.69167,-6.81918,3.3402
3209081008,Getrakmoyan,Pangenan,Cirebon,3209,Jawa Barat,108.691782,-6.840315,1.9519
3209081003,Japura Lor,Pangenan,Cirebon,3209,Jawa Barat,108.643003,-6.803648,2.3549
3209081007,Pangenan,Pangenan,Cirebon,3209,Jawa Barat,108.68328,-6.815005,3.7066
3209081002,Pengarengan,Pangenan,Cirebon,3209,Jawa Barat,108.65086,-6.773345,9.6962
3209081005,Rawaurip,Pangenan,Cirebon,3209,Jawa Barat,108.664439,-6.790901,8.1576
3209090007,Bandengan,Mundu,Cirebon,3209,Jawa Barat,108.597347,-6.762834,0.7453
3209090010,Banjarwangunan,Mundu,Cirebon,3209,Jawa Barat,108.573716,-6.762448,3.2254
3209090006,Citemu,Mundu,Cirebon,3209,Jawa Barat,108.604367,-6.771485,1.2866
3209090004,Luwung,Mundu,Cirebon,3209,Jawa Barat,108.590628,-6.778915,3.4448
3209090003,Mundu Mesigit,Mundu,Cirebon,3209,Jawa Barat,108.586029,-6.768915,1.9773
3209090008,Mundu Pesisir,Mundu,Cirebon,3209,Jawa Barat,108.591061,-6.755467,1.6931
3209090011,Pamengkang,Mundu,Cirebon,3209,Jawa Barat,108.562657,-6.762649,2.3799
3209090002,Penpen,Mundu,Cirebon,3209,Jawa Barat,108.578689,-6.788521,2.3642
3209090001,Setupatok,Mundu,Cirebon,3209,Jawa Barat,108.565494,-6.781824,4.9071
3209090012,Sinarancang,Mundu,Cirebon,3209,Jawa Barat,108.563382,-6.797254,2.53
3209090009,Suci,Mundu,Cirebon,3209,Jawa Barat,108.581543,-6.757985,1.0481
3209090005,Waruduwur,Mundu,Cirebon,3209,Jawa Barat,108.631084,-6.782885,2.3527
3209100011,Beber,Beber,Cirebon,3209,Jawa Barat,108.522376,-6.817205,3.7296
3209100004,Ciawigajah,Beber,Cirebon,3209,Jawa Barat,108.533147,-6.860518,3.2878
3209100008,Cikancas,Beber,Cirebon,3209,Jawa Barat,108.531707,-6.837695,3.0487
3209100010,Cipinang,Beber,Cirebon,3209,Jawa Barat,108.512591,-6.821447,1.7282
3209100009,Halimpu,Beber,Cirebon,3209,Jawa Barat,108.516423,-6.836645,1.8829
3209100013,Kondangsari,Beber,Cirebon,3209,Jawa Barat,108.528466,-6.796239,4.8995
3209100012,Patapan,Beber,Cirebon,3209,Jawa Barat,108.517059,-6.790194,2.8417
3209100003,Sindanghayu,Beber,Cirebon,3209,Jawa Barat,108.529645,-6.8513,1.0698
3209100002,Sindangkasih,Beber,Cirebon,3209,Jawa Barat,108.520901,-6.849505,2.0406
3209100001,Wanayasa,Beber,Cirebon,3209,Jawa Barat,108.512975,-6.849642,1.1914
3209101014,Durajaya,Greged,Cirebon,3209,Jawa Barat,108.532206,-6.81673,3.1098
3209101006,Greged,Greged,Cirebon,3209,Jawa Barat,108.55946,-6.832265,3.667
3209101001,Gumulung Lebak,Greged,Cirebon,3209,Jawa Barat,108.572826,-6.81392,2.824
3209101003,Gumulung Tonggoh,Greged,Cirebon,3209,Jawa Barat,108.584181,-6.815526,2.9025
3209101015,Jatipancur,Greged,Cirebon,3209,Jawa Barat,108.542197,-6.812175,4.0485
3209101005,Kamarang,Greged,Cirebon,3209,Jawa Barat,108.544004,-6.849671,1.7286
3209101007,Kamarang Lebak,Greged,Cirebon,3209,Jawa Barat,108.545172,-6.840455,1.816
3209101002,Lebak Mekar,Greged,Cirebon,3209,Jawa Barat,108.574501,-6.806033,1.4483
3209101017,Nanggela,Greged,Cirebon,3209,Jawa Barat,108.553851,-6.8043,3.2487
3209101555,Sawah,Greged,Cirebon,3209,Jawa Barat,108.599254,-6.79145,5.7013
3209101016,Sindang Kempeng,Greged,Cirebon,3209,Jawa Barat,108.555376,-6.821225,2.5833
3209111012,Cempaka,Talun,Cirebon,3209,Jawa Barat,108.511681,-6.744886,1.6397
3209111002,Ciperna,Talun,Cirebon,3209,Jawa Barat,108.526914,-6.768967,2.9493
3209111004,Cirebon Girang,Talun,Cirebon,3209,Jawa Barat,108.508579,-6.767625,1.4365
3209111003,Kecomberan,Talun,Cirebon,3209,Jawa Barat,108.517235,-6.756115,1.306
3209111013,Kepongpongan,Talun,Cirebon,3209,Jawa Barat,108.518427,-6.745698,1.3353
3209111005,Kerandon,Talun,Cirebon,3209,Jawa Barat,108.50019,-6.771331,1.1395
3209111014,Kubang,Talun,Cirebon,3209,Jawa Barat,108.490052,-6.782951,3.2373
3209111001,Sampiran,Talun,Cirebon,3209,Jawa Barat,108.512115,-6.772633,3.6461
3209111015,Sarwadadi,Talun,Cirebon,3209,Jawa Barat,108.504501,-6.786325,1.8642
3209111006,Wanasaba Kidul,Talun,Cirebon,3209,Jawa Barat,108.50559,-6.762143,1.538
3209111007,Wanasaba Lor,Talun,Cirebon,3209,Jawa Barat,108.498759,-6.762016,0.7285
3209120014,Babakan,Sumber,Cirebon,3209,Jawa Barat,108.484846,-6.768998,1.3105
3209120019,Gegunung,Sumber,Cirebon,3209,Jawa Barat,108.496818,-6.749115,1.0793
3209120023,Kaliwadas,Sumber,Cirebon,3209,Jawa Barat,108.481255,-6.74812,1.6957
3209120017,Kemantren,Sumber,Cirebon,3209,Jawa Barat,108.492763,-6.757395,0.8816
3209120025,Kenanga,Sumber,Cirebon,3209,Jawa Barat,108.462135,-6.753233,2.071
3209120010,Matangaji,Sumber,Cirebon,3209,Jawa Barat,108.462681,-6.790247,2.7826
3209120022,Pasalakan,Sumber,Cirebon,3209,Jawa Barat,108.484469,-6.73791,1.9026
3209120020,Pejambon,Sumber,Cirebon,3209,Jawa Barat,108.502952,-6.74259,1.4293
3209120016,Perbutulan,Sumber,Cirebon,3209,Jawa Barat,108.488064,-6.75147,0.658
3209120018,Sendang,Sumber,Cirebon,3209,Jawa Barat,108.501411,-6.75591,0.8413
3209120011,Sidawangi,Sumber,Cirebon,3209,Jawa Barat,108.471949,-6.783596,5.1023
3209120015,Sumber,Sumber,Cirebon,3209,Jawa Barat,108.478811,-6.764583,2.8841
3209120024,Tukmudal,Sumber,Cirebon,3209,Jawa Barat,108.466722,-6.759384,2.4807
3209120021,Watubelah,Sumber,Cirebon,3209,Jawa Barat,108.494655,-6.7395,1.8899
3209121009,Balad,Dukupuntang,Cirebon,3209,Jawa Barat,108.421459,-6.762256,0.8279
3209121001,Bobos,Dukupuntang,Cirebon,3209,Jawa Barat,108.405995,-6.776342,1.0712
3209121007,Cangkoak,Dukupuntang,Cirebon,3209,Jawa Barat,108.430102,-6.762523,1.9529
3209121002,Cikalahang,Dukupuntang,Cirebon,3209,Jawa Barat,108.413081,-6.779513,2.4065
3209121011,Cipanas,Dukupuntang,Cirebon,3209,Jawa Barat,108.371554,-6.753411,11.5679
3209121004,Cisaat,Dukupuntang,Cirebon,3209,Jawa Barat,108.444549,-6.777155,3.9224
3209121010,Dukupuntang,Dukupuntang,Cirebon,3209,Jawa Barat,108.424158,-6.766225,0.888
3209121012,Girinata,Dukupuntang,Cirebon,3209,Jawa Barat,108.410574,-6.754887,2.8728
3209121013,Kedongdong Kidul,Dukupuntang,Cirebon,3209,Jawa Barat,108.394699,-6.743719,6.1189
3209121008,Kepunduan,Dukupuntang,Cirebon,3209,Jawa Barat,108.425132,-6.752542,0.7213
3209121003,Mandala,Dukupuntang,Cirebon,3209,Jawa Barat,108.427044,-6.777485,2.3802
3209121005,Sindangjawa,Dukupuntang,Cirebon,3209,Jawa Barat,108.452674,-6.764076,1.8445
3209121006,Sindangmekar,Dukupuntang,Cirebon,3209,Jawa Barat,108.444811,-6.759675,1.9882
3209130007,Balerante,Palimanan,Cirebon,3209,Jawa Barat,108.422527,-6.724169,1.1603
3209130009,Beberan,Palimanan,Cirebon,3209,Jawa Barat,108.439584,-6.721723,0.8956
3209130017,Cengkuang,Palimanan,Cirebon,3209,Jawa Barat,108.435308,-6.677627,2.0475
3209130016,Ciawi,Palimanan,Cirebon,3209,Jawa Barat,108.438977,-6.693778,1.4478
3209130006,Cilukrak,Palimanan,Cirebon,3209,Jawa Barat,108.415827,-6.7332,1.7323
3209130003,Kepuh,Palimanan,Cirebon,3209,Jawa Barat,108.416606,-6.743713,3.4187
3209130015,Lungbenda,Palimanan,Cirebon,3209,Jawa Barat,108.431203,-6.688509,0.9982
3209130011,Palimanan Timur,Palimanan,Cirebon,3209,Jawa Barat,108.433641,-6.713275,1.4873
3209130008,Panongan,Palimanan,Cirebon,3209,Jawa Barat,108.429381,-6.729039,1.1787
3209130014,Pegagan,Palimanan,Cirebon,3209,Jawa Barat,108.427406,-6.699195,2.2205
3209130010,Semplo,Palimanan,Cirebon,3209,Jawa Barat,108.435275,-6.718053,0.9376
3209130018,Tegalkarang,Palimanan,Cirebon,3209,Jawa Barat,108.424401,-6.686481,1.483
3209140019,Bode Lor,Plumbon,Cirebon,3209,Jawa Barat,108.490867,-6.718393,0.6839
3209140020,Bodesari,Plumbon,Cirebon,3209,Jawa Barat,108.483249,-6.712475,1.5013
3209140006,Cempaka,Plumbon,Cirebon,3209,Jawa Barat,108.472819,-6.742458,1.5252
3209140029,Danamulya,Plumbon,Cirebon,3209,Jawa Barat,108.487921,-6.67499,1.7709
3209140021,Gombang,Plumbon,Cirebon,3209,Jawa Barat,108.484321,-6.700836,1.211
3209140023,Karangasem,Plumbon,Cirebon,3209,Jawa Barat,108.480909,-6.694694,1.1305
3209140022,Karangmulya,Plumbon,Cirebon,3209,Jawa Barat,108.484496,-6.699232,0.5862
3209140026,Kebarepan,Plumbon,Cirebon,3209,Jawa Barat,108.464826,-6.69968,1.3092
3209140028,Kedungsana,Plumbon,Cirebon,3209,Jawa Barat,108.48772,-6.68505,1.7644
3209140017,Lurah,Plumbon,Cirebon,3209,Jawa Barat,108.464449,-6.726768,1.8125
3209140018,Marikangen,Plumbon,Cirebon,3209,Jawa Barat,108.473663,-6.71714,1.1658
3209140007,Pamijahan,Plumbon,Cirebon,3209,Jawa Barat,108.472045,-6.729841,1.2732
3209140027,Pasanggrahan,Plumbon,Cirebon,3209,Jawa Barat,108.477026,-6.682409,1.1444
3209140024,Plumbon,Plumbon,Cirebon,3209,Jawa Barat,108.471979,-6.700645,1.5068
3209140025,Purbawinangun,Plumbon,Cirebon,3209,Jawa Barat,108.465287,-6.713014,0.9739
3209141001,Cikeduk,Depok,Cirebon,3209,Jawa Barat,108.435447,-6.75503,1.419
3209141010,Depok,Depok,Cirebon,3209,Jawa Barat,108.436144,-6.730025,0.932
3209141004,Getasan,Depok,Cirebon,3209,Jawa Barat,108.450617,-6.740395,1.2095
3209141003,Karangwangi,Depok,Cirebon,3209,Jawa Barat,108.451466,-6.749875,1.5655
3209141011,Kasugengan Kidul,Depok,Cirebon,3209,Jawa Barat,108.45251,-6.718487,1.4721
3209141012,Kasugengan Lor,Depok,Cirebon,3209,Jawa Barat,108.45694,-6.707351,1.6073
3209141006,Keduanan,Depok,Cirebon,3209,Jawa Barat,108.454615,-6.726248,1.6628
3209141005,Kejuden,Depok,Cirebon,3209,Jawa Barat,108.460866,-6.739976,1.6388
3209141002,Warugede,Depok,Cirebon,3209,Jawa Barat,108.420183,-6.75275,1.2464
3209141009,Warujaya,Depok,Cirebon,3209,Jawa Barat,108.433998,-6.74043,1.0676
3209141008,Warukawung,Depok,Cirebon,3209,Jawa Barat,108.44273,-6.74208,1.3228
3209141007,Waruroyom,Depok,Cirebon,3209,Jawa Barat,108.445385,-6.731452,1.19
3209150005,Karangsari,Weru,Cirebon,3209,Jawa Barat,108.480116,-6.727441,1.2864
3209150006,Kertasari,Weru,Cirebon,3209,Jawa Barat,108.48906,-6.724933,1.4618
3209150007,Megu Cilik,Weru,Cirebon,3209,Jawa Barat,108.498066,-6.719985,1.3704
3209150008,Megu Gede,Weru,Cirebon,3209,Jawa Barat,108.503541,-6.723795,1.4317
3209150011,Setu Kulon,Weru,Cirebon,3209,Jawa Barat,108.505877,-6.71195,0.7681
3209150009,Setu Wetan,Weru,Cirebon,3209,Jawa Barat,108.512752,-6.711599,0.4966
3209150012,Tegalwangi,Weru,Cirebon,3209,Jawa Barat,108.491305,-6.70821,1.4611
3209150010,Weru Kidul,Weru,Cirebon,3209,Jawa Barat,108.507051,-6.705781,0.5833
3209150015,Weru Lor,Weru,Cirebon,3209,Jawa Barat,108.506674,-6.702799,0.5495
3209151009,Cangkring,Plered,Cirebon,3209,Jawa Barat,108.504818,-6.671677,2.9087
3209151005,Gamel,Plered,Cirebon,3209,Jawa Barat,108.508708,-6.685535,1.18
3209151007,Kaliwulu,Plered,Cirebon,3209,Jawa Barat,108.500382,-6.689835,1.6978
3209151001,Panembahan,Plered,Cirebon,3209,Jawa Barat,108.515757,-6.704663,0.5585
3209151010,Pangkalan,Plered,Cirebon,3209,Jawa Barat,108.495167,-6.664304,1.7116
3209151004,Sarabau,Plered,Cirebon,3209,Jawa Barat,108.516873,-6.67719,1.4999
3209151008,Tegalsari,Plered,Cirebon,3209,Jawa Barat,108.493922,-6.69334,1.7116
3209151003,Trusmi Kulon,Plered,Cirebon,3209,Jawa Barat,108.513816,-6.693913,0.4716
3209151002,Trusmi Wetan,Plered,Cirebon,3209,Jawa Barat,108.520981,-6.680175,0.771
3209151006,Wotgali,Plered,Cirebon,3209,Jawa Barat,108.507722,-6.694252,0.5622
3209161002,Astapada,Tengah Tani,Cirebon,3209,Jawa Barat,108.512688,-6.723603,1.5185
3209161006,Batembat,Tengah Tani,Cirebon,3209,Jawa Barat,108.540413,-6.690938,1.536
3209161005,Dawuan,Tengah Tani,Cirebon,3209,Jawa Barat,108.525316,-6.698686,1.5846
3209161003,Gesik,Tengah Tani,Cirebon,3209,Jawa Barat,108.531145,-6.674258,1.5841
3209161007,Kalibaru,Tengah Tani,Cirebon,3209,Jawa Barat,108.522193,-6.693188,1.1389
3209161008,Kalitengah,Tengah Tani,Cirebon,3209,Jawa Barat,108.518785,-6.68918,1.1949
3209161004,Kemlakagede,Tengah Tani,Cirebon,3209,Jawa Barat,108.530939,-6.698859,1.4918
3209161001,Palir,Tengah Tani,Cirebon,3209,Jawa Barat,108.507906,-6.726592,0.9085
3209162001,Kalikoa,Kedawung,Cirebon,3209,Jawa Barat,108.525665,-6.730699,0.9474
3209162005,Kedawung,Kedawung,Cirebon,3209,Jawa Barat,108.530808,-6.714777,0.832
3209162002,Kedungdawa,Kedawung,Cirebon,3209,Jawa Barat,108.520928,-6.723206,1.1719
3209162004,Kedungjaya,Kedawung,Cirebon,3209,Jawa Barat,108.525332,-6.716966,1.5066
3209162006,Kertawinangun,Kedawung,Cirebon,3209,Jawa Barat,108.535741,-6.717676,1.2633
3209162008,Pilangsari,Kedawung,Cirebon,3209,Jawa Barat,108.535704,-6.700619,1.3386
3209162007,Sutawinangun,Kedawung,Cirebon,3209,Jawa Barat,108.544509,-6.714674,1.4129
3209162003,Tuk,Kedawung,Cirebon,3209,Jawa Barat,108.527978,-6.725016,1.1567
3209171001,Adidharma,Gunungjati,Cirebon,3209,Jawa Barat,108.548539,-6.693846,0.7494
3209171006,Astana,Gunungjati,Cirebon,3209,Jawa Barat,108.540207,-6.671978,0.3833
3209171010,Babadan,Gunungjati,Cirebon,3209,Jawa Barat,108.521839,-6.665641,1.9963
3209171011,Buyut,Gunungjati,Cirebon,3209,Jawa Barat,108.506414,-6.654769,1.6819
3209171009,Grogol,Gunungjati,Cirebon,3209,Jawa Barat,108.529894,-6.660804,1.3568
3209171003,Jadimulya,Gunungjati,Cirebon,3209,Jawa Barat,108.552323,-6.686502,1.1577
3209171005,Jatimerta,Gunungjati,Cirebon,3209,Jawa Barat,108.550818,-6.674554,3.1777
3209171007,Kalisapu,Gunungjati,Cirebon,3209,Jawa Barat,108.545741,-6.663128,1.3951
3209171004,Klayan,Gunungjati,Cirebon,3209,Jawa Barat,108.550589,-6.680382,1.8444
3209171012,Mayung,Gunungjati,Cirebon,3209,Jawa Barat,108.512324,-6.653154,0.4972
3209171015,Mertasinga,Gunungjati,Cirebon,3209,Jawa Barat,108.551398,-6.64982,1.8135
3209171002,Pasindangan,Gunungjati,Cirebon,3209,Jawa Barat,108.556376,-6.691427,0.8027
3209171013,Sambeng,Gunungjati,Cirebon,3209,Jawa Barat,108.521666,-6.650774,2.1001
3209171014,Sirnabaya,Gunungjati,Cirebon,3209,Jawa Barat,108.52532,-6.647837,1.5547
3209171008,Wanakaya,Gunungjati,Cirebon,3209,Jawa Barat,108.536009,-6.666914,2.1388
3209180010,Bungko,Kapetakan,Cirebon,3209,Jawa Barat,108.533158,-6.583605,20.3529
3209180021,Bungko Lor,Kapetakan,Cirebon,3209,Jawa Barat,108.523073,-6.535176,13.7316
3209180016,Dukuh,Kapetakan,Cirebon,3209,Jawa Barat,108.4683,-6.585449,2.4624
3209180018,Grogol,Kapetakan,Cirebon,3209,Jawa Barat,108.498962,-6.575685,3.1425
3209180020,Kapetakan,Kapetakan,Cirebon,3209,Jawa Barat,108.498781,-6.558809,7.5327
3209180017,Karangkendal,Kapetakan,Cirebon,3209,Jawa Barat,108.490224,-6.582684,3.2616
3209180011,Kertasura,Kapetakan,Cirebon,3209,Jawa Barat,108.517913,-6.607442,4.8127
3209180012,Pegagan Kidul,Kapetakan,Cirebon,3209,Jawa Barat,108.492939,-6.606437,6.7829
3209180015,Pegagan Lor,Kapetakan,Cirebon,3209,Jawa Barat,108.519712,-6.586431,6.4249
3209181006,Karangreja,Suranenggala,Cirebon,3209,Jawa Barat,108.535103,-6.628009,2.6958
3209181003,Keraton,Suranenggala,Cirebon,3209,Jawa Barat,108.527486,-6.642529,1.5502
3209181005,Muara,Suranenggala,Cirebon,3209,Jawa Barat,108.549048,-6.638551,4.0237
3209181004,Purwawinangun,Suranenggala,Cirebon,3209,Jawa Barat,108.536653,-6.643735,1.7292
3209181002,Surakarta,Suranenggala,Cirebon,3209,Jawa Barat,108.529714,-6.636313,1.5263
3209181009,Suranenggala,Suranenggala,Cirebon,3209,Jawa Barat,108.521307,-6.616035,2.2825
3209181007,Suranenggala Kidul,Suranenggala,Cirebon,3209,Jawa Barat,108.504459,-6.627193,2.8681
3209181001,Suranenggala Kulon,Suranenggala,Cirebon,3209,Jawa Barat,108.504545,-6.64241,3.7261
3209181008,Suranenggala Lor,Suranenggala,Cirebon,3209,Jawa Barat,108.541318,-6.62099,3.9234
3209190013,Bangodua,Klangenan,Cirebon,3209,Jawa Barat,108.459604,-6.663935,2.7622
3209190003,Danawinangun,Klangenan,Cirebon,3209,Jawa Barat,108.447229,-6.69397,1.7833
3209190008,Jemaras Kidul,Klangenan,Cirebon,3209,Jawa Barat,108.444791,-6.676018,1.8468
3209190009,Jemaras Lor,Klangenan,Cirebon,3209,Jawa Barat,108.440293,-6.668026,2.484
3209190002,Klangenan,Klangenan,Cirebon,3209,Jawa Barat,108.436745,-6.702703,1.2262
3209190012,Kreyo,Klangenan,Cirebon,3209,Jawa Barat,108.460814,-6.64641,3.6894
3209190007,Pekantingan,Klangenan,Cirebon,3209,Jawa Barat,108.458207,-6.680695,1.6326
3209190001,Serang,Klangenan,Cirebon,3209,Jawa Barat,108.441911,-6.714055,0.8704
3209190011,Slangit,Klangenan,Cirebon,3209,Jawa Barat,108.446721,-6.649464,3.9501
3209191017,Bakung Kidul,Jamblang,Cirebon,3209,Jawa Barat,108.494887,-6.654408,3.2919
3209191018,Bakung Lor,Jamblang,Cirebon,3209,Jawa Barat,108.4867,-6.646865,3.1014
3209191015,Bojong Lor,Jamblang,Cirebon,3209,Jawa Barat,108.46913,-6.659495,2.1376
3209191014,Bojong Wetan,Jamblang,Cirebon,3209,Jawa Barat,108.472222,-6.665454,2.0839
3209191004,Jamblang,Jamblang,Cirebon,3209,Jawa Barat,108.450561,-6.699645,1.6238
3209191016,Orimalang,Jamblang,Cirebon,3209,Jawa Barat,108.477014,-6.671262,1.9891
3209191005,Sitiwinangun,Jamblang,Cirebon,3209,Jawa Barat,108.454512,-6.700896,0.6412
3209191006,Wangunharja,Jamblang,Cirebon,3209,Jawa Barat,108.46865,-6.683822,2.0362
3209200011,Arjawinangun,Arjawinangun,Cirebon,3209,Jawa Barat,108.405867,-6.63948,3.0294
3209200016,Bulak,Arjawinangun,Cirebon,3209,Jawa Barat,108.438015,-6.660045,0.9606
3209200017,Geyongan,Arjawinangun,Cirebon,3209,Jawa Barat,108.40812,-6.667215,2.7695
3209200010,Jungjang,Arjawinangun,Cirebon,3209,Jawa Barat,108.416607,-6.646938,2.6685
3209200002,Jungjang Wetan,Arjawinangun,Cirebon,3209,Jawa Barat,108.431027,-6.647463,2.4759
3209200015,Karangsambung,Arjawinangun,Cirebon,3209,Jawa Barat,108.39326,-6.604304,1.8681
3209200018,Kebonturi,Arjawinangun,Cirebon,3209,Jawa Barat,108.41754,-6.661263,1.587
3209200013,Rawagatel,Arjawinangun,Cirebon,3209,Jawa Barat,108.38012,-6.618563,0.6724
3209200001,Sende,Arjawinangun,Cirebon,3209,Jawa Barat,108.426743,-6.661505,2.407
3209200012,Tegalgubug,Arjawinangun,Cirebon,3209,Jawa Barat,108.387974,-6.628035,3.0639
3209200014,Tegalgubug Lor,Arjawinangun,Cirebon,3209,Jawa Barat,108.397306,-6.620939,3.2725
3209201006,Gujeg,Panguragan,Cirebon,3209,Jawa Barat,108.469249,-6.635214,1.964
3209201001,Kalianyar,Panguragan,Cirebon,3209,Jawa Barat,108.434496,-6.636229,1.4756
3209201008,Karanganyar,Panguragan,Cirebon,3209,Jawa Barat,108.471368,-6.603691,2.2726
3209201009,Kroya,Panguragan,Cirebon,3209,Jawa Barat,108.4743,-6.593105,2.448
3209201007,Lemahtamba,Panguragan,Cirebon,3209,Jawa Barat,108.481626,-6.624327,1.5215
3209201005,Panguragan,Panguragan,Cirebon,3209,Jawa Barat,108.453405,-6.606458,4.361
3209201002,Panguragan Kulon,Panguragan,Cirebon,3209,Jawa Barat,108.444493,-6.623871,2.652
3209201004,Panguragan Lor,Panguragan,Cirebon,3209,Jawa Barat,108.464866,-6.614575,3.728
3209201003,Panguragan Wetan,Panguragan,Cirebon,3209,Jawa Barat,108.464464,-6.63016,3.1541
3209210005,Babakan,Ciwaringin,Cirebon,3209,Jawa Barat,108.369516,-6.687961,1.63
3209210010,Bringin,Ciwaringin,Cirebon,3209,Jawa Barat,108.398572,-6.660973,2.6793
3209210006,Budur,Ciwaringin,Cirebon,3209,Jawa Barat,108.363109,-6.681928,2.4338
3209210004,Ciwaringin,Ciwaringin,Cirebon,3209,Jawa Barat,108.378701,-6.69492,2.1821
3209210011,Galagamba,Ciwaringin,Cirebon,3209,Jawa Barat,108.390323,-6.681373,3.31
3209210008,Gintung Kidul,Ciwaringin,Cirebon,3209,Jawa Barat,108.383421,-6.665324,2.3041
3209210009,Gintung Tengah,Ciwaringin,Cirebon,3209,Jawa Barat,108.395692,-6.652865,1.7744
3209210007,Gintungranjeng,Ciwaringin,Cirebon,3209,Jawa Barat,108.37971,-6.677364,1.8824
3209211002,Cikeusal,Gempol,Cirebon,3209,Jawa Barat,108.407019,-6.724169,3.7672
3209211001,Cupang,Gempol,Cirebon,3209,Jawa Barat,108.378446,-6.721856,5.5285
3209211005,Gempol,Gempol,Cirebon,3209,Jawa Barat,108.413902,-6.705059,1.1272
3209211006,Kedungbunder,Gempol,Cirebon,3209,Jawa Barat,108.407602,-6.697385,1.6384
3209211007,Kempek,Gempol,Cirebon,3209,Jawa Barat,108.411384,-6.689845,3.3257
3209211004,Palimanan Barat,Gempol,Cirebon,3209,Jawa Barat,108.39979,-6.70825,7.5194
3209211003,Walahar,Gempol,Cirebon,3209,Jawa Barat,108.378441,-6.70945,4.6836
3209211008,Winong,Gempol,Cirebon,3209,Jawa Barat,108.417337,-6.67567,3.1871
3209220005,Bojong Kulon,Susukan,Cirebon,3209,Jawa Barat,108.381049,-6.635692,1.8704
3209220009,Bunder,Susukan,Cirebon,3209,Jawa Barat,108.369545,-6.614115,2.1969
3209220004,Gintung Lor,Susukan,Cirebon,3209,Jawa Barat,108.386986,-6.650657,2.4039
3209220012,Jatianom,Susukan,Cirebon,3209,Jawa Barat,108.361717,-6.587597,7.952
3209220010,Jatipura,Susukan,Cirebon,3209,Jawa Barat,108.369517,-6.60859,1.0418
3209220003,Kedongdong,Susukan,Cirebon,3209,Jawa Barat,108.368948,-6.651585,4.3717
3209220006,Kejiwan,Susukan,Cirebon,3209,Jawa Barat,108.36082,-6.640281,3.7684
3209220008,Luwung Kencana,Susukan,Cirebon,3209,Jawa Barat,108.338901,-6.606984,7.162
3209220007,Susukan,Susukan,Cirebon,3209,Jawa Barat,108.363968,-6.627935,8.4021
3209220001,Tangkil,Susukan,Cirebon,3209,Jawa Barat,108.357843,-6.669864,4.205
3209220011,Ujunggebang,Susukan,Cirebon,3209,Jawa Barat,108.351471,-6.600502,6.3637
3209220002,Wiyong,Susukan,Cirebon,3209,Jawa Barat,108.363348,-6.662875,1.953
3209230007,Bayalangu Kidul,Gegesik,Cirebon,3209,Jawa Barat,108.422307,-6.62539,6.8395
3209230008,Bayalangu Lor,Gegesik,Cirebon,3209,Jawa Barat,108.434027,-6.6114,5.0655
3209230012,Gegesik Kidul,Gegesik,Cirebon,3209,Jawa Barat,108.412792,-6.585536,5.3429
3209230019,Gegesik Kulon,Gegesik,Cirebon,3209,Jawa Barat,108.431508,-6.583048,3.8907
3209230018,Gegesik Lor,Gegesik,Cirebon,3209,Jawa Barat,108.437022,-6.596019,2.7187
3209230011,Gegesik Wetan,Gegesik,Cirebon,3209,Jawa Barat,108.421824,-6.577535,2.6738
3209230017,Jagapura Kidul,Gegesik,Cirebon,3209,Jawa Barat,108.42454,-6.55635,3.1159
3209230021,Jagapura Kulon,Gegesik,Cirebon,3209,Jawa Barat,108.417461,-6.546362,6.9218
3209230022,Jagapura Lor,Gegesik,Cirebon,3209,Jawa Barat,108.439406,-6.533473,5.468
3209230020,Jagapura Wetan,Gegesik,Cirebon,3209,Jawa Barat,108.440148,-6.55328,6.4383
3209230009,Kedungdalem,Gegesik,Cirebon,3209,Jawa Barat,108.452821,-6.58712,3.6006
3209230010,Panunggul,Gegesik,Cirebon,3209,Jawa Barat,108.442111,-6.582106,3.0694
3209230023,Sibubut,Gegesik,Cirebon,3209,Jawa Barat,108.475781,-6.568294,4.4062
3209230016,Slendra,Gegesik,Cirebon,3209,Jawa Barat,108.399061,-6.550905,4.5386
3209231008,Guwa Kidul,Kaliwedi,Cirebon,3209,Jawa Barat,108.387585,-6.564766,5.224
3209231009,Guwa Lor,Kaliwedi,Cirebon,3209,Jawa Barat,108.365498,-6.561514,6.424
3209231001,Kalideres,Kaliwedi,Cirebon,3209,Jawa Barat,108.407604,-6.616302,2.9089
3209231004,Kaliwedi Kidul,Kaliwedi,Cirebon,3209,Jawa Barat,108.381261,-6.602201,1.834
3209231005,Kaliwedi Lor,Kaliwedi,Cirebon,3209,Jawa Barat,108.382038,-6.5907,1.2953
3209231003,Prajawinangun Kulon,Kaliwedi,Cirebon,3209,Jawa Barat,108.397187,-6.596777,1.1584
3209231002,Prajawinangun Wetan,Kaliwedi,Cirebon,3209,Jawa Barat,108.403966,-6.599508,1.5277
3209231006,Ujungsemi,Kaliwedi,Cirebon,3209,Jawa Barat,108.396263,-6.585675,4.7264
3209231007,Wargabinangun,Kaliwedi,Cirebon,3209,Jawa Barat,108.397258,-6.577835,3.6325
3210010003,Bangbayang,Lemahsugih,Majalengka,3210,Jawa Barat,108.201251,-7.032725,5.2761
3210010002,Borogojol,Lemahsugih,Majalengka,3210,Jawa Barat,108.172294,-7.034351,9.1008
3210010004,Cibulan,Lemahsugih,Majalengka,3210,Jawa Barat,108.188739,-7.022421,6.311
3210010009,Cigaleuh,Lemahsugih,Majalengka,3210,Jawa Barat,108.236384,-7.002178,1.6944
3210010001,Cipasung,Lemahsugih,Majalengka,3210,Jawa Barat,108.16929,-7.059102,9.4741
3210010019,Cisalak,Lemahsugih,Majalengka,3210,Jawa Barat,108.222704,-6.970082,1.747
3210010018,Dayeuhwangi,Lemahsugih,Majalengka,3210,Jawa Barat,108.173484,-6.974548,0.9026
3210010008,Kalapadua,Lemahsugih,Majalengka,3210,Jawa Barat,108.226357,-7.003277,0.9023
3210010014,Kepuh,Lemahsugih,Majalengka,3210,Jawa Barat,108.195411,-6.961298,2.8351
3210010005,Lemah Putih,Lemahsugih,Majalengka,3210,Jawa Barat,108.160692,-7.014545,12.9701
3210010017,Lemahsugih,Lemahsugih,Majalengka,3210,Jawa Barat,108.181361,-7.004952,3.8292
3210010007,Margajaya,Lemahsugih,Majalengka,3210,Jawa Barat,108.198936,-6.995457,5.2036
3210010015,Mekar Wangi,Lemahsugih,Majalengka,3210,Jawa Barat,108.188719,-6.954666,3.0386
3210010010,Mekarmulya,Lemahsugih,Majalengka,3210,Jawa Barat,108.24251,-6.994932,3.0101
3210010012,Padarek,Lemahsugih,Majalengka,3210,Jawa Barat,108.209579,-6.984818,3.7623
3210010006,Sadawangi,Lemahsugih,Majalengka,3210,Jawa Barat,108.185679,-6.973987,3.1807
3210010011,Sinargalih,Lemahsugih,Majalengka,3210,Jawa Barat,108.22717,-6.985254,3.3477
3210010013,Sukajadi,Lemahsugih,Majalengka,3210,Jawa Barat,108.204438,-6.971497,4.6417
3210010016,Sukamaju,Lemahsugih,Majalengka,3210,Jawa Barat,108.216105,-6.998123,2.2091
3210020017,Babakansari,Bantarujeg,Majalengka,3210,Jawa Barat,108.22348,-6.957364,6.8555
3210020016,Bantarujeg,Bantarujeg,Majalengka,3210,Jawa Barat,108.238411,-6.970404,3.0846
3210020019,Cikidang,Bantarujeg,Majalengka,3210,Jawa Barat,108.259291,-6.955935,5.1506
3210020012,Cimangguhilir,Bantarujeg,Majalengka,3210,Jawa Barat,108.261952,-7.003757,3.6424
3210020020,Cinambo,Bantarujeg,Majalengka,3210,Jawa Barat,108.276196,-6.966122,2.6956
3210020010,Cipeundeuy,Bantarujeg,Majalengka,3210,Jawa Barat,108.23033,-7.018757,2.7918
3210020018,Gununglarang,Bantarujeg,Majalengka,3210,Jawa Barat,108.228684,-6.937188,13.4904
3210020021,Haurgeulis,Bantarujeg,Majalengka,3210,Jawa Barat,108.282092,-6.953202,2.5076
3210020013,Salawangi,Bantarujeg,Majalengka,3210,Jawa Barat,108.276507,-6.985335,3.1033
3210020014,Silihwangi,Bantarujeg,Majalengka,3210,Jawa Barat,108.258515,-6.985845,5.5757
3210020009,Sindanghurip,Bantarujeg,Majalengka,3210,Jawa Barat,108.249394,-7.011644,3.4218
3210020022,Sukamenak,Bantarujeg,Majalengka,3210,Jawa Barat,108.268033,-6.934735,10.2216
3210020015,Wadowetan,Bantarujeg,Majalengka,3210,Jawa Barat,108.254083,-6.972373,4.2818
3210021004,Banyusari,Malausma,Majalengka,3210,Jawa Barat,108.258355,-7.042937,5.8491
3210021001,Buninagara,Malausma,Majalengka,3210,Jawa Barat,108.225021,-7.040842,1.0426
3210021006,Cimuncang,Malausma,Majalengka,3210,Jawa Barat,108.2782,-7.04862,4.8926
3210021007,Ciranca,Malausma,Majalengka,3210,Jawa Barat,108.281584,-7.026605,4.4134
3210021010,Girimukti,Malausma,Majalengka,3210,Jawa Barat,108.209713,-7.05338,6.5693
3210021005,Jagamulya,Malausma,Majalengka,3210,Jawa Barat,108.267534,-7.04778,2.183
3210021011,Kramatjaya,Malausma,Majalengka,3210,Jawa Barat,108.227188,-7.031266,0.5157
3210021008,Lebakwangi,Malausma,Majalengka,3210,Jawa Barat,108.264056,-7.025205,3.2441
3210021003,Malausma,Malausma,Majalengka,3210,Jawa Barat,108.247817,-7.042369,5.4054
3210021009,Sukadana,Malausma,Majalengka,3210,Jawa Barat,108.218872,-7.022355,7.8639
3210021002,Werasari,Malausma,Majalengka,3210,Jawa Barat,108.235724,-7.045055,4.5979
3210030024,Bagjasari,Cikijing,Majalengka,3210,Jawa Barat,108.35899,-7.002302,1.7633
3210030020,Banjaransari,Cikijing,Majalengka,3210,Jawa Barat,108.344439,-7.018006,3.4511
3210030017,Cidulang,Cikijing,Majalengka,3210,Jawa Barat,108.377712,-7.015635,2.4504
3210030016,Cikijing,Cikijing,Majalengka,3210,Jawa Barat,108.356972,-7.022744,2.9248
3210030026,Cilangcang,Cikijing,Majalengka,3210,Jawa Barat,108.372586,-6.985447,1.6438
3210030028,Cipulus,Cikijing,Majalengka,3210,Jawa Barat,108.382944,-6.972101,4.2617
3210030014,Cisoka,Cikijing,Majalengka,3210,Jawa Barat,108.378507,-7.03967,4.6452
3210030025,Jagasari,Cikijing,Majalengka,3210,Jawa Barat,108.373377,-7.00128,3.2024
3210030027,Kancana,Cikijing,Majalengka,3210,Jawa Barat,108.372357,-6.975755,2.294
3210030019,Kasturi,Cikijing,Majalengka,3210,Jawa Barat,108.355531,-7.015731,1.805
3210030021,Sindang,Cikijing,Majalengka,3210,Jawa Barat,108.336514,-7.003641,2.6127
3210030015,Sindangpanji,Cikijing,Majalengka,3210,Jawa Barat,108.385839,-7.021759,2.4482
3210030018,Sukamukti,Cikijing,Majalengka,3210,Jawa Barat,108.363394,-7.016412,0.8735
3210030022,Sukasari,Cikijing,Majalengka,3210,Jawa Barat,108.349831,-6.99127,2.4994
3210030023,Sunalari,Cikijing,Majalengka,3210,Jawa Barat,108.360127,-6.989971,1.9092
3210031003,Cidadap,Cingambul,Majalengka,3210,Jawa Barat,108.318413,-7.022435,4.1119
3210031012,Cikondang,Cingambul,Majalengka,3210,Jawa Barat,108.370857,-7.049205,2.7887
3210031008,Cimanggugirang,Cingambul,Majalengka,3210,Jawa Barat,108.34764,-7.037017,2.0568
3210031010,Cingambul,Cingambul,Majalengka,3210,Jawa Barat,108.357468,-7.047051,1.9782
3210031002,Cintaasih,Cingambul,Majalengka,3210,Jawa Barat,108.308574,-7.042285,3.503
3210031009,Ciranjeng,Cingambul,Majalengka,3210,Jawa Barat,108.354152,-7.03423,0.7816
3210031013,Kondangmekar,Cingambul,Majalengka,3210,Jawa Barat,108.384353,-7.062627,2.3948
3210031004,Maniis,Cingambul,Majalengka,3210,Jawa Barat,108.319022,-7.0449,4.9147
3210031011,Muktisari,Cingambul,Majalengka,3210,Jawa Barat,108.360819,-7.038894,1.063
3210031006,Nagarakembang,Cingambul,Majalengka,3210,Jawa Barat,108.331184,-7.045673,2.4857
3210031005,Rawa,Cingambul,Majalengka,3210,Jawa Barat,108.335083,-7.021694,2.946
3210031001,Sedaraja,Cingambul,Majalengka,3210,Jawa Barat,108.295839,-7.041854,7.7146
3210031007,Wangkelang,Cingambul,Majalengka,3210,Jawa Barat,108.338643,-7.052745,5.1361
3210040012,Argasari,Talaga,Majalengka,3210,Jawa Barat,108.337906,-6.9863,2.5371
3210040006,Campaga,Talaga,Majalengka,3210,Jawa Barat,108.304605,-6.98436,1.6033
3210040002,Cibeureum,Talaga,Majalengka,3210,Jawa Barat,108.303688,-7.020829,1.6087
3210040005,Cicanir,Talaga,Majalengka,3210,Jawa Barat,108.321352,-6.993395,0.8601
3210040003,Cikeusal,Talaga,Majalengka,3210,Jawa Barat,108.309979,-7.009248,3.0373
3210040014,Ganeas,Talaga,Majalengka,3210,Jawa Barat,108.322556,-6.984213,0.7807
3210040013,Gunungmanik,Talaga,Majalengka,3210,Jawa Barat,108.369235,-6.958324,8.1419
3210040004,Jatipamor,Talaga,Majalengka,3210,Jawa Barat,108.324807,-7.003484,2.2189
3210040016,Kertarahayu,Talaga,Majalengka,3210,Jawa Barat,108.367069,-6.970071,1.6887
3210040007,Lampuyang,Talaga,Majalengka,3210,Jawa Barat,108.295219,-7.012745,3.8506
3210040001,Margamukti,Talaga,Majalengka,3210,Jawa Barat,108.278577,-7.010824,3.3091
3210040017,Mekarhurip,Talaga,Majalengka,3210,Jawa Barat,108.289383,-6.992265,2.7936
3210040008,Mekarraharja,Talaga,Majalengka,3210,Jawa Barat,108.299419,-6.981997,3.5681
3210040011,Salado,Talaga,Majalengka,3210,Jawa Barat,108.326527,-6.987406,0.4768
3210040015,Sukaperna,Talaga,Majalengka,3210,Jawa Barat,108.301929,-6.972868,1.7081
3210040009,Talagakulon,Talaga,Majalengka,3210,Jawa Barat,108.305801,-6.996326,2.9631
3210040010,Talagawetan,Talaga,Majalengka,3210,Jawa Barat,108.315514,-6.984413,1.7691
3210041009,Banjaran,Banjaran,Majalengka,3210,Jawa Barat,108.312267,-6.965406,1.5462
3210041011,Cimeong,Banjaran,Majalengka,3210,Jawa Barat,108.30131,-6.955804,2.8727
3210041004,Darmalarang,Banjaran,Majalengka,3210,Jawa Barat,108.333374,-6.964716,1.3396
3210041001,Genteng,Banjaran,Majalengka,3210,Jawa Barat,108.328274,-6.9756,1.0036
3210041013,Girimulya,Banjaran,Majalengka,3210,Jawa Barat,108.321394,-6.943506,3.3152
3210041002,Hegarmanah,Banjaran,Majalengka,3210,Jawa Barat,108.323065,-6.972463,1.3517
3210041010,Kagok,Banjaran,Majalengka,3210,Jawa Barat,108.299244,-6.96572,1.9683
3210041008,Kareo,Banjaran,Majalengka,3210,Jawa Barat,108.326189,-6.952546,1.2327
3210041012,Panyindangan,Banjaran,Majalengka,3210,Jawa Barat,108.317882,-6.953378,0.7988
3210041006,Sangiang,Banjaran,Majalengka,3210,Jawa Barat,108.352029,-6.943044,7.1546
3210041003,Sindangpala,Banjaran,Majalengka,3210,Jawa Barat,108.321977,-6.965081,1.0601
3210041007,Sunia,Banjaran,Majalengka,3210,Jawa Barat,108.362118,-6.949405,6.9525
3210041005,Suniabaru,Banjaran,Majalengka,3210,Jawa Barat,108.342973,-6.967295,2.9324
3210050009,Argalingga,Argapura,Majalengka,3210,Jawa Barat,108.382618,-6.902294,7.2473
3210050008,Argamukti,Argapura,Majalengka,3210,Jawa Barat,108.378413,-6.908666,9.7719
3210050002,Cibunut,Argapura,Majalengka,3210,Jawa Barat,108.361719,-6.931275,9.229
3210050014,Cikaracak,Argapura,Majalengka,3210,Jawa Barat,108.360511,-6.871245,19.004
3210050011,Gunungwangi,Argapura,Majalengka,3210,Jawa Barat,108.340837,-6.88576,7.3041
3210050010,Haurseah,Argapura,Majalengka,3210,Jawa Barat,108.331435,-6.8887,2.3108
3210050013,Heubeulisuk,Argapura,Majalengka,3210,Jawa Barat,108.315094,-6.857301,2.107
3210050012,Mekarwangi,Argapura,Majalengka,3210,Jawa Barat,108.323795,-6.86881,3.7495
3210050006,Sadasari,Argapura,Majalengka,3210,Jawa Barat,108.318344,-6.896892,1.4672
3210050001,Sagara,Argapura,Majalengka,3210,Jawa Barat,108.325455,-6.914055,3.1714
3210050007,Sukadana,Argapura,Majalengka,3210,Jawa Barat,108.332647,-6.901133,2.7677
3210050005,Sukasari Kaler,Argapura,Majalengka,3210,Jawa Barat,108.337043,-6.909605,2.5463
3210050004,Sukasari Kidul,Argapura,Majalengka,3210,Jawa Barat,108.315107,-6.91304,2.5254
3210050003,Tejamulya,Argapura,Majalengka,3210,Jawa Barat,108.377132,-6.922303,9.0291
3210060004,Anggrawati,Maja,Majalengka,3210,Jawa Barat,108.28701,-6.902574,4.2449
3210060014,Banjaran,Maja,Majalengka,3210,Jawa Barat,108.296512,-6.874756,0.9424
3210060003,Cengal,Maja,Majalengka,3210,Jawa Barat,108.242192,-6.913744,17.4896
3210060016,Cicalung,Maja,Majalengka,3210,Jawa Barat,108.298574,-6.865872,0.9771
3210060011,Cieurih,Maja,Majalengka,3210,Jawa Barat,108.271198,-6.874762,3.765
3210060001,Cihaur,Maja,Majalengka,3210,Jawa Barat,108.298534,-6.936865,5.6158
3210060005,Cipicung,Maja,Majalengka,3210,Jawa Barat,108.27602,-6.892488,3.6561
3210060012,Kertabasuki,Maja,Majalengka,3210,Jawa Barat,108.281928,-6.870934,0.9195
3210060008,Maja Selatan,Maja,Majalengka,3210,Jawa Barat,108.303488,-6.890945,1.1336
3210060009,Maja Utara,Maja,Majalengka,3210,Jawa Barat,108.298548,-6.882388,1.6836
3210060006,Malongpong,Maja,Majalengka,3210,Jawa Barat,108.295395,-6.893752,1.3244
3210060018,Nunuk Baru,Maja,Majalengka,3210,Jawa Barat,108.229083,-6.898962,6.9155
3210060017,Pageraji,Maja,Majalengka,3210,Jawa Barat,108.305427,-6.86088,2.4244
3210060015,Paniis,Maja,Majalengka,3210,Jawa Barat,108.309847,-6.88008,2.9512
3210060010,Pasanggrahan,Maja,Majalengka,3210,Jawa Barat,108.286131,-6.881817,1.3015
3210060013,Sindangkerta,Maja,Majalengka,3210,Jawa Barat,108.288528,-6.869295,0.7705
3210060007,Tegalsari,Maja,Majalengka,3210,Jawa Barat,108.30638,-6.899552,1.62
3210060002,Wanahayu,Maja,Majalengka,3210,Jawa Barat,108.302857,-6.925863,5.115
3210070001,Babakan Jawa,Majalengka,Majalengka,3210,Jawa Barat,108.22036,-6.86477,11.5694
3210070002,Cibodas,Majalengka,Majalengka,3210,Jawa Barat,108.238548,-6.880917,13.8454
3210070006,Cicurug,Majalengka,Majalengka,3210,Jawa Barat,108.23992,-6.846635,1.9358
3210070011,Cijati,Majalengka,Majalengka,3210,Jawa Barat,108.210332,-6.822409,2.2639
3210070010,Cikasarung,Majalengka,Majalengka,3210,Jawa Barat,108.217508,-6.813099,3.214
3210070004,Kawunggirang,Majalengka,Majalengka,3210,Jawa Barat,108.271723,-6.862235,1.3869
3210070003,Kulur,Majalengka,Majalengka,3210,Jawa Barat,108.259246,-6.867036,4.2482
3210070012,Majalengka Kulon,Majalengka,Majalengka,3210,Jawa Barat,108.221551,-6.835112,2.3925
3210070007,Majalengka Wetan,Majalengka,Majalengka,3210,Jawa Barat,108.236104,-6.834329,1.4717
3210070013,Munjul,Majalengka,Majalengka,3210,Jawa Barat,108.199768,-6.838364,5.9937
3210070014,Sidamukti,Majalengka,Majalengka,3210,Jawa Barat,108.20363,-6.858361,8.5159
3210070005,Sindangkasih,Majalengka,Majalengka,3210,Jawa Barat,108.239806,-6.855702,4.8154
3210070009,Tarikolot,Majalengka,Majalengka,3210,Jawa Barat,108.224425,-6.824368,1.1934
3210070008,Tonjong,Majalengka,Majalengka,3210,Jawa Barat,108.242256,-6.830989,2.0677
3210080008,Baribis,Cigasong,Majalengka,3210,Jawa Barat,108.239914,-6.810734,3.805
3210080009,Batujaya,Cigasong,Majalengka,3210,Jawa Barat,108.229446,-6.79445,3.345
3210080007,Cicenang,Cigasong,Majalengka,3210,Jawa Barat,108.249929,-6.82234,3.6906
3210080003,Cigasong,Cigasong,Majalengka,3210,Jawa Barat,108.254441,-6.84133,1.3689
3210080010,Karayunan,Cigasong,Majalengka,3210,Jawa Barat,108.255047,-6.795364,7.1874
3210080001,Kawunghilir,Cigasong,Majalengka,3210,Jawa Barat,108.262267,-6.853817,0.6448
3210080006,Kutamanggu,Cigasong,Majalengka,3210,Jawa Barat,108.256297,-6.81194,2.2086
3210080004,Simpeureum,Cigasong,Majalengka,3210,Jawa Barat,108.262585,-6.836991,2.8202
3210080002,Tajur,Cigasong,Majalengka,3210,Jawa Barat,108.273102,-6.855579,2.4079
3210080005,Tenjolayar,Cigasong,Majalengka,3210,Jawa Barat,108.277281,-6.839434,4.3535
3210090013,Babakan Manjeti,Sukahaji,Majalengka,3210,Jawa Barat,108.269131,-6.81475,2.7958
3210090001,Candrajaya,Sukahaji,Majalengka,3210,Jawa Barat,108.288889,-6.85758,1.5296
3210090012,Cikalong,Sukahaji,Majalengka,3210,Jawa Barat,108.280626,-6.824577,2.3988
3210090016,Cikeusik,Sukahaji,Majalengka,3210,Jawa Barat,108.300689,-6.803915,3.8758
3210090014,Cikoneng,Sukahaji,Majalengka,3210,Jawa Barat,108.281481,-6.812423,0.7113
3210090002,Ciomas,Sukahaji,Majalengka,3210,Jawa Barat,108.294978,-6.854325,1.228
3210090019,Jayi,Sukahaji,Majalengka,3210,Jawa Barat,108.313519,-6.78645,2.2971
3210090020,Nanggewer,Sukahaji,Majalengka,3210,Jawa Barat,108.304775,-6.781855,1.7844
3210090010,Padahanten,Sukahaji,Majalengka,3210,Jawa Barat,108.290236,-6.838426,3.3885
3210090015,Palabuan,Sukahaji,Majalengka,3210,Jawa Barat,108.28889,-6.800961,2.9853
3210090017,Salagedang,Sukahaji,Majalengka,3210,Jawa Barat,108.314501,-6.801445,3.0808
3210090011,Sukahaji,Sukahaji,Majalengka,3210,Jawa Barat,108.291845,-6.823032,2.023
3210090018,Tanjungsari,Sukahaji,Majalengka,3210,Jawa Barat,108.32581,-6.797462,1.463
3210091007,Bayureja,Sindang,Majalengka,3210,Jawa Barat,108.30548,-6.824185,4.6258
3210091002,Garawastu,Sindang,Majalengka,3210,Jawa Barat,108.327249,-6.851928,3.2995
3210091006,Gunung Kuning,Sindang,Majalengka,3210,Jawa Barat,108.325547,-6.815927,3.7632
3210091004,Indrakila,Sindang,Majalengka,3210,Jawa Barat,108.35244,-6.838505,5.7917
3210091001,Pasirayu,Sindang,Majalengka,3210,Jawa Barat,108.308285,-6.842465,3.2251
3210091003,Sangkanhurip,Sindang,Majalengka,3210,Jawa Barat,108.345132,-6.84569,2.6483
3210091005,Sindang,Sindang,Majalengka,3210,Jawa Barat,108.323559,-6.8337,5.6774
3210100005,Babakankareo,Rajagaluh,Majalengka,3210,Jawa Barat,108.362688,-6.800911,1.4179
3210100012,Cipinang,Rajagaluh,Majalengka,3210,Jawa Barat,108.336302,-6.786225,1.0568
3210100013,Cisetu,Rajagaluh,Majalengka,3210,Jawa Barat,108.328145,-6.788996,1.3914
3210100007,Kumbung,Rajagaluh,Majalengka,3210,Jawa Barat,108.340736,-6.806159,3.1809
3210100001,Pajajar,Rajagaluh,Majalengka,3210,Jawa Barat,108.353525,-6.828867,3.4436
3210100003,Payung,Rajagaluh,Majalengka,3210,Jawa Barat,108.389192,-6.857687,8.8565
3210100010,Rajagaluh,Rajagaluh,Majalengka,3210,Jawa Barat,108.340153,-6.788938,1.1849
3210100008,Rajagaluh Kidul,Rajagaluh,Majalengka,3210,Jawa Barat,108.346663,-6.79439,1.8922
3210100011,Rajagaluh Lor,Rajagaluh,Majalengka,3210,Jawa Barat,108.341564,-6.779064,1.0563
3210100006,Sadomas,Rajagaluh,Majalengka,3210,Jawa Barat,108.353107,-6.803231,0.9802
3210100004,Sindangpano,Rajagaluh,Majalengka,3210,Jawa Barat,108.368208,-6.812654,3.5743
3210100009,Singawada,Rajagaluh,Majalengka,3210,Jawa Barat,108.355552,-6.794024,0.9392
3210100002,Teja,Rajagaluh,Majalengka,3210,Jawa Barat,108.373137,-6.848338,8.2273
3210110010,Balagedog,Sindangwangi,Majalengka,3210,Jawa Barat,108.365636,-6.764215,3.6044
3210110001,Bantar Agung,Sindangwangi,Majalengka,3210,Jawa Barat,108.396533,-6.849068,12.4358
3210110007,Buahkapas,Sindangwangi,Majalengka,3210,Jawa Barat,108.360933,-6.787262,1.0143
3210110005,Jerukleueut,Sindangwangi,Majalengka,3210,Jawa Barat,108.38185,-6.787052,1.8803
3210110004,Lengkongkulon,Sindangwangi,Majalengka,3210,Jawa Barat,108.389253,-6.780897,1.3175
3210110003,Lengkongwetan,Sindangwangi,Majalengka,3210,Jawa Barat,108.396102,-6.781295,1.2998
3210110009,Leuwilaja,Sindangwangi,Majalengka,3210,Jawa Barat,108.351563,-6.775714,2.2725
3210110002,Padaherang,Sindangwangi,Majalengka,3210,Jawa Barat,108.3979,-6.806225,10.4427
3210110006,Sindangwangi,Sindangwangi,Majalengka,3210,Jawa Barat,108.373423,-6.794512,3.7575
3210110008,Ujungberung,Sindangwangi,Majalengka,3210,Jawa Barat,108.369082,-6.775995,4.7711
3210120011,Ciparay,Leuwimunding,Majalengka,3210,Jawa Barat,108.342317,-6.723507,3.4157
3210120010,Heuleut,Leuwimunding,Majalengka,3210,Jawa Barat,108.336855,-6.741534,2.0835
3210120009,Karangasem,Leuwimunding,Majalengka,3210,Jawa Barat,108.32739,-6.732434,2.0041
3210120002,Lame,Leuwimunding,Majalengka,3210,Jawa Barat,108.334869,-6.769487,0.797
3210120005,Leuwikujang,Leuwimunding,Majalengka,3210,Jawa Barat,108.353706,-6.747768,1.6701
3210120012,Leuwimunding,Leuwimunding,Majalengka,3210,Jawa Barat,108.348618,-6.727067,2.1008
3210120003,Mindi,Leuwimunding,Majalengka,3210,Jawa Barat,108.339759,-6.763133,1.8187
3210120013,Mirat,Leuwimunding,Majalengka,3210,Jawa Barat,108.357723,-6.736709,2.0445
3210120006,Nanggerang,Leuwimunding,Majalengka,3210,Jawa Barat,108.330583,-6.759213,1.161
3210120001,Parakan,Leuwimunding,Majalengka,3210,Jawa Barat,108.32543,-6.771325,2.497
3210120014,Parungjaya,Leuwimunding,Majalengka,3210,Jawa Barat,108.36015,-6.726755,2.762
3210120007,Patuanan,Leuwimunding,Majalengka,3210,Jawa Barat,108.323871,-6.749891,1.6841
3210120004,Rajawangi,Leuwimunding,Majalengka,3210,Jawa Barat,108.348203,-6.757912,3.1433
3210120008,Tanjungsari,Leuwimunding,Majalengka,3210,Jawa Barat,108.329389,-6.746312,1.2821
3210130006,Buniwangi,Palasah,Majalengka,3210,Jawa Barat,108.307724,-6.727206,2.8688
3210130012,Cisambeng,Palasah,Majalengka,3210,Jawa Barat,108.283041,-6.712333,2.9754
3210130005,Enggalwangi,Palasah,Majalengka,3210,Jawa Barat,108.319166,-6.72786,2.2162
3210130010,Karamat,Palasah,Majalengka,3210,Jawa Barat,108.278627,-6.734284,1.923
3210130013,Majasuka,Palasah,Majalengka,3210,Jawa Barat,108.295399,-6.704874,5.4774
3210130007,Palasah,Palasah,Majalengka,3210,Jawa Barat,108.295975,-6.729397,1.8183
3210130008,Pasir,Palasah,Majalengka,3210,Jawa Barat,108.292571,-6.735366,1.9577
3210130004,Sindanghaji,Palasah,Majalengka,3210,Jawa Barat,108.317696,-6.747956,3.3013
3210130011,Sindangwasa,Palasah,Majalengka,3210,Jawa Barat,108.285886,-6.724151,1.1057
3210130003,Tarikolot,Palasah,Majalengka,3210,Jawa Barat,108.308852,-6.757465,3.368
3210130002,Trajaya,Palasah,Majalengka,3210,Jawa Barat,108.31861,-6.778034,1.7504
3210130009,Waringin,Palasah,Majalengka,3210,Jawa Barat,108.290741,-6.750167,5.5689
3210130001,Weragati,Palasah,Majalengka,3210,Jawa Barat,108.295541,-6.775783,4.7149
3210140006,Andir,Jatiwangi,Majalengka,3210,Jawa Barat,108.266353,-6.755982,3.1132
3210140009,Burujul Kulon,Jatiwangi,Majalengka,3210,Jawa Barat,108.238123,-6.734352,3.2252
3210140008,Burujul Wetan,Jatiwangi,Majalengka,3210,Jawa Barat,108.251184,-6.745963,4.1816
3210140004,Cibentar,Jatiwangi,Majalengka,3210,Jawa Barat,108.286118,-6.77756,2.4018
3210140015,Ciborelang,Jatiwangi,Majalengka,3210,Jawa Barat,108.265851,-6.728447,2.0
3210140007,Cicadas,Jatiwangi,Majalengka,3210,Jawa Barat,108.259308,-6.742038,0.9721
3210140013,Jatisura,Jatiwangi,Majalengka,3210,Jawa Barat,108.2479,-6.709147,3.968
3210140011,Jatiwangi,Jatiwangi,Majalengka,3210,Jawa Barat,108.235175,-6.715221,3.5282
3210140005,Leuwenggede,Jatiwangi,Majalengka,3210,Jawa Barat,108.275168,-6.752083,3.337
3210140016,Loji,Jatiwangi,Majalengka,3210,Jawa Barat,108.274233,-6.720991,2.1966
3210140010,Mekarsari,Jatiwangi,Majalengka,3210,Jawa Barat,108.247344,-6.726865,2.1645
3210140001,Pinangraja,Jatiwangi,Majalengka,3210,Jawa Barat,108.276457,-6.799691,1.8125
3210140002,Sukaraja Kulon,Jatiwangi,Majalengka,3210,Jawa Barat,108.266936,-6.775999,2.0587
3210140003,Sukaraja Wetan,Jatiwangi,Majalengka,3210,Jawa Barat,108.27707,-6.781527,3.5958
3210140012,Surawangi,Jatiwangi,Majalengka,3210,Jawa Barat,108.240642,-6.71091,0.5713
3210140014,Sutawangi,Jatiwangi,Majalengka,3210,Jawa Barat,108.261054,-6.733518,1.3283
3210150018,Balida,Dawuan,Majalengka,3210,Jawa Barat,108.206426,-6.717697,6.6736
3210150016,Baturuyuk,Dawuan,Majalengka,3210,Jawa Barat,108.230438,-6.72847,2.2518
3210150011,Bojongcideres,Dawuan,Majalengka,3210,Jawa Barat,108.188949,-6.75873,1.1218
3210150012,Dawuan,Dawuan,Majalengka,3210,Jawa Barat,108.176661,-6.759943,1.247
3210150014,Gandu,Dawuan,Majalengka,3210,Jawa Barat,108.197911,-6.74312,3.3636
3210150013,Genteng,Dawuan,Majalengka,3210,Jawa Barat,108.189406,-6.739045,3.872
3210150020,Karanganyar,Dawuan,Majalengka,3210,Jawa Barat,108.214911,-6.693614,2.0091
3210150017,Mandapa,Dawuan,Majalengka,3210,Jawa Barat,108.22303,-6.72017,2.663
3210150019,Pasirmalati,Dawuan,Majalengka,3210,Jawa Barat,108.206183,-6.704294,2.568
3210150021,Salawana,Dawuan,Majalengka,3210,Jawa Barat,108.229006,-6.694781,2.7407
3210150015,Sinarjati,Dawuan,Majalengka,3210,Jawa Barat,108.2114,-6.742472,3.601
3210151010,Gandasari,Kasokandel,Majalengka,3210,Jawa Barat,108.201728,-6.763447,1.4124
3210151003,Girimukti,Kasokandel,Majalengka,3210,Jawa Barat,108.205906,-6.78022,2.3035
3210151008,Gunungsari,Kasokandel,Majalengka,3210,Jawa Barat,108.226707,-6.748613,3.4238
3210151004,Jatimulya,Kasokandel,Majalengka,3210,Jawa Barat,108.221703,-6.777451,5.6437
3210151001,Jatisawit,Kasokandel,Majalengka,3210,Jawa Barat,108.206094,-6.79617,3.7384
3210151009,Kasokandel,Kasokandel,Majalengka,3210,Jawa Barat,108.214596,-6.755385,2.9424
3210151002,Leuwikidang,Kasokandel,Majalengka,3210,Jawa Barat,108.222573,-6.803889,2.24
3210151007,Ranjikulon,Kasokandel,Majalengka,3210,Jawa Barat,108.224515,-6.764119,4.4899
3210151006,Ranjiwetan,Kasokandel,Majalengka,3210,Jawa Barat,108.240501,-6.77408,4.9152
3210151005,Wanajaya,Kasokandel,Majalengka,3210,Jawa Barat,108.255268,-6.778924,4.0415
3210160004,Bantrangsana,Panyingkiran,Majalengka,3210,Jawa Barat,108.187689,-6.815218,1.1522
3210160006,Bonang,Panyingkiran,Majalengka,3210,Jawa Barat,108.161751,-6.803042,2.0249
3210160001,Cijurey,Panyingkiran,Majalengka,3210,Jawa Barat,108.166566,-6.825496,2.6512
3210160003,Jatipamor,Panyingkiran,Majalengka,3210,Jawa Barat,108.203611,-6.814226,2.2925
3210160005,Jatiserang,Panyingkiran,Majalengka,3210,Jawa Barat,108.170631,-6.810916,2.1967
3210160008,Karyamukti,Panyingkiran,Majalengka,3210,Jawa Barat,108.180902,-6.800614,3.5159
3210160007,Leuwiseeng,Panyingkiran,Majalengka,3210,Jawa Barat,108.170818,-6.795687,1.7922
3210160009,Panyingkiran,Panyingkiran,Majalengka,3210,Jawa Barat,108.192358,-6.804319,2.4492
3210160002,Pasirmuncang,Panyingkiran,Majalengka,3210,Jawa Barat,108.182761,-6.831823,4.072
3210170005,Babakan Anyar,Kadipaten,Majalengka,3210,Jawa Barat,108.15775,-6.743908,1.3099
3210170003,Cipaku,Kadipaten,Majalengka,3210,Jawa Barat,108.193462,-6.774648,4.8129
3210170002,Heuleut,Kadipaten,Majalengka,3210,Jawa Barat,108.1805,-6.780292,2.9908
3210170004,Kadipaten,Kadipaten,Majalengka,3210,Jawa Barat,108.154094,-6.75911,2.6659
3210170006,Karangsambung,Kadipaten,Majalengka,3210,Jawa Barat,108.17066,-6.739246,5.6511
3210170001,Liangjulang,Kadipaten,Majalengka,3210,Jawa Barat,108.170553,-6.77963,2.1406
3210170007,Pagandon,Kadipaten,Majalengka,3210,Jawa Barat,108.180399,-6.746078,3.0668
3210180006,Babakan,Kertajati,Majalengka,3210,Jawa Barat,108.169494,-6.684122,11.9081
3210180011,Bantarjati,Kertajati,Majalengka,3210,Jawa Barat,108.179757,-6.655204,4.7855
3210180007,Kertajati,Kertajati,Majalengka,3210,Jawa Barat,108.168316,-6.665185,11.3019
3210180008,Kertasari,Kertajati,Majalengka,3210,Jawa Barat,108.135988,-6.6592,6.4516
3210180005,Kertawinangun,Kertajati,Majalengka,3210,Jawa Barat,108.161999,-6.69859,7.8529
3210180001,Mekarjaya,Kertajati,Majalengka,3210,Jawa Barat,108.087742,-6.65163,38.6253
3210180009,Mekarmulya,Kertajati,Majalengka,3210,Jawa Barat,108.108822,-6.599798,62.0095
3210180003,Pakubeureum,Kertajati,Majalengka,3210,Jawa Barat,108.167427,-6.72242,6.2354
3210180002,Palasah,Kertajati,Majalengka,3210,Jawa Barat,108.124918,-6.693035,13.6372
3210180012,Pasiripis,Kertajati,Majalengka,3210,Jawa Barat,108.180402,-6.63107,8.4397
3210180014,Sahbandar,Kertajati,Majalengka,3210,Jawa Barat,108.055996,-6.650147,1.0511
3210180013,Sukakerta,Kertajati,Majalengka,3210,Jawa Barat,108.16348,-6.626923,10.042
3210180010,Sukamulya,Kertajati,Majalengka,3210,Jawa Barat,108.143819,-6.632293,9.1635
3210180004,Sukawana,Kertajati,Majalengka,3210,Jawa Barat,108.191885,-6.69591,6.7504
3210190010,Babajurang,Jatitujuh,Majalengka,3210,Jawa Barat,108.196336,-6.623931,8.3816
3210190001,Biyawak,Jatitujuh,Majalengka,3210,Jawa Barat,108.203761,-6.656426,2.8415
3210190012,Jatiraga,Jatitujuh,Majalengka,3210,Jawa Barat,108.246111,-6.618737,5.8905
3210190008,Jatitengah,Jatitujuh,Majalengka,3210,Jawa Barat,108.232956,-6.630361,5.4976
3210190009,Jatitujuh,Jatitujuh,Majalengka,3210,Jawa Barat,108.222406,-6.647605,3.2579
3210190015,Pangkalanpari,Jatitujuh,Majalengka,3210,Jawa Barat,108.273487,-6.631741,3.5229
3210190003,Panongan,Jatitujuh,Majalengka,3210,Jawa Barat,108.222982,-6.670859,4.1822
3210190004,Panyingkiran,Jatitujuh,Majalengka,3210,Jawa Barat,108.216012,-6.6518,2.9137
3210190002,Pasindangan,Jatitujuh,Majalengka,3210,Jawa Barat,108.203813,-6.670001,4.084
3210190011,Pilangsari,Jatitujuh,Majalengka,3210,Jawa Barat,108.208592,-6.602532,26.2096
3210190007,Putridalem,Jatitujuh,Majalengka,3210,Jawa Barat,108.253015,-6.642732,3.3794
3210190005,Randegan Kulon,Jatitujuh,Majalengka,3210,Jawa Barat,108.237326,-6.655315,2.0019
3210190006,Randegan Wetan,Jatitujuh,Majalengka,3210,Jawa Barat,108.253957,-6.652252,3.8305
3210190013,Sumber Kulon,Jatitujuh,Majalengka,3210,Jawa Barat,108.25799,-6.61505,4.6549
3210190014,Sumber Wetan,Jatitujuh,Majalengka,3210,Jawa Barat,108.266574,-6.605909,6.0514
3210200014,Ampel,Ligung,Majalengka,3210,Jawa Barat,108.295824,-6.628272,8.0005
3210200013,Bantarwaru,Ligung,Majalengka,3210,Jawa Barat,108.291962,-6.647513,2.1487
3210200007,Beber,Ligung,Majalengka,3210,Jawa Barat,108.248023,-6.678128,6.3386
3210200004,Beusi,Ligung,Majalengka,3210,Jawa Barat,108.258739,-6.703769,4.0072
3210200006,Buntu,Ligung,Majalengka,3210,Jawa Barat,108.267553,-6.67287,4.0572
3210200001,Cibogor,Ligung,Majalengka,3210,Jawa Barat,108.231325,-6.684763,1.8964
3210200003,Gandawesi,Ligung,Majalengka,3210,Jawa Barat,108.265775,-6.690065,5.177
3210200017,Kedungkancana,Ligung,Majalengka,3210,Jawa Barat,108.31933,-6.62557,5.0611
3210200019,Kedungsari,Ligung,Majalengka,3210,Jawa Barat,108.337007,-6.632517,3.7796
3210200002,Kertasari,Ligung,Majalengka,3210,Jawa Barat,108.241242,-6.682696,2.2546
3210200016,Kodasari,Ligung,Majalengka,3210,Jawa Barat,108.332086,-6.647699,4.6769
3210200015,Leuweunghapit,Ligung,Majalengka,3210,Jawa Barat,108.309573,-6.647831,3.0242
3210200018,Leuwiliang Baru,Ligung,Majalengka,3210,Jawa Barat,108.282368,-6.69017,1.4801
3210200010,Ligung,Ligung,Majalengka,3210,Jawa Barat,108.281927,-6.666785,3.5647
3210200009,Ligung Lor,Ligung,Majalengka,3210,Jawa Barat,108.272023,-6.65623,2.9
3210200011,Majasari,Ligung,Majalengka,3210,Jawa Barat,108.298137,-6.675187,6.7256
3210200012,Sukawera,Ligung,Majalengka,3210,Jawa Barat,108.294005,-6.661962,2.4694
3210200005,Tegalaren,Ligung,Majalengka,3210,Jawa Barat,108.275962,-6.704604,2.4576
3210200008,Wanasalam,Ligung,Majalengka,3210,Jawa Barat,108.270492,-6.648593,3.5797
3210210003,Banjaran,Sumberjaya,Majalengka,3210,Jawa Barat,108.348366,-6.706203,1.3672
3210210010,Bongas Kulon,Sumberjaya,Majalengka,3210,Jawa Barat,108.31361,-6.701986,3.1463
3210210009,Bongas Wetan,Sumberjaya,Majalengka,3210,Jawa Barat,108.329032,-6.694921,3.4189
3210210012,Cidenok,Sumberjaya,Majalengka,3210,Jawa Barat,108.332681,-6.669202,4.4275
3210210002,Garawangi,Sumberjaya,Majalengka,3210,Jawa Barat,108.332444,-6.71038,3.485
3210210014,Gelokmulya,Sumberjaya,Majalengka,3210,Jawa Barat,108.353066,-6.711232,0.527
3210210013,Loji Kobong,Sumberjaya,Majalengka,3210,Jawa Barat,108.318253,-6.669553,7.4183
3210210015,Pancaksuji,Sumberjaya,Majalengka,3210,Jawa Barat,108.316511,-6.690573,1.8727
3210210005,Paningkiran,Sumberjaya,Majalengka,3210,Jawa Barat,108.360606,-6.707639,0.6485
3210210007,Panjalin Kidul,Sumberjaya,Majalengka,3210,Jawa Barat,108.355883,-6.695971,2.1348
3210210011,Panjalin Lor,Sumberjaya,Majalengka,3210,Jawa Barat,108.348413,-6.68494,3.6374
3210210006,Parapatan,Sumberjaya,Majalengka,3210,Jawa Barat,108.36497,-6.700079,0.718
3210210008,Rancaputat,Sumberjaya,Majalengka,3210,Jawa Barat,108.348876,-6.70029,1.1323
3210210004,Sepat,Sumberjaya,Majalengka,3210,Jawa Barat,108.357537,-6.716446,0.5434
3210210001,Sumberjaya,Sumberjaya,Majalengka,3210,Jawa Barat,108.321055,-6.713672,2.7159
3211010010,Cibeusi,Jatinangor,Sumedang,3211,Jawa Barat,107.762656,-6.926651,3.0898
3211010009,Cikeruh,Jatinangor,Sumedang,3211,Jawa Barat,107.775086,-6.938633,1.6325
3211010012,Cilayung,Jatinangor,Sumedang,3211,Jawa Barat,107.776193,-6.901238,2.8169
3211010011,Cileles,Jatinangor,Sumedang,3211,Jawa Barat,107.778044,-6.914853,3.5468
3211010004,Cinta Mulya,Jatinangor,Sumedang,3211,Jawa Barat,107.785708,-6.954418,1.1383
3211010001,Cipacing,Jatinangor,Sumedang,3211,Jawa Barat,107.761963,-6.949113,1.7807
3211010005,Cisempur,Jatinangor,Sumedang,3211,Jawa Barat,107.79576,-6.948227,2.0314
3211010008,Hegarmanah,Jatinangor,Sumedang,3211,Jawa Barat,107.779438,-6.930114,3.973
3211010006,Jatimukti,Jatinangor,Sumedang,3211,Jawa Barat,107.785684,-6.947593,1.2024
3211010007,Jatiroke,Jatinangor,Sumedang,3211,Jawa Barat,107.793748,-6.933875,2.335
3211010003,Mekargalih,Jatinangor,Sumedang,3211,Jawa Barat,107.775956,-6.952924,0.842
3211010002,Sayang,Jatinangor,Sumedang,3211,Jawa Barat,107.768858,-6.937883,1.7842
3211020004,Cihanjuang,Cimanggung,Sumedang,3211,Jawa Barat,107.81758,-6.957287,1.8687
3211020005,Cikahuripan,Cimanggung,Sumedang,3211,Jawa Barat,107.818148,-6.938477,3.4365
3211020008,Cimanggung,Cimanggung,Sumedang,3211,Jawa Barat,107.853073,-6.951524,6.9868
3211020001,Mangunarga,Cimanggung,Sumedang,3211,Jawa Barat,107.800729,-6.949753,1.2179
3211020011,Pasirnanjung,Cimanggung,Sumedang,3211,Jawa Barat,107.83909,-6.949645,2.3299
3211020002,Sawahdadap,Cimanggung,Sumedang,3211,Jawa Barat,107.80694,-6.948628,2.0525
3211020006,Sindanggalih,Cimanggung,Sumedang,3211,Jawa Barat,107.835744,-6.94501,6.0468
3211020007,Sindangpakuon,Cimanggung,Sumedang,3211,Jawa Barat,107.826777,-6.964484,1.3004
3211020010,Sindulang,Cimanggung,Sumedang,3211,Jawa Barat,107.898913,-6.949028,9.2146
3211020003,Sukadana,Cimanggung,Sumedang,3211,Jawa Barat,107.813222,-6.953328,1.9604
3211020009,Tegalmanggung,Cimanggung,Sumedang,3211,Jawa Barat,107.868493,-6.953879,7.0867
3211030027,Cijambu,Tanjungsari,Sumedang,3211,Jawa Barat,107.791255,-6.829578,13.5018
3211030001,Cinanjung,Tanjungsari,Sumedang,3211,Jawa Barat,107.801872,-6.922492,3.8456
3211030015,Gudang,Tanjungsari,Sumedang,3211,Jawa Barat,107.804879,-6.886955,1.6153
3211030008,Gunungmanik,Tanjungsari,Sumedang,3211,Jawa Barat,107.824835,-6.907778,2.5341
3211030011,Jatisari,Tanjungsari,Sumedang,3211,Jawa Barat,107.798561,-6.904716,0.8625
3211030025,Kadakajaya,Tanjungsari,Sumedang,3211,Jawa Barat,107.780391,-6.840891,8.8158
3211030012,Kutamandiri,Tanjungsari,Sumedang,3211,Jawa Barat,107.78909,-6.912497,2.0082
3211030009,Marga Jaya,Tanjungsari,Sumedang,3211,Jawa Barat,107.812974,-6.905394,2.2113
3211030014,Margaluyu,Tanjungsari,Sumedang,3211,Jawa Barat,107.794684,-6.890857,1.4478
3211030018,Pasigaran,Tanjungsari,Sumedang,3211,Jawa Barat,107.801023,-6.876961,2.3456
3211030002,Raharja,Tanjungsari,Sumedang,3211,Jawa Barat,107.821136,-6.923293,3.9455
3211030010,Tanjungsari,Tanjungsari,Sumedang,3211,Jawa Barat,107.80435,-6.903921,0.6694
3211031006,Banyuresmi,Sukasari,Sumedang,3211,Jawa Barat,107.767345,-6.863474,5.3045
3211031007,Genteng,Sukasari,Sumedang,3211,Jawa Barat,107.763438,-6.84699,16.2018
3211031003,Mekarsari,Sukasari,Sumedang,3211,Jawa Barat,107.781552,-6.888242,2.4133
3211031005,Nanggerang,Sukasari,Sumedang,3211,Jawa Barat,107.765948,-6.873397,4.1066
3211031004,Sindangsari,Sukasari,Sumedang,3211,Jawa Barat,107.766059,-6.890003,6.9075
3211031001,Sukarapih,Sukasari,Sumedang,3211,Jawa Barat,107.792882,-6.899508,1.4774
3211031002,Sukasari,Sukasari,Sumedang,3211,Jawa Barat,107.789495,-6.878746,2.6392
3211032006,Cigendel,Pamulihan,Sumedang,3211,Jawa Barat,107.840357,-6.887725,6.5337
3211032005,Cijeruk,Pamulihan,Sumedang,3211,Jawa Barat,107.859229,-6.869575,5.2568
3211032002,Cilembu,Pamulihan,Sumedang,3211,Jawa Barat,107.84854,-6.912826,5.7729
3211032003,Cimarias,Pamulihan,Sumedang,3211,Jawa Barat,107.859495,-6.897079,6.5844
3211032004,Cinanggerang,Pamulihan,Sumedang,3211,Jawa Barat,107.877603,-6.907828,9.2759
3211032008,Ciptasari,Pamulihan,Sumedang,3211,Jawa Barat,107.824795,-6.893568,1.721
3211032009,Citali,Pamulihan,Sumedang,3211,Jawa Barat,107.813681,-6.886829,1.5785
3211032007,Haurngombong,Pamulihan,Sumedang,3211,Jawa Barat,107.832784,-6.902955,2.2614
3211032001,Mekarbakti,Pamulihan,Sumedang,3211,Jawa Barat,107.840187,-6.924415,5.0069
3211032010,Pamulihan,Pamulihan,Sumedang,3211,Jawa Barat,107.828046,-6.874276,5.0913
3211032011,Sukawangi,Pamulihan,Sumedang,3211,Jawa Barat,107.813043,-6.864284,5.0749
3211040012,Cibunar,Rancakalong,Sumedang,3211,Jawa Barat,107.820335,-6.8174,10.0436
3211040014,Cibungur,Rancakalong,Sumedang,3211,Jawa Barat,107.867617,-6.798213,5.3493
3211040011,Nagarawangi,Rancakalong,Sumedang,3211,Jawa Barat,107.845105,-6.821551,6.0415
3211040008,Pamekaran,Rancakalong,Sumedang,3211,Jawa Barat,107.852205,-6.841009,3.8349
3211040013,Pangadegan,Rancakalong,Sumedang,3211,Jawa Barat,107.843081,-6.801718,7.1358
3211040006,Pasir Biru,Rancakalong,Sumedang,3211,Jawa Barat,107.843245,-6.850751,4.708
3211040007,Rancakalong,Rancakalong,Sumedang,3211,Jawa Barat,107.808806,-6.824435,7.8813
3211040010,Sukahayu,Rancakalong,Sumedang,3211,Jawa Barat,107.866976,-6.825345,5.1623
3211040009,Sukamaju,Rancakalong,Sumedang,3211,Jawa Barat,107.879962,-6.822797,3.4923
3211040002,Sukasirnarasa,Rancakalong,Sumedang,3211,Jawa Barat,107.829678,-6.856893,4.563
3211050008,Baginda,Sumedang Selatan,Sumedang,3211,Jawa Barat,107.933284,-6.886916,2.2454
3211050014,Ciherang,Sumedang Selatan,Sumedang,3211,Jawa Barat,107.880531,-6.863457,6.538
3211050010,Cipameungpeuk,Sumedang Selatan,Sumedang,3211,Jawa Barat,107.925729,-6.875595,3.8072
3211050003,Cipancar,Sumedang Selatan,Sumedang,3211,Jawa Barat,107.944542,-6.90276,3.7788
3211050004,Citengah,Sumedang Selatan,Sumedang,3211,Jawa Barat,107.947392,-6.93185,29.8316
3211050007,Gunasari,Sumedang Selatan,Sumedang,3211,Jawa Barat,107.943831,-6.87589,5.9717
3211050012,Kotakulon,Sumedang Selatan,Sumedang,3211,Jawa Barat,107.915301,-6.8494,3.1008
3211050016,Margalaksana,Sumedang Selatan,Sumedang,3211,Jawa Barat,107.893709,-6.886074,3.5552
3211050002,Margamekar,Sumedang Selatan,Sumedang,3211,Jawa Barat,107.919345,-6.90948,13.23
3211050015,Mekarrahayu,Sumedang Selatan,Sumedang,3211,Jawa Barat,107.88525,-6.887352,4.244
3211050013,Pasanggrahan Baru,Sumedang Selatan,Sumedang,3211,Jawa Barat,107.902778,-6.863928,3.5955
3211050011,Regol Wetan,Sumedang Selatan,Sumedang,3211,Jawa Barat,107.923778,-6.85592,0.8281
3211050009,Sukagalih,Sumedang Selatan,Sumedang,3211,Jawa Barat,107.93312,-6.868105,1.1179
3211050001,Sukajaya,Sumedang Selatan,Sumedang,3211,Jawa Barat,107.900267,-6.90051,15.6785
3211060002,Girimukti,Sumedang Utara,Sumedang,3211,Jawa Barat,107.888915,-6.85271,3.7988
3211060008,Jatihurip,Sumedang Utara,Sumedang,3211,Jawa Barat,107.92423,-6.820306,2.5858
3211060007,Jatimulya,Sumedang Utara,Sumedang,3211,Jawa Barat,107.910399,-6.8178,2.2463
3211060009,Kebonjati,Sumedang Utara,Sumedang,3211,Jawa Barat,107.933559,-6.827834,1.6537
3211060011,Kotakaler,Sumedang Utara,Sumedang,3211,Jawa Barat,107.929403,-6.84109,1.7446
3211060005,Margamukti,Sumedang Utara,Sumedang,3211,Jawa Barat,107.891781,-6.827235,3.1489
3211060006,Mekarjaya,Sumedang Utara,Sumedang,3211,Jawa Barat,107.906131,-6.826625,3.2554
3211060003,Mulyasari,Sumedang Utara,Sumedang,3211,Jawa Barat,107.893211,-6.838165,1.923
3211060004,Padasuka,Sumedang Utara,Sumedang,3211,Jawa Barat,107.904182,-6.848183,1.8559
3211060013,Rancamulya,Sumedang Utara,Sumedang,3211,Jawa Barat,107.941234,-6.847515,2.9809
3211060001,Sirnamulya,Sumedang Utara,Sumedang,3211,Jawa Barat,107.873642,-6.842548,3.1944
3211060010,Situ,Sumedang Utara,Sumedang,3211,Jawa Barat,107.918827,-6.837352,2.3519
3211060012,Talun,Sumedang Utara,Sumedang,3211,Jawa Barat,107.927534,-6.852575,0.6474
3211061001,Cikondang,Ganeas,Sumedang,3211,Jawa Barat,107.953982,-6.87929,5.6969
3211061004,Cikoneng,Ganeas,Sumedang,3211,Jawa Barat,107.959257,-6.854297,1.9023
3211061008,Cikoneng Kulon,Ganeas,Sumedang,3211,Jawa Barat,107.952258,-6.855222,1.3348
3211061003,Dayeuh Luhur,Ganeas,Sumedang,3211,Jawa Barat,107.979238,-6.88679,3.4478
3211061006,Ganeas,Ganeas,Sumedang,3211,Jawa Barat,107.974707,-6.855085,2.4758
3211061007,Sukaluyu,Ganeas,Sumedang,3211,Jawa Barat,107.983381,-6.85417,3.9385
3211061005,Sukawening,Ganeas,Sumedang,3211,Jawa Barat,107.968486,-6.866575,3.1963
3211061002,Tanjunghurip,Ganeas,Sumedang,3211,Jawa Barat,107.962601,-6.881975,3.7241
3211070016,Ambit,Situraja,Sumedang,3211,Jawa Barat,108.00782,-6.842163,2.5277
3211070001,Bangbayang,Situraja,Sumedang,3211,Jawa Barat,107.985356,-6.91771,11.2096
3211070023,Cicarimanah,Situraja,Sumedang,3211,Jawa Barat,108.062241,-6.807331,7.3636
3211070011,Cijati,Situraja,Sumedang,3211,Jawa Barat,108.02798,-6.857494,2.3139
3211070015,Cijeler,Situraja,Sumedang,3211,Jawa Barat,107.998105,-6.855728,3.5479
3211070013,Cikadu,Situraja,Sumedang,3211,Jawa Barat,108.012199,-6.868816,2.0427
3211070019,Jatimekar,Situraja,Sumedang,3211,Jawa Barat,108.035343,-6.844526,2.1635
3211070002,Kaduwulung,Situraja,Sumedang,3211,Jawa Barat,107.998374,-6.88277,6.5689
3211070014,Karangheuleut,Situraja,Sumedang,3211,Jawa Barat,107.993885,-6.867464,2.5603
3211070021,Malaka,Situraja,Sumedang,3211,Jawa Barat,108.023488,-6.826945,2.6378
3211070012,Mekarmulya,Situraja,Sumedang,3211,Jawa Barat,108.016913,-6.852174,1.8405
3211070022,Pamulihan,Situraja,Sumedang,3211,Jawa Barat,108.040284,-6.8078,3.9058
3211070018,Situraja,Situraja,Sumedang,3211,Jawa Barat,108.017819,-6.842261,1.4996
3211070020,Situraja Utara,Situraja,Sumedang,3211,Jawa Barat,108.031993,-6.831922,3.3552
3211070017,Sukatali,Situraja,Sumedang,3211,Jawa Barat,108.00008,-6.83504,3.4493
3211071007,Cigintung,Cisitu,Sumedang,3211,Jawa Barat,108.04456,-6.856757,3.9893
3211071009,Cilopang,Cisitu,Sumedang,3211,Jawa Barat,108.058485,-6.832198,9.6941
3211071002,Cimarga,Cisitu,Sumedang,3211,Jawa Barat,108.008941,-6.921735,13.929
3211071003,Cinangsi,Cisitu,Sumedang,3211,Jawa Barat,108.039359,-6.897399,4.1911
3211071006,Cisitu,Cisitu,Sumedang,3211,Jawa Barat,108.047084,-6.87436,3.8326
3211071004,Linggajaya,Cisitu,Sumedang,3211,Jawa Barat,108.025053,-6.891759,6.793
3211071010,Pajagan,Cisitu,Sumedang,3211,Jawa Barat,108.08041,-6.849296,10.1602
3211071008,Ranjeng,Cisitu,Sumedang,3211,Jawa Barat,108.045401,-6.841856,2.7878
3211071005,Situmekar,Cisitu,Sumedang,3211,Jawa Barat,108.034024,-6.871826,2.3035
3211071001,Sundamekar,Cisitu,Sumedang,3211,Jawa Barat,108.011604,-6.889202,6.7038
3211080016,Cibogo,Darmaraja,Sumedang,3211,Jawa Barat,108.085749,-6.899993,3.9066
3211080012,Cieunteung,Darmaraja,Sumedang,3211,Jawa Barat,108.05746,-6.91144,3.4389
3211080011,Cikeusi,Darmaraja,Sumedang,3211,Jawa Barat,108.056398,-6.903231,2.0659
3211080017,Cipaku,Darmaraja,Sumedang,3211,Jawa Barat,108.087727,-6.884474,3.0656
3211080008,Cipeuteuy,Darmaraja,Sumedang,3211,Jawa Barat,108.033671,-6.933295,12.5337
3211080006,Darmajaya,Darmaraja,Sumedang,3211,Jawa Barat,108.066659,-6.926485,1.8342
3211080007,Darmaraja,Darmaraja,Sumedang,3211,Jawa Barat,108.06033,-6.920996,1.3631
3211080005,Jatibungur,Darmaraja,Sumedang,3211,Jawa Barat,108.08354,-6.91929,0.9612
3211080018,Karang Pakuan,Darmaraja,Sumedang,3211,Jawa Barat,108.060695,-6.888685,3.631
3211080015,Leuwihideung,Darmaraja,Sumedang,3211,Jawa Barat,108.093824,-6.91633,2.3238
3211080003,Neglasari,Darmaraja,Sumedang,3211,Jawa Barat,108.074304,-6.933802,1.4474
3211080019,Paku Alam,Darmaraja,Sumedang,3211,Jawa Barat,108.068224,-6.87436,7.6214
3211080020,Ranggon,Darmaraja,Sumedang,3211,Jawa Barat,108.058735,-6.94003,4.4772
3211080004,Sukamenak,Darmaraja,Sumedang,3211,Jawa Barat,108.084658,-6.930933,2.2961
3211080014,Sukaratu,Darmaraja,Sumedang,3211,Jawa Barat,108.079211,-6.913526,1.0833
3211080013,Tarunajaya,Darmaraja,Sumedang,3211,Jawa Barat,108.069407,-6.904481,2.3257
3211090001,Buana Mekar,Cibugel,Sumedang,3211,Jawa Barat,107.992836,-6.968854,8.2693
3211090003,Cibugel,Cibugel,Sumedang,3211,Jawa Barat,108.020507,-6.96769,4.1474
3211090006,Cipasang,Cibugel,Sumedang,3211,Jawa Barat,108.069212,-6.97661,11.173
3211090002,Jaya Mekar,Cibugel,Sumedang,3211,Jawa Barat,107.991034,-6.954815,9.3517
3211090007,Jayamandiri,Cibugel,Sumedang,3211,Jawa Barat,108.034105,-6.983829,5.0771
3211090005,Sukaraja,Cibugel,Sumedang,3211,Jawa Barat,108.042374,-6.969276,7.0511
3211090004,Tamansari,Cibugel,Sumedang,3211,Jawa Barat,108.034736,-6.946737,5.9556
3211100012,Cikareo Selatan,Wado,Sumedang,3211,Jawa Barat,108.103826,-6.975101,4.4515
3211100013,Cikareo Utara,Wado,Sumedang,3211,Jawa Barat,108.094086,-6.963059,2.5289
3211100001,Cilengkrang,Wado,Sumedang,3211,Jawa Barat,108.107164,-7.010005,10.4999
3211100004,Cimungkal,Wado,Sumedang,3211,Jawa Barat,108.150848,-7.002982,14.1563
3211100017,Cisurat,Wado,Sumedang,3211,Jawa Barat,108.081926,-6.942494,2.5433
3211100003,Ganjaresik,Wado,Sumedang,3211,Jawa Barat,108.133718,-7.002885,12.7886
3211100011,Mulyajaya,Wado,Sumedang,3211,Jawa Barat,108.114569,-6.968605,4.4778
3211100015,Padajaya,Wado,Sumedang,3211,Jawa Barat,108.104601,-6.921062,2.9275
3211100002,Sukajadi,Wado,Sumedang,3211,Jawa Barat,108.118998,-7.003879,9.249
3211100016,Sukapura,Wado,Sumedang,3211,Jawa Barat,108.066852,-6.955801,4.311
3211100014,Wado,Wado,Sumedang,3211,Jawa Barat,108.095563,-6.945144,3.3337
3211101005,Banjarsari,Jatinunggal,Sumedang,3211,Jawa Barat,108.156131,-6.952895,5.3011
3211101003,Cimanintin,Jatinunggal,Sumedang,3211,Jawa Barat,108.20132,-6.912049,13.1263
3211101002,Cipeundeuy,Jatinunggal,Sumedang,3211,Jawa Barat,108.191473,-6.934365,9.7992
3211101001,Kirisik,Jatinunggal,Sumedang,3211,Jawa Barat,108.170127,-6.962621,4.5643
3211101009,Pawenang,Jatinunggal,Sumedang,3211,Jawa Barat,108.10391,-6.93797,2.6929
3211101006,Sarimekar,Jatinunggal,Sumedang,3211,Jawa Barat,108.137034,-6.950024,9.4774
3211101008,Sirnasari,Jatinunggal,Sumedang,3211,Jawa Barat,108.114824,-6.93687,3.2994
3211101004,Sukamanah,Jatinunggal,Sumedang,3211,Jawa Barat,108.162777,-6.927665,13.0328
3211101007,Tarikolot,Jatinunggal,Sumedang,3211,Jawa Barat,108.120324,-6.958409,3.1609
3211111011,Cijeungjing,Jatigede,Sumedang,3211,Jawa Barat,108.113124,-6.844006,6.1979
3211111008,Cintajaya,Jatigede,Sumedang,3211,Jawa Barat,108.155748,-6.855213,11.7244
3211111009,Cipicung,Jatigede,Sumedang,3211,Jawa Barat,108.130154,-6.85605,13.504
3211111003,Ciranggem,Jatigede,Sumedang,3211,Jawa Barat,108.130437,-6.9048,11.3689
3211111004,Cisampih,Jatigede,Sumedang,3211,Jawa Barat,108.15411,-6.895172,11.0687
3211111010,Jemah,Jatigede,Sumedang,3211,Jawa Barat,108.113393,-6.876895,12.4133
3211111006,Kadu,Jatigede,Sumedang,3211,Jawa Barat,108.183928,-6.880634,9.4629
3211111012,Kadujaya,Jatigede,Sumedang,3211,Jawa Barat,108.105346,-6.83807,3.5814
3211111013,Karedok,Jatigede,Sumedang,3211,Jawa Barat,108.089876,-6.822231,12.322
3211111007,Lebaksiuh,Jatigede,Sumedang,3211,Jawa Barat,108.176226,-6.857432,11.4343
3211111002,Mekarasih,Jatigede,Sumedang,3211,Jawa Barat,108.126057,-6.921857,6.9269
3211111001,Sukakersa,Jatigede,Sumedang,3211,Jawa Barat,108.104623,-6.903692,4.8046
3211120010,Bugel,Tomo,Sumedang,3211,Jawa Barat,108.071207,-6.777995,12.7976
3211120003,Cipeles,Tomo,Sumedang,3211,Jawa Barat,108.097177,-6.800095,10.7626
3211120004,Darmawangi,Tomo,Sumedang,3211,Jawa Barat,108.151329,-6.806038,1.8724
3211120005,Jembarwangi,Tomo,Sumedang,3211,Jawa Barat,108.14408,-6.826326,5.6318
3211120009,Karyamukti,Tomo,Sumedang,3211,Jawa Barat,108.117167,-6.780331,13.0517
3211120006,Marongge,Tomo,Sumedang,3211,Jawa Barat,108.149739,-6.788911,7.8154
3211120011,Mekarwangi,Tomo,Sumedang,3211,Jawa Barat,108.130658,-6.810961,6.8978
3211120007,Tolengas,Tomo,Sumedang,3211,Jawa Barat,108.154685,-6.767205,5.3702
3211120008,Tomo,Tomo,Sumedang,3211,Jawa Barat,108.126285,-6.765785,11.2102
3211130009,Cibuluh,Ujung Jaya,Sumedang,3211,Jawa Barat,108.048026,-6.664398,25.3445
3211130001,Cipelang,Ujung Jaya,Sumedang,3211,Jawa Barat,108.077792,-6.735893,11.3131
3211130003,Kebon Cau,Ujung Jaya,Sumedang,3211,Jawa Barat,108.134225,-6.736895,3.3837
3211130004,Kudangwangi,Ujung Jaya,Sumedang,3211,Jawa Barat,108.149983,-6.733743,5.2015
3211130002,Palabuan,Ujung Jaya,Sumedang,3211,Jawa Barat,108.12124,-6.746382,8.219
3211130006,Palasari,Ujung Jaya,Sumedang,3211,Jawa Barat,108.122232,-6.71333,2.907
3211130008,Sakurjaya,Ujung Jaya,Sumedang,3211,Jawa Barat,108.088206,-6.701618,12.366
3211130005,Sukamulya,Ujung Jaya,Sumedang,3211,Jawa Barat,108.139952,-6.720849,4.5022
3211130007,Ujungjaya,Ujung Jaya,Sumedang,3211,Jawa Barat,108.106652,-6.731659,13.2727
3211140008,Babakan Asem,Conggeang,Sumedang,3211,Jawa Barat,108.060815,-6.752516,13.989
3211140010,Cacaban,Conggeang,Sumedang,3211,Jawa Barat,108.02619,-6.735666,5.0351
3211140006,Cibeureuyeuh,Conggeang,Sumedang,3211,Jawa Barat,108.01328,-6.752951,2.2859
3211140012,Cibubuan,Conggeang,Sumedang,3211,Jawa Barat,107.98707,-6.6964,16.7008
3211140003,Cipamekar,Conggeang,Sumedang,3211,Jawa Barat,108.007479,-6.766836,5.1525
3211140004,Conggeang Kulon,Conggeang,Sumedang,3211,Jawa Barat,108.004639,-6.740203,1.9522
3211140005,Conggeang Wetan,Conggeang,Sumedang,3211,Jawa Barat,108.020139,-6.742751,2.5594
3211140002,Jambu,Conggeang,Sumedang,3211,Jawa Barat,107.983758,-6.771727,7.8442
3211140011,Karanglayung,Conggeang,Sumedang,3211,Jawa Barat,108.014944,-6.703929,17.3111
3211140001,Narimbang,Conggeang,Sumedang,3211,Jawa Barat,107.987502,-6.754081,5.8696
3211140007,Padaasih,Conggeang,Sumedang,3211,Jawa Barat,108.034692,-6.760386,9.114
3211140009,Ungkal,Conggeang,Sumedang,3211,Jawa Barat,108.042309,-6.699408,22.0408
3211150007,Bongkok,Paseh,Sumedang,3211,Jawa Barat,108.010028,-6.784515,3.7684
3211150004,Cijambe,Paseh,Sumedang,3211,Jawa Barat,108.017511,-6.810056,3.4964
3211150010,Citepok,Paseh,Sumedang,3211,Jawa Barat,108.011232,-6.823024,2.2289
3211150009,Haurkuning,Paseh,Sumedang,3211,Jawa Barat,107.995799,-6.816103,1.8387
3211150001,Legok Kaler,Paseh,Sumedang,3211,Jawa Barat,107.987343,-6.797502,3.0113
3211150002,Legok Kidul,Paseh,Sumedang,3211,Jawa Barat,107.995949,-6.806632,2.0215
3211150006,Padanaan,Paseh,Sumedang,3211,Jawa Barat,108.035412,-6.78379,8.8425
3211150008,Paseh Kaler,Paseh,Sumedang,3211,Jawa Barat,107.990809,-6.790315,3.3771
3211150003,Paseh Kidul,Paseh,Sumedang,3211,Jawa Barat,108.006775,-6.797629,1.8674
3211150005,Pasireungit,Paseh,Sumedang,3211,Jawa Barat,108.025675,-6.798883,2.9863
3211160012,Cibeureum Kulon,Cimalaka,Sumedang,3211,Jawa Barat,107.96572,-6.79066,7.2544
3211160011,Cibeureum Wetan,Cimalaka,Sumedang,3211,Jawa Barat,107.971856,-6.79218,5.7132
3211160017,Cikole,Cimalaka,Sumedang,3211,Jawa Barat,107.933095,-6.808764,1.4239
3211160014,Cimalaka,Cimalaka,Sumedang,3211,Jawa Barat,107.951126,-6.814707,1.3182
3211160001,Cimuja,Cimalaka,Sumedang,3211,Jawa Barat,107.940463,-6.832065,0.7874
3211160021,Citimun,Cimalaka,Sumedang,3211,Jawa Barat,107.938452,-6.790374,3.4111
3211160016,Galudra,Cimalaka,Sumedang,3211,Jawa Barat,107.939116,-6.815136,2.0483
3211160022,Licin,Cimalaka,Sumedang,3211,Jawa Barat,107.950097,-6.796235,5.2196
3211160013,Mandalaherang,Cimalaka,Sumedang,3211,Jawa Barat,107.962139,-6.804625,3.2521
3211160020,Naluk,Cimalaka,Sumedang,3211,Jawa Barat,107.91349,-6.784155,2.4693
3211160019,Nyalindung,Cimalaka,Sumedang,3211,Jawa Barat,107.9221,-6.792834,3.0275
3211160023,Padasari,Cimalaka,Sumedang,3211,Jawa Barat,107.930878,-6.77033,6.98
3211160015,Serang,Cimalaka,Sumedang,3211,Jawa Barat,107.947797,-6.82234,0.954
3211160018,Trunamanggala,Cimalaka,Sumedang,3211,Jawa Barat,107.918123,-6.802848,4.1293
3211161004,Bantarmara,Cisarua,Sumedang,3211,Jawa Barat,107.975667,-6.839842,1.4467
3211161006,Cimara,Cisarua,Sumedang,3211,Jawa Barat,107.984455,-6.826025,1.5056
3211161007,Cipandanwangi,Cisarua,Sumedang,3211,Jawa Barat,107.992999,-6.82444,1.8446
3211161001,Cisalak,Cisarua,Sumedang,3211,Jawa Barat,107.947316,-6.838235,2.0398
3211161003,Cisarua,Cisarua,Sumedang,3211,Jawa Barat,107.966092,-6.827735,2.3179
3211161005,Ciuyah,Cisarua,Sumedang,3211,Jawa Barat,107.977587,-6.82827,2.2606
3211161002,Kebonkalapa,Cisarua,Sumedang,3211,Jawa Barat,107.955939,-6.834357,3.134
3211170020,Awilega,Tanjungkerta,Sumedang,3211,Jawa Barat,107.908906,-6.726969,3.908
3211170007,Banyuasih,Tanjungkerta,Sumedang,3211,Jawa Barat,107.907702,-6.763715,3.1186
3211170019,Boros,Tanjungkerta,Sumedang,3211,Jawa Barat,107.92539,-6.736705,6.8968
3211170004,Cigentur,Tanjungkerta,Sumedang,3211,Jawa Barat,107.888435,-6.788075,2.32
3211170006,Cipanas,Tanjungkerta,Sumedang,3211,Jawa Barat,107.901427,-6.793687,3.6136
3211170005,Gunturmekar,Tanjungkerta,Sumedang,3211,Jawa Barat,107.889342,-6.80265,5.3947
3211170016,Kertaharja,Tanjungkerta,Sumedang,3211,Jawa Barat,107.898722,-6.730811,1.8301
3211170017,Kertamekar,Tanjungkerta,Sumedang,3211,Jawa Barat,107.89424,-6.74491,1.9578
3211170008,Mulyamekar,Tanjungkerta,Sumedang,3211,Jawa Barat,107.904849,-6.756815,2.4868
3211170009,Sukamantri,Tanjungkerta,Sumedang,3211,Jawa Barat,107.880509,-6.763464,4.3992
3211170003,Tanjungmekar,Tanjungkerta,Sumedang,3211,Jawa Barat,107.895221,-6.772673,4.9809
3211170018,Tanjungmulya,Tanjungkerta,Sumedang,3211,Jawa Barat,107.910334,-6.744992,3.1494
3211171004,Cikaramas,Tanjungmedar,Sumedang,3211,Jawa Barat,107.845243,-6.752746,4.5756
3211171008,Jingkang,Tanjungmedar,Sumedang,3211,Jawa Barat,107.861475,-6.707405,12.3208
3211171007,Kamal,Tanjungmedar,Sumedang,3211,Jawa Barat,107.88975,-6.713568,14.4108
3211171005,Kertamukti,Tanjungmedar,Sumedang,3211,Jawa Barat,107.862937,-6.738618,8.7007
3211171003,Sukamukti,Tanjungmedar,Sumedang,3211,Jawa Barat,107.860924,-6.762807,4.2964
3211171006,Sukatani,Tanjungmedar,Sumedang,3211,Jawa Barat,107.880386,-6.748245,3.1225
3211171009,Tanjungmedar,Tanjungmedar,Sumedang,3211,Jawa Barat,107.845127,-6.716842,5.6642
3211171002,Tanjungwangi,Tanjungmedar,Sumedang,3211,Jawa Barat,107.870177,-6.778965,4.0771
3211171001,Wargaluyu,Tanjungmedar,Sumedang,3211,Jawa Barat,107.844058,-6.782545,8.2105
3211180005,Bojongloa,Buahdua,Sumedang,3211,Jawa Barat,107.947002,-6.729955,9.0026
3211180008,Buahdua,Buahdua,Sumedang,3211,Jawa Barat,107.952217,-6.695905,3.3939
3211180015,Ciawitali,Buahdua,Sumedang,3211,Jawa Barat,107.929681,-6.628121,21.2151
3211180003,Cibitung,Buahdua,Sumedang,3211,Jawa Barat,107.967453,-6.741172,8.8279
3211180004,Cikurubuk,Buahdua,Sumedang,3211,Jawa Barat,107.93672,-6.73563,7.3418
3211180002,Cilangkap,Buahdua,Sumedang,3211,Jawa Barat,107.976793,-6.72405,5.0791
3211180010,Citaleus,Buahdua,Sumedang,3211,Jawa Barat,107.932551,-6.689261,5.7307
3211180009,Gendereh,Buahdua,Sumedang,3211,Jawa Barat,107.960357,-6.665535,26.5945
3211180012,Hariang,Buahdua,Sumedang,3211,Jawa Barat,107.909802,-6.70181,3.8641
3211180014,Karangbungur,Buahdua,Sumedang,3211,Jawa Barat,107.914846,-6.66876,7.2744
3211180011,Mekarmukti,Buahdua,Sumedang,3211,Jawa Barat,107.921042,-6.68868,4.298
3211180006,Nagrak,Buahdua,Sumedang,3211,Jawa Barat,107.964981,-6.708065,2.5798
3211180007,Panyindangan,Buahdua,Sumedang,3211,Jawa Barat,107.964885,-6.701435,3.814
3211180001,Sekarwangi,Buahdua,Sumedang,3211,Jawa Barat,107.993059,-6.732214,3.495
3211181009,Nanjungwangi,Surian,Sumedang,3211,Jawa Barat,107.863152,-6.598883,9.2861
3211181003,Pamekarsari,Surian,Sumedang,3211,Jawa Barat,107.874194,-6.672505,5.5692
3211181006,Ranggasari,Surian,Sumedang,3211,Jawa Barat,107.894784,-6.662349,4.4372
3211181007,Suriamedal,Surian,Sumedang,3211,Jawa Barat,107.858212,-6.61427,2.3908
3211181008,Suriamukti,Surian,Sumedang,3211,Jawa Barat,107.847597,-6.6694,13.7254
3211181004,Surian,Surian,Sumedang,3211,Jawa Barat,107.877357,-6.637745,28.2978
3211181005,Tanjung,Surian,Sumedang,3211,Jawa Barat,107.893482,-6.600586,8.5348
3211181001,Wanajaya,Surian,Sumedang,3211,Jawa Barat,107.899235,-6.691582,4.9934
3211181002,Wanasari,Surian,Sumedang,3211,Jawa Barat,107.88766,-6.682411,4.749
3212010013,Cipancuh,Haurgeulis,Indramayu,3212,Jawa Barat,107.937022,-6.445525,4.504
3212010008,Haurgeulis,Haurgeulis,Indramayu,3212,Jawa Barat,107.956485,-6.46535,3.4842
3212010007,Haurkolot,Haurgeulis,Indramayu,3212,Jawa Barat,107.957217,-6.476715,3.8022
3212010011,Karangtumaritis,Haurgeulis,Indramayu,3212,Jawa Barat,107.8972,-6.452316,8.7474
3212010012,Kertanegara,Haurgeulis,Indramayu,3212,Jawa Barat,107.915365,-6.445834,8.9045
3212010014,Mekarjati,Haurgeulis,Indramayu,3212,Jawa Barat,107.957869,-6.45048,5.553
3212010015,Sidadadi,Haurgeulis,Indramayu,3212,Jawa Barat,107.973287,-6.433225,11.1549
3212010009,Sukajati,Haurgeulis,Indramayu,3212,Jawa Barat,107.937188,-6.465047,1.7715
3212010016,Sumbermulya,Haurgeulis,Indramayu,3212,Jawa Barat,107.940809,-6.42162,9.5509
3212010010,Wanakaya,Haurgeulis,Indramayu,3212,Jawa Barat,107.917345,-6.471525,7.3952
3212011006,Baleraja,Gantar,Indramayu,3212,Jawa Barat,107.921625,-6.502484,11.6312
3212011001,Bantarwaru,Gantar,Indramayu,3212,Jawa Barat,107.871842,-6.572504,9.4508
3212011004,Gantar,Gantar,Indramayu,3212,Jawa Barat,107.979372,-6.499645,20.1298
3212011003,Mekarjaya,Gantar,Indramayu,3212,Jawa Barat,107.987666,-6.53992,32.2352
3212011007,Mekarwaru,Gantar,Indramayu,3212,Jawa Barat,107.911962,-6.57119,24.5366
3212011002,Sanca,Gantar,Indramayu,3212,Jawa Barat,107.958601,-6.582295,54.4405
3212011005,Situraja,Gantar,Indramayu,3212,Jawa Barat,107.944187,-6.499611,20.1206
3212020008,Jayamulya,Kroya,Indramayu,3212,Jawa Barat,107.986861,-6.44766,10.5503
3212020003,Kroya,Kroya,Indramayu,3212,Jawa Barat,108.060059,-6.516945,37.3937
3212020005,Sukamelang,Kroya,Indramayu,3212,Jawa Barat,108.064297,-6.4674,9.2687
3212020001,Sukaslamet,Kroya,Indramayu,3212,Jawa Barat,108.020516,-6.552245,14.6071
3212020009,Sumberjaya,Kroya,Indramayu,3212,Jawa Barat,108.01396,-6.44284,10.5712
3212020004,Sumbon,Kroya,Indramayu,3212,Jawa Barat,108.091662,-6.50042,15.8492
3212020002,Tanjungkerta,Kroya,Indramayu,3212,Jawa Barat,108.03247,-6.50948,13.3051
3212020006,Temiyang,Kroya,Indramayu,3212,Jawa Barat,108.048859,-6.48266,11.3783
3212020007,Temiyangsari,Kroya,Indramayu,3212,Jawa Barat,108.020622,-6.484625,12.9717
3212030002,Babakanjaya,Gabuswetan,Indramayu,3212,Jawa Barat,108.040681,-6.448085,8.2772
3212030010,Drunten Kulon,Gabuswetan,Indramayu,3212,Jawa Barat,108.039531,-6.40561,6.8135
3212030009,Drunten Wetan,Gabuswetan,Indramayu,3212,Jawa Barat,108.059668,-6.38894,10.7828
3212030003,Gabuskulon,Gabuswetan,Indramayu,3212,Jawa Barat,108.056617,-6.432172,13.6966
3212030008,Gabuswetan,Gabuswetan,Indramayu,3212,Jawa Barat,108.076362,-6.415955,7.8341
3212030005,Kedokangabus,Gabuswetan,Indramayu,3212,Jawa Barat,108.1071,-6.45739,7.2129
3212030001,Kedungdawa,Gabuswetan,Indramayu,3212,Jawa Barat,108.024659,-6.432025,4.645
3212030007,Rancahan,Gabuswetan,Indramayu,3212,Jawa Barat,108.104416,-6.419045,8.2099
3212030006,Rancamulya,Gabuswetan,Indramayu,3212,Jawa Barat,108.099119,-6.441571,5.382
3212030004,Sekarmulya,Gabuswetan,Indramayu,3212,Jawa Barat,108.082772,-6.454154,6.3954
3212040004,Amis,Cikedung,Indramayu,3212,Jawa Barat,108.174563,-6.555555,37.4745
3212040007,Cikedung,Cikedung,Indramayu,3212,Jawa Barat,108.170338,-6.49281,7.4774
3212040012,Cikedung Lor,Cikedung,Indramayu,3212,Jawa Barat,108.193235,-6.475085,8.7702
3212040006,Jambak,Cikedung,Indramayu,3212,Jawa Barat,108.195902,-6.497049,6.9765
3212040005,Jatisura,Cikedung,Indramayu,3212,Jawa Barat,108.202589,-6.56089,28.5729
3212040003,Loyang,Cikedung,Indramayu,3212,Jawa Barat,108.142582,-6.53576,19.7635
3212040013,Mundakjaya,Cikedung,Indramayu,3212,Jawa Barat,108.186842,-6.456835,4.075
3212041007,Cibereng,Terisi,Indramayu,3212,Jawa Barat,108.173869,-6.45379,3.8746
3212041001,Cikawung,Terisi,Indramayu,3212,Jawa Barat,108.011853,-6.619257,100.8922
3212041003,Jatimulya,Terisi,Indramayu,3212,Jawa Barat,108.147003,-6.49552,8.2057
3212041002,Jatimunggul,Terisi,Indramayu,3212,Jawa Barat,108.102849,-6.53281,27.8998
3212041006,Karangasem,Terisi,Indramayu,3212,Jawa Barat,108.16919,-6.473669,4.2411
3212041008,Kendayakan,Terisi,Indramayu,3212,Jawa Barat,108.143934,-6.447205,6.6676
3212041009,Manggungan,Terisi,Indramayu,3212,Jawa Barat,108.12376,-6.442052,5.7116
3212041004,Plosokerep,Terisi,Indramayu,3212,Jawa Barat,108.123803,-6.476142,15.0244
3212041005,Rajasinga,Terisi,Indramayu,3212,Jawa Barat,108.150028,-6.474669,5.9131
3212050010,Cempeh,Lelea,Indramayu,3212,Jawa Barat,108.213751,-6.421945,10.2917
3212050007,Langgengsari,Lelea,Indramayu,3212,Jawa Barat,108.244721,-6.462185,4.2282
3212050009,Lelea,Lelea,Indramayu,3212,Jawa Barat,108.243331,-6.423197,4.1295
3212050003,Nunuk,Lelea,Indramayu,3212,Jawa Barat,108.220417,-6.481553,4.2709
3212050005,Pangauban,Lelea,Indramayu,3212,Jawa Barat,108.228882,-6.452256,6.4792
3212050008,Tamansari,Lelea,Indramayu,3212,Jawa Barat,108.252261,-6.438822,5.3141
3212050006,Telagasari,Lelea,Indramayu,3212,Jawa Barat,108.2356,-6.460901,4.5624
3212050004,Tempel,Lelea,Indramayu,3212,Jawa Barat,108.210769,-6.45804,4.9308
3212050011,Tempelkulon,Lelea,Indramayu,3212,Jawa Barat,108.202655,-6.44524,3.4213
3212050002,Tugu,Lelea,Indramayu,3212,Jawa Barat,108.21823,-6.49787,6.9166
3212050001,Tunggulpayung,Lelea,Indramayu,3212,Jawa Barat,108.215644,-6.532825,6.4939
3212060015,Bangodua,Bangodua,Indramayu,3212,Jawa Barat,108.327969,-6.534269,5.9282
3212060016,Beduyut,Bangodua,Indramayu,3212,Jawa Barat,108.342939,-6.526108,2.2558
3212060017,Karanggetas,Bangodua,Indramayu,3212,Jawa Barat,108.306936,-6.514995,8.7966
3212060020,Malangsari,Bangodua,Indramayu,3212,Jawa Barat,108.247795,-6.502223,8.31
3212060008,Mulyasari,Bangodua,Indramayu,3212,Jawa Barat,108.247691,-6.530205,6.1373
3212060021,Rancasari,Bangodua,Indramayu,3212,Jawa Barat,108.232535,-6.520881,5.8372
3212060018,Tegalgirang,Bangodua,Indramayu,3212,Jawa Barat,108.290329,-6.499115,4.4183
3212060019,Wanasari,Bangodua,Indramayu,3212,Jawa Barat,108.272186,-6.51603,5.6928
3212061001,Bodas,Tukdana,Indramayu,3212,Jawa Barat,108.279379,-6.610245,4.4249
3212061007,Cangko,Tukdana,Indramayu,3212,Jawa Barat,108.298436,-6.56008,5.1896
3212061002,Gadel,Tukdana,Indramayu,3212,Jawa Barat,108.275445,-6.588175,4.7466
3212061006,Karangkerta,Tukdana,Indramayu,3212,Jawa Barat,108.279431,-6.553245,3.5996
3212061004,Kerticala,Tukdana,Indramayu,3212,Jawa Barat,108.279747,-6.564455,4.1834
3212061012,Lajer,Tukdana,Indramayu,3212,Jawa Barat,108.281338,-6.531388,2.3039
3212061013,Mekarsari,Tukdana,Indramayu,3212,Jawa Barat,108.270068,-6.534081,2.6512
3212061008,Pagedangan,Tukdana,Indramayu,3212,Jawa Barat,108.317584,-6.557443,3.1044
3212061003,Rancajawat,Tukdana,Indramayu,3212,Jawa Barat,108.291705,-6.57642,4.7433
3212061010,Sukadana,Tukdana,Indramayu,3212,Jawa Barat,108.300077,-6.536456,3.6577
3212061005,Sukamulya,Tukdana,Indramayu,3212,Jawa Barat,108.235655,-6.55787,27.6897
3212061009,Sukaperna,Tukdana,Indramayu,3212,Jawa Barat,108.322433,-6.543698,4.3895
3212061011,Tukdana,Tukdana,Indramayu,3212,Jawa Barat,108.285994,-6.54204,3.0451
3212070006,Bangkaloa Ilir,Widasari,Indramayu,3212,Jawa Barat,108.290854,-6.486765,5.6545
3212070010,Bunder,Widasari,Indramayu,3212,Jawa Barat,108.251166,-6.480953,6.275
3212070008,Kalensari,Widasari,Indramayu,3212,Jawa Barat,108.260271,-6.492123,2.7569
3212070016,Kasmaran,Widasari,Indramayu,3212,Jawa Barat,108.265441,-6.42968,2.5189
3212070012,Kongsijaya,Widasari,Indramayu,3212,Jawa Barat,108.283057,-6.468434,2.4622
3212070015,Leuwigede,Widasari,Indramayu,3212,Jawa Barat,108.280775,-6.434215,2.8379
3212070011,Ujungaris,Widasari,Indramayu,3212,Jawa Barat,108.270617,-6.466688,6.1349
3212070013,Ujungjaya,Widasari,Indramayu,3212,Jawa Barat,108.274492,-6.450055,4.9396
3212070014,Ujungpendokjaya,Widasari,Indramayu,3212,Jawa Barat,108.283085,-6.442104,2.7836
3212070007,Widasari,Widasari,Indramayu,3212,Jawa Barat,108.27321,-6.486085,4.1782
3212080011,Jambe,Kertasemaya,Indramayu,3212,Jawa Barat,108.396049,-6.51881,3.8832
3212080008,Jengkok,Kertasemaya,Indramayu,3212,Jawa Barat,108.371345,-6.542185,5.1568
3212080014,Kertasemaya,Kertasemaya,Indramayu,3212,Jawa Barat,108.355495,-6.5256,1.3845
3212080015,Kliwed,Kertasemaya,Indramayu,3212,Jawa Barat,108.342079,-6.512817,1.6842
3212080017,Laranganjambe,Kertasemaya,Indramayu,3212,Jawa Barat,108.389581,-6.50781,1.6492
3212080012,Lemahayu,Kertasemaya,Indramayu,3212,Jawa Barat,108.389805,-6.531058,1.7393
3212080010,Manguntara,Kertasemaya,Indramayu,3212,Jawa Barat,108.3994,-6.529975,1.0593
3212080019,Sukawera,Kertasemaya,Indramayu,3212,Jawa Barat,108.331592,-6.517815,2.318
3212080009,Tegalwirangrong,Kertasemaya,Indramayu,3212,Jawa Barat,108.38417,-6.538885,1.3451
3212080016,Tenajar,Kertasemaya,Indramayu,3212,Jawa Barat,108.366342,-6.513337,6.4484
3212080013,Tenajar Kidul,Kertasemaya,Indramayu,3212,Jawa Barat,108.362162,-6.520591,3.2763
3212080018,Tenajar Lor,Kertasemaya,Indramayu,3212,Jawa Barat,108.360965,-6.494585,7.073
3212080007,Tulungagung,Kertasemaya,Indramayu,3212,Jawa Barat,108.356275,-6.544305,2.6602
3212081002,Bondan,Sukagumiwang,Indramayu,3212,Jawa Barat,108.31603,-6.60301,7.735
3212081006,Cadangpinggan,Sukagumiwang,Indramayu,3212,Jawa Barat,108.349326,-6.5657,3.2133
3212081001,Cibeber,Sukagumiwang,Indramayu,3212,Jawa Barat,108.303787,-6.611275,3.5423
3212081007,Gedangan,Sukagumiwang,Indramayu,3212,Jawa Barat,108.348048,-6.549286,1.4998
3212081003,Gunungsari,Sukagumiwang,Indramayu,3212,Jawa Barat,108.32245,-6.583474,8.3578
3212081004,Sukagumiwang,Sukagumiwang,Indramayu,3212,Jawa Barat,108.325831,-6.57045,4.8726
3212081005,Tersana,Sukagumiwang,Indramayu,3212,Jawa Barat,108.336508,-6.556811,4.3611
3212090004,Dukuhjati,Krangkeng,Indramayu,3212,Jawa Barat,108.480124,-6.5253,5.1911
3212090009,Kalianyar,Krangkeng,Indramayu,3212,Jawa Barat,108.517445,-6.49945,10.0873
3212090002,Kapringan,Krangkeng,Indramayu,3212,Jawa Barat,108.46278,-6.547365,7.9422
3212090006,Kedungwungu,Krangkeng,Indramayu,3212,Jawa Barat,108.452692,-6.509545,3.7294
3212090010,Krangkeng,Krangkeng,Indramayu,3212,Jawa Barat,108.504976,-6.488107,11.6451
3212090008,Luwunggesik,Krangkeng,Indramayu,3212,Jawa Barat,108.520598,-6.514953,4.4083
3212090001,Purwajaya,Krangkeng,Indramayu,3212,Jawa Barat,108.465064,-6.560233,6.1342
3212090003,Singakerta,Krangkeng,Indramayu,3212,Jawa Barat,108.4889,-6.538752,8.2723
3212090007,Srengseng,Krangkeng,Indramayu,3212,Jawa Barat,108.475309,-6.506265,6.7528
3212090011,Tanjakan,Krangkeng,Indramayu,3212,Jawa Barat,108.497532,-6.471396,3.1728
3212090005,Tegalmulya,Krangkeng,Indramayu,3212,Jawa Barat,108.450668,-6.520523,5.212
3212100011,Benda,Karangampel,Indramayu,3212,Jawa Barat,108.477018,-6.460687,3.3631
3212100015,Dukuhjeruk,Karangampel,Indramayu,3212,Jawa Barat,108.432823,-6.478275,3.5702
3212100016,Dukuhtengah,Karangampel,Indramayu,3212,Jawa Barat,108.432345,-6.460141,1.7442
3212100007,Kaplonganlor,Karangampel,Indramayu,3212,Jawa Barat,108.448478,-6.48497,3.389
3212100014,Karangampel,Karangampel,Indramayu,3212,Jawa Barat,108.445085,-6.45458,2.4297
3212100013,Karangampel Kidul,Karangampel,Indramayu,3212,Jawa Barat,108.442155,-6.47652,2.4717
3212100017,Mundu,Karangampel,Indramayu,3212,Jawa Barat,108.421015,-6.470371,3.5024
3212100010,Pringgacala,Karangampel,Indramayu,3212,Jawa Barat,108.478068,-6.469109,3.4085
3212100012,Sendang,Karangampel,Indramayu,3212,Jawa Barat,108.459155,-6.455051,2.8168
3212100008,Tanjungpura,Karangampel,Indramayu,3212,Jawa Barat,108.465004,-6.48755,3.1607
3212100009,Tanjungsari,Karangampel,Indramayu,3212,Jawa Barat,108.474028,-6.47723,1.7214
3212101006,Cangkingan,Kedokan Bunder,Indramayu,3212,Jawa Barat,108.402518,-6.49496,5.3822
3212101007,Jayalaksana,Kedokan Bunder,Indramayu,3212,Jawa Barat,108.386555,-6.486645,5.5875
3212101005,Jayawinangun,Kedokan Bunder,Indramayu,3212,Jawa Barat,108.404454,-6.50765,1.7969
3212101002,Kaplongan,Kedokan Bunder,Indramayu,3212,Jawa Barat,108.448199,-6.496695,4.2265
3212101003,Kedokan Agung,Kedokan Bunder,Indramayu,3212,Jawa Barat,108.428449,-6.500344,5.0832
3212101004,Kedokanbunder,Kedokan Bunder,Indramayu,3212,Jawa Barat,108.415337,-6.490065,4.8241
3212101001,Kedokanbunder Wetan,Kedokan Bunder,Indramayu,3212,Jawa Barat,108.427338,-6.516605,4.9825
3212110005,Dadap,Juntinyuat,Indramayu,3212,Jawa Barat,108.45641,-6.443616,2.2757
3212110004,Juntikebon,Juntinyuat,Indramayu,3212,Jawa Barat,108.435831,-6.444677,4.9828
3212110007,Juntikedokan,Juntinyuat,Indramayu,3212,Jawa Barat,108.422486,-6.421535,5.6984
3212110006,Juntinyuat,Juntinyuat,Indramayu,3212,Jawa Barat,108.438675,-6.425163,2.8727
3212110003,Juntiweden,Juntinyuat,Indramayu,3212,Jawa Barat,108.420123,-6.44737,4.0956
3212110012,Limbangan,Juntinyuat,Indramayu,3212,Jawa Barat,108.409088,-6.397612,2.9578
3212110011,Lombang,Juntinyuat,Indramayu,3212,Jawa Barat,108.410549,-6.41263,4.0504
3212110008,Pondoh,Juntinyuat,Indramayu,3212,Jawa Barat,108.400165,-6.43289,4.0034
3212110009,Sambimaya,Juntinyuat,Indramayu,3212,Jawa Barat,108.386696,-6.436865,3.9128
3212110002,Segeran,Juntinyuat,Indramayu,3212,Jawa Barat,108.397773,-6.45245,7.5127
3212110001,Segeran Kidul,Juntinyuat,Indramayu,3212,Jawa Barat,108.390201,-6.46796,5.981
3212110010,Tinumpuk,Juntinyuat,Indramayu,3212,Jawa Barat,108.392231,-6.413639,5.4825
3212120009,Gadingan,Sliyeg,Indramayu,3212,Jawa Barat,108.365989,-6.463803,3.0096
3212120016,Longok,Sliyeg,Indramayu,3212,Jawa Barat,108.346139,-6.4041,3.7834
3212120006,Majasari,Sliyeg,Indramayu,3212,Jawa Barat,108.341858,-6.459348,2.2109
3212120007,Majasih,Sliyeg,Indramayu,3212,Jawa Barat,108.331674,-6.440865,5.5672
3212120010,Mekargading,Sliyeg,Indramayu,3212,Jawa Barat,108.368998,-6.45102,2.6879
3212120001,Sleman,Sliyeg,Indramayu,3212,Jawa Barat,108.334352,-6.490375,4.702
3212120005,Sleman Lor,Sliyeg,Indramayu,3212,Jawa Barat,108.330241,-6.464085,4.9703
3212120008,Sliyeg,Sliyeg,Indramayu,3212,Jawa Barat,108.355664,-6.466885,3.0249
3212120011,Sliyeglor,Sliyeg,Indramayu,3212,Jawa Barat,108.347019,-6.43538,5.7642
3212120003,Sudikampiran,Sliyeg,Indramayu,3212,Jawa Barat,108.375518,-6.479145,0.9995
3212120002,Tambi,Sliyeg,Indramayu,3212,Jawa Barat,108.35117,-6.48211,2.9967
3212120004,Tambi Lor,Sliyeg,Indramayu,3212,Jawa Barat,108.349493,-6.476005,3.9324
3212120013,Tugu,Sliyeg,Indramayu,3212,Jawa Barat,108.352901,-6.41601,6.8338
3212120012,Tugu Kidul,Sliyeg,Indramayu,3212,Jawa Barat,108.364973,-6.435,4.4395
3212130004,Bulak,Jatibarang,Indramayu,3212,Jawa Barat,108.31417,-6.47856,4.1073
3212130005,Bulak Lor,Jatibarang,Indramayu,3212,Jawa Barat,108.315786,-6.456965,2.9202
3212130006,Jatibarang,Jatibarang,Indramayu,3212,Jawa Barat,108.301954,-6.466625,1.673
3212130003,Jatibarang Baru,Jatibarang,Indramayu,3212,Jawa Barat,108.305396,-6.481769,1.5022
3212130009,Jatisawit,Jatibarang,Indramayu,3212,Jawa Barat,108.303578,-6.427099,2.4858
3212130010,Jatisawit Lor,Jatibarang,Indramayu,3212,Jawa Barat,108.304449,-6.419055,2.6208
3212130012,Kalimati,Jatibarang,Indramayu,3212,Jawa Barat,108.326746,-6.409985,2.8129
3212130007,Kebulen,Jatibarang,Indramayu,3212,Jawa Barat,108.304586,-6.456195,2.6203
3212130011,Krasak,Jatibarang,Indramayu,3212,Jawa Barat,108.31973,-6.416775,4.0762
3212130014,Lobener,Jatibarang,Indramayu,3212,Jawa Barat,108.304009,-6.400887,3.0145
3212130015,Lobener Lor,Jatibarang,Indramayu,3212,Jawa Barat,108.295575,-6.39318,2.2775
3212130013,Malangsemirang,Jatibarang,Indramayu,3212,Jawa Barat,108.334844,-6.398745,2.5108
3212130008,Pawidean,Jatibarang,Indramayu,3212,Jawa Barat,108.308602,-6.436663,5.808
3212130002,Pilangsari,Jatibarang,Indramayu,3212,Jawa Barat,108.32281,-6.502475,3.8865
3212130001,Sukalila,Jatibarang,Indramayu,3212,Jawa Barat,108.335573,-6.50905,0.7593
3212140007,Balongan,Balongan,Indramayu,3212,Jawa Barat,108.380231,-6.35488,5.1375
3212140005,Gelarmendala,Balongan,Indramayu,3212,Jawa Barat,108.348779,-6.38183,1.8055
3212140010,Majakerta,Balongan,Indramayu,3212,Jawa Barat,108.40102,-6.38849,3.1107
3212140004,Rawadalem,Balongan,Indramayu,3212,Jawa Barat,108.361496,-6.377121,2.9253
3212140008,Sudimampir,Balongan,Indramayu,3212,Jawa Barat,108.373284,-6.41716,4.1762
3212140009,Sudimampirlor,Balongan,Indramayu,3212,Jawa Barat,108.370675,-6.40061,5.6292
3212140002,Sukareja,Balongan,Indramayu,3212,Jawa Barat,108.392385,-6.37843,4.4575
3212140003,Sukaurip,Balongan,Indramayu,3212,Jawa Barat,108.378494,-6.374295,2.2591
3212140001,Tegalsembadra,Balongan,Indramayu,3212,Jawa Barat,108.37541,-6.387355,3.0225
3212140006,Tegalurung,Balongan,Indramayu,3212,Jawa Barat,108.362987,-6.362065,2.4391
3212150008,Bojongsari,Indramayu,Indramayu,3212,Jawa Barat,108.318247,-6.346113,1.0841
3212150003,Dukuh,Indramayu,Indramayu,3212,Jawa Barat,108.322295,-6.375168,1.5951
3212150011,Karanganyar,Indramayu,Indramayu,3212,Jawa Barat,108.334493,-6.340164,1.1605
3212150010,Karangmalang,Indramayu,Indramayu,3212,Jawa Barat,108.330323,-6.342095,0.9985
3212150016,Karangsong,Indramayu,Indramayu,3212,Jawa Barat,108.355768,-6.31202,4.2463
3212150009,Kepandean,Indramayu,Indramayu,3212,Jawa Barat,108.325723,-6.345892,0.9013
3212150013,Lemahabang,Indramayu,Indramayu,3212,Jawa Barat,108.327852,-6.329148,0.5806
3212150012,Lemahmekar,Indramayu,Indramayu,3212,Jawa Barat,108.339544,-6.335755,1.0811
3212150014,Margadadi,Indramayu,Indramayu,3212,Jawa Barat,108.338045,-6.327772,1.7989
3212150017,Pabeanudik,Indramayu,Indramayu,3212,Jawa Barat,108.356992,-6.30378,6.0818
3212150015,Paoman,Indramayu,Indramayu,3212,Jawa Barat,108.325133,-6.320885,0.643
3212150007,Pekandangan,Indramayu,Indramayu,3212,Jawa Barat,108.329856,-6.357027,3.6612
3212150004,Pekandangan Jaya,Indramayu,Indramayu,3212,Jawa Barat,108.336706,-6.37565,4.4528
3212150002,Plumbon,Indramayu,Indramayu,3212,Jawa Barat,108.323475,-6.388293,6.0388
3212150006,Singajaya,Indramayu,Indramayu,3212,Jawa Barat,108.345293,-6.347087,6.6239
3212150005,Singaraja,Indramayu,Indramayu,3212,Jawa Barat,108.360579,-6.349678,7.9495
3212150018,Tambak,Indramayu,Indramayu,3212,Jawa Barat,108.352063,-6.321497,3.5338
3212150001,Telukagung,Indramayu,Indramayu,3212,Jawa Barat,108.304877,-6.387203,2.4616
3212160015,Babadan,Sindang,Indramayu,3212,Jawa Barat,108.277179,-6.311695,8.6465
3212160012,Dermayu,Sindang,Indramayu,3212,Jawa Barat,108.296104,-6.333975,2.082
3212160010,Kenanga,Sindang,Indramayu,3212,Jawa Barat,108.315214,-6.361195,2.1471
3212160007,Panyindangan Kulon,Sindang,Indramayu,3212,Jawa Barat,108.284145,-6.332515,4.1303
3212160009,Panyindangan Wetan,Sindang,Indramayu,3212,Jawa Barat,108.302393,-6.360245,3.6636
3212160014,Penganjang,Sindang,Indramayu,3212,Jawa Barat,108.316333,-6.322311,1.1448
3212160008,Rambatan Wetan,Sindang,Indramayu,3212,Jawa Barat,108.293965,-6.34591,3.5818
3212160013,Sindang,Sindang,Indramayu,3212,Jawa Barat,108.295694,-6.326675,4.3617
3212160011,Terusan,Sindang,Indramayu,3212,Jawa Barat,108.309111,-6.347109,2.7535
3212160016,Wanantara,Sindang,Indramayu,3212,Jawa Barat,108.300817,-6.31572,4.3616
3212161001,Cangkring,Cantigi,Indramayu,3212,Jawa Barat,108.221047,-6.28973,12.9857
3212161002,Cantigi Kulon,Cantigi,Indramayu,3212,Jawa Barat,108.23387,-6.327145,5.3784
3212161003,Cantigi Wetan,Cantigi,Indramayu,3212,Jawa Barat,108.2449,-6.328581,4.3124
3212161007,Cemara,Cantigi,Indramayu,3212,Jawa Barat,108.187489,-6.316135,37.1493
3212161006,Lamarantarung,Cantigi,Indramayu,3212,Jawa Barat,108.246255,-6.284805,32.8282
3212161005,Panyingkiran Kidul,Cantigi,Indramayu,3212,Jawa Barat,108.255847,-6.330529,3.9762
3212161004,Panyingkiran Lor,Cantigi,Indramayu,3212,Jawa Barat,108.260629,-6.328195,3.7567
3212162003,Brondong,Pasekan,Indramayu,3212,Jawa Barat,108.352473,-6.28459,10.8511
3212162006,Karanganyar,Pasekan,Indramayu,3212,Jawa Barat,108.266423,-6.272295,20.055
3212162004,Pabeanilir,Pasekan,Indramayu,3212,Jawa Barat,108.321502,-6.27093,15.5304
3212162001,Pagirikan,Pasekan,Indramayu,3212,Jawa Barat,108.283857,-6.265095,8.4113
3212162002,Pasekan,Pasekan,Indramayu,3212,Jawa Barat,108.307641,-6.30099,7.5458
3212162005,Totoran,Pasekan,Indramayu,3212,Jawa Barat,108.303249,-6.267495,4.9752
3212170008,Bojongslawi,Lohbener,Indramayu,3212,Jawa Barat,108.292684,-6.43006,1.1871
3212170001,Kiajaran Kulon,Lohbener,Indramayu,3212,Jawa Barat,108.224016,-6.38886,5.244
3212170002,Kijaran Wetan,Lohbener,Indramayu,3212,Jawa Barat,108.231053,-6.392195,4.8901
3212170004,Langut,Lohbener,Indramayu,3212,Jawa Barat,108.243872,-6.396388,4.8302
3212170003,Lanjan,Lohbener,Indramayu,3212,Jawa Barat,108.232362,-6.41598,1.279
3212170005,Larangan,Lohbener,Indramayu,3212,Jawa Barat,108.25906,-6.402318,3.7211
3212170007,Legok,Lohbener,Indramayu,3212,Jawa Barat,108.277882,-6.417449,4.2817
3212170009,Lohbener,Lohbener,Indramayu,3212,Jawa Barat,108.280086,-6.40398,3.5223
3212170010,Pamayahan,Lohbener,Indramayu,3212,Jawa Barat,108.2747,-6.393005,3.0173
3212170015,Rambatan Kulon,Lohbener,Indramayu,3212,Jawa Barat,108.288727,-6.373885,2.5499
3212170011,Sindangkerta,Lohbener,Indramayu,3212,Jawa Barat,108.277823,-6.38662,1.8684
3212170006,Waru,Lohbener,Indramayu,3212,Jawa Barat,108.261685,-6.417735,1.7446
3212171002,Arahan Kidul,Arahan,Indramayu,3212,Jawa Barat,108.269689,-6.373885,6.4526
3212171003,Arahan Lor,Arahan,Indramayu,3212,Jawa Barat,108.27882,-6.35769,3.1148
3212171008,Cidempet,Arahan,Indramayu,3212,Jawa Barat,108.257441,-6.351519,3.1123
3212171004,Linggajati,Arahan,Indramayu,3212,Jawa Barat,108.259215,-6.35865,1.6837
3212171007,Pranggong,Arahan,Indramayu,3212,Jawa Barat,108.224987,-6.34895,7.062
3212171006,Sukadadi,Arahan,Indramayu,3212,Jawa Barat,108.22431,-6.359775,2.3286
3212171001,Sukasari,Arahan,Indramayu,3212,Jawa Barat,108.251473,-6.37982,5.6906
3212171005,Tawangsari,Arahan,Indramayu,3212,Jawa Barat,108.233748,-6.364518,4.6116
3212180013,Cemara Kulon,Losarang,Indramayu,3212,Jawa Barat,108.181037,-6.339835,7.9311
3212180006,Jangga,Losarang,Indramayu,3212,Jawa Barat,108.169678,-6.388075,11.7134
3212180007,Jumbleng,Losarang,Indramayu,3212,Jawa Barat,108.181504,-6.387495,7.0799
3212180002,Krimun,Losarang,Indramayu,3212,Jawa Barat,108.156629,-6.390468,8.6905
3212180010,Losarang,Losarang,Indramayu,3212,Jawa Barat,108.149883,-6.381715,9.5898
3212180011,Muntur,Losarang,Indramayu,3212,Jawa Barat,108.144541,-6.379005,6.8399
3212180008,Pangkalan,Losarang,Indramayu,3212,Jawa Barat,108.204388,-6.382075,15.8116
3212180004,Pegagan,Losarang,Indramayu,3212,Jawa Barat,108.165576,-6.43594,4.9377
3212180003,Puntang,Losarang,Indramayu,3212,Jawa Barat,108.160907,-6.41431,6.2101
3212180005,Rajaiyang,Losarang,Indramayu,3212,Jawa Barat,108.184523,-6.43016,7.2079
3212180001,Ranjeng,Losarang,Indramayu,3212,Jawa Barat,108.128496,-6.42623,4.8049
3212180012,Santing,Losarang,Indramayu,3212,Jawa Barat,108.136783,-6.376857,9.1936
3212190008,Bulak,Kandanghaur,Indramayu,3212,Jawa Barat,108.108867,-6.351423,8.0246
3212190001,Curug,Kandanghaur,Indramayu,3212,Jawa Barat,108.070108,-6.368555,5.3492
3212190012,Eretan Kulon,Kandanghaur,Indramayu,3212,Jawa Barat,108.049925,-6.317217,4.4184
3212190011,Eretan Wetan,Kandanghaur,Indramayu,3212,Jawa Barat,108.089592,-6.333686,2.5553
3212190009,Ilir,Kandanghaur,Indramayu,3212,Jawa Barat,108.078114,-6.343576,11.4769
3212190005,Karanganyar,Kandanghaur,Indramayu,3212,Jawa Barat,108.121226,-6.3783,7.0498
3212190004,Karangmulya,Kandanghaur,Indramayu,3212,Jawa Barat,108.11385,-6.399495,4.4821
3212190013,Kertawinangun,Kandanghaur,Indramayu,3212,Jawa Barat,108.067348,-6.329255,6.761
3212190007,Parean Girang,Kandanghaur,Indramayu,3212,Jawa Barat,108.131753,-6.348735,13.9642
3212190002,Pranti,Kandanghaur,Indramayu,3212,Jawa Barat,108.075223,-6.38084,2.8955
3212190010,Soge,Kandanghaur,Indramayu,3212,Jawa Barat,108.058718,-6.342235,6.3085
3212190003,Wirakanan,Kandanghaur,Indramayu,3212,Jawa Barat,108.09072,-6.38804,6.9375
3212190006,Wirapanjunan,Kandanghaur,Indramayu,3212,Jawa Barat,108.106142,-6.37405,3.7009
3212200005,Bongas,Bongas,Indramayu,3212,Jawa Barat,108.000102,-6.381355,6.2488
3212200006,Cipaat,Bongas,Indramayu,3212,Jawa Barat,107.983011,-6.380415,5.3522
3212200001,Cipedang,Bongas,Indramayu,3212,Jawa Barat,108.002591,-6.410615,5.4359
3212200004,Kertajaya,Bongas,Indramayu,3212,Jawa Barat,108.027722,-6.373785,5.9422
3212200007,Kertamulya,Bongas,Indramayu,3212,Jawa Barat,108.018324,-6.360015,5.6823
3212200003,Margamulya,Bongas,Indramayu,3212,Jawa Barat,108.046426,-6.369985,6.4857
3212200008,Plawangan,Bongas,Indramayu,3212,Jawa Barat,108.038647,-6.34838,4.8196
3212200002,Sidamulya,Bongas,Indramayu,3212,Jawa Barat,108.021393,-6.402905,9.8144
3212210010,Anjatan,Anjatan,Indramayu,3212,Jawa Barat,107.965439,-6.349206,6.0946
3212210009,Anjatan Baru,Anjatan,Indramayu,3212,Jawa Barat,107.942961,-6.360595,7.1797
3212210013,Anjatan Utara,Anjatan,Indramayu,3212,Jawa Barat,107.962817,-6.3348,6.409
3212210003,Bugis,Anjatan,Indramayu,3212,Jawa Barat,107.932999,-6.380845,4.0611
3212210002,Bugistua,Anjatan,Indramayu,3212,Jawa Barat,107.913137,-6.40807,8.7025
3212210011,Cilandak,Anjatan,Indramayu,3212,Jawa Barat,107.929746,-6.353497,5.7492
3212210012,Cilandak Lor,Anjatan,Indramayu,3212,Jawa Barat,107.932095,-6.33313,5.8146
3212210005,Kedungwungu,Anjatan,Indramayu,3212,Jawa Barat,107.963672,-6.40302,5.7878
3212210008,Kopyah,Anjatan,Indramayu,3212,Jawa Barat,107.970411,-6.368136,7.547
3212210007,Lempuyang,Anjatan,Indramayu,3212,Jawa Barat,107.958943,-6.383759,6.4024
3212210001,Mangunjaya,Anjatan,Indramayu,3212,Jawa Barat,107.905506,-6.398508,8.1831
3212210004,Salamdarma,Anjatan,Indramayu,3212,Jawa Barat,107.94015,-6.40094,5.9488
3212210006,Wanguk,Anjatan,Indramayu,3212,Jawa Barat,107.984559,-6.40763,6.6299
3212220001,Bogor,Sukra,Indramayu,3212,Jawa Barat,107.927045,-6.335149,2.2516
3212220008,Karanglayung,Sukra,Indramayu,3212,Jawa Barat,107.958168,-6.301275,4.9559
3212220002,Sukra,Sukra,Indramayu,3212,Jawa Barat,107.929608,-6.299098,4.6282
3212220005,Sukrawetan,Sukra,Indramayu,3212,Jawa Barat,107.943837,-6.300665,5.715
3212220006,Sumuradem,Sukra,Indramayu,3212,Jawa Barat,107.968624,-6.295349,4.8354
3212220007,Sumuradem Timur,Sukra,Indramayu,3212,Jawa Barat,107.975492,-6.306185,4.5195
3212220004,Tegaltaman,Sukra,Indramayu,3212,Jawa Barat,107.953019,-6.27359,7.4139
3212220003,Ujunggebang,Sukra,Indramayu,3212,Jawa Barat,107.926668,-6.270087,6.4508
3212221003,Arjasari,Patrol,Indramayu,3212,Jawa Barat,108.006616,-6.349125,6.5831
3212221005,Bugel,Patrol,Indramayu,3212,Jawa Barat,108.007213,-6.313957,6.9483
3212221001,Limpas,Patrol,Indramayu,3212,Jawa Barat,107.983529,-6.339707,4.4796
3212221008,Mekarsari,Patrol,Indramayu,3212,Jawa Barat,107.982799,-6.288624,3.8181
3212221002,Patrol,Patrol,Indramayu,3212,Jawa Barat,107.994643,-6.33264,7.5948
3212221007,Patrol Baru,Patrol,Indramayu,3212,Jawa Barat,107.991976,-6.297626,3.2185
3212221006,Patrollor,Patrol,Indramayu,3212,Jawa Barat,108.001486,-6.300694,3.6245
3212221004,Sukahaji,Patrol,Indramayu,3212,Jawa Barat,108.023231,-6.314112,6.5143
3213010004,Cicadas,Sagalaherang,Subang,3213,Jawa Barat,107.625681,-6.726262,16.7658
3213010013,Curugagung,Sagalaherang,Subang,3213,Jawa Barat,107.676372,-6.628808,11.4208
3213010006,Dayeuhkolot,Sagalaherang,Subang,3213,Jawa Barat,107.641267,-6.676006,5.1814
3213010011,Leles,Sagalaherang,Subang,3213,Jawa Barat,107.657261,-6.647418,4.6065
3213010005,Sagalaherang,Sagalaherang,Subang,3213,Jawa Barat,107.651498,-6.683511,2.7118
3213010012,Sagalaherang Kaler,Sagalaherang,Subang,3213,Jawa Barat,107.665092,-6.660786,4.5228
3213010003,Sukamandi,Sagalaherang,Subang,3213,Jawa Barat,107.627857,-6.70649,7.8354
3213011003,Cijengkol,Serangpanjang,Subang,3213,Jawa Barat,107.628831,-6.661583,5.9765
3213011002,Cikujang,Serangpanjang,Subang,3213,Jawa Barat,107.616501,-6.690767,6.881
3213011004,Cintamekar,Serangpanjang,Subang,3213,Jawa Barat,107.640269,-6.6436,7.8576
3213011001,Cipancar,Serangpanjang,Subang,3213,Jawa Barat,107.599677,-6.700225,13.1129
3213011005,Ponggang,Serangpanjang,Subang,3213,Jawa Barat,107.59399,-6.623268,21.094
3213011006,Talagasari,Serangpanjang,Subang,3213,Jawa Barat,107.613145,-6.617255,19.1592
3213020016,Bunihayu,Jalancagak,Subang,3213,Jawa Barat,107.691077,-6.645565,13.6891
3213020007,Curugrendeng,Jalancagak,Subang,3213,Jawa Barat,107.66806,-6.685136,6.34
3213020015,Jalancagak,Jalancagak,Subang,3213,Jawa Barat,107.701273,-6.67557,12.5359
3213020013,Kumpay,Jalancagak,Subang,3213,Jawa Barat,107.734102,-6.668355,7.0291
3213020008,Sarireja,Jalancagak,Subang,3213,Jawa Barat,107.689211,-6.694644,8.52
3213020014,Tambakan,Jalancagak,Subang,3213,Jawa Barat,107.711338,-6.65883,3.3915
3213020017,Tambakmekar,Jalancagak,Subang,3213,Jawa Barat,107.719942,-6.647475,4.15
3213021001,Ciater,Ciater,Subang,3213,Jawa Barat,107.637977,-6.745648,16.4121
3213021003,Cibeusi,Ciater,Subang,3213,Jawa Barat,107.692458,-6.748019,5.0761
3213021004,Cibitung,Ciater,Subang,3213,Jawa Barat,107.700605,-6.732982,7.2353
3213021007,Cisaat,Ciater,Subang,3213,Jawa Barat,107.664055,-6.704111,7.8939
3213021002,Nagrak,Ciater,Subang,3213,Jawa Barat,107.666753,-6.752078,15.9834
3213021006,Palasari,Ciater,Subang,3213,Jawa Barat,107.678475,-6.719826,6.7495
3213021005,Sanca,Ciater,Subang,3213,Jawa Barat,107.704362,-6.714674,6.6423
3213030010,Cigadog,Cisalak,Subang,3213,Jawa Barat,107.784023,-6.704728,3.1533
3213030002,Cimanggu,Cisalak,Subang,3213,Jawa Barat,107.777179,-6.749341,8.9166
3213030009,Cisalak,Cisalak,Subang,3213,Jawa Barat,107.774922,-6.714067,2.1397
3213030001,Cupunagara,Cisalak,Subang,3213,Jawa Barat,107.71181,-6.776512,49.85
3213030008,Darmaga,Cisalak,Subang,3213,Jawa Barat,107.749245,-6.709642,2.9903
3213030003,Gardusayang,Cisalak,Subang,3213,Jawa Barat,107.767498,-6.739804,5.9068
3213030004,Mayang,Cisalak,Subang,3213,Jawa Barat,107.747478,-6.758951,16.0328
3213030014,Pakuhaji,Cisalak,Subang,3213,Jawa Barat,107.789477,-6.74841,6.2395
3213030005,Sukakerti,Cisalak,Subang,3213,Jawa Barat,107.748689,-6.730283,10.3906
3213031003,Bojongloa,Kasomalang,Subang,3213,Jawa Barat,107.765257,-6.68754,8.2575
3213031008,Cimanglid,Kasomalang,Subang,3213,Jawa Barat,107.71098,-6.696305,4.0072
3213031007,Kasomalang Kulon,Kasomalang,Subang,3213,Jawa Barat,107.72591,-6.689302,3.4539
3213031006,Kasomalang Wetan,Kasomalang,Subang,3213,Jawa Barat,107.747178,-6.691294,1.7789
3213031001,Pasanggrahan,Kasomalang,Subang,3213,Jawa Barat,107.726755,-6.724299,9.7305
3213031002,Sindangsari,Kasomalang,Subang,3213,Jawa Barat,107.742599,-6.700471,2.9894
3213031005,Sukamelang,Kasomalang,Subang,3213,Jawa Barat,107.780704,-6.680475,7.0388
3213031004,Tenjolaya,Kasomalang,Subang,3213,Jawa Barat,107.803522,-6.684237,6.382
3213040001,Buniara,Tanjungsiang,Subang,3213,Jawa Barat,107.798155,-6.777788,14.0481
3213040008,Cibuluh,Tanjungsiang,Subang,3213,Jawa Barat,107.799219,-6.708343,6.1561
3213040003,Cikawung,Tanjungsiang,Subang,3213,Jawa Barat,107.831257,-6.770181,5.4892
3213040004,Cimeuhmal,Tanjungsiang,Subang,3213,Jawa Barat,107.83036,-6.746553,6.7696
3213040011,Gandasoli,Tanjungsiang,Subang,3213,Jawa Barat,107.813731,-6.702115,7.8442
3213040006,Kawungluwuk,Tanjungsiang,Subang,3213,Jawa Barat,107.803668,-6.743318,2.1936
3213040010,Rancamanggung,Tanjungsiang,Subang,3213,Jawa Barat,107.829677,-6.705111,5.1022
3213040009,Sindanglaya,Tanjungsiang,Subang,3213,Jawa Barat,107.814144,-6.724842,4.2615
3213040005,Sirap,Tanjungsiang,Subang,3213,Jawa Barat,107.815392,-6.739182,2.75
3213040002,Tanjungsiang,Tanjungsiang,Subang,3213,Jawa Barat,107.816705,-6.771058,7.5238
3213050007,Bantarsari,Cijambe,Subang,3213,Jawa Barat,107.761025,-6.615913,8.2134
3213050002,Cijambe,Cijambe,Subang,3213,Jawa Barat,107.732879,-6.630442,9.8519
3213050005,Cikadu,Cijambe,Subang,3213,Jawa Barat,107.797894,-6.639139,19.5357
3213050004,Cimenteng,Cijambe,Subang,3213,Jawa Barat,107.827479,-6.65242,16.6569
3213050003,Cirangkong,Cijambe,Subang,3213,Jawa Barat,107.75887,-6.65238,15.7652
3213050001,Gunungtua,Cijambe,Subang,3213,Jawa Barat,107.727345,-6.616753,8.668
3213050006,Sukahurip,Cijambe,Subang,3213,Jawa Barat,107.776061,-6.600085,11.9737
3213050008,Tanjungwangi,Cijambe,Subang,3213,Jawa Barat,107.743641,-6.599328,7.2499
3213060009,Belendung,Cibogo,Subang,3213,Jawa Barat,107.790632,-6.548341,3.0053
3213060008,Cibalandongjaya,Cibogo,Subang,3213,Jawa Barat,107.836283,-6.629485,9.1807
3213060005,Cibogo,Cibogo,Subang,3213,Jawa Barat,107.815201,-6.555319,6.3969
3213060006,Cinangsi,Cibogo,Subang,3213,Jawa Barat,107.798349,-6.556653,2.4322
3213060010,Cisaga,Cibogo,Subang,3213,Jawa Barat,107.795431,-6.537324,2.8174
3213060007,Majasari,Cibogo,Subang,3213,Jawa Barat,107.813329,-6.542522,3.5504
3213060004,Padaasih,Cibogo,Subang,3213,Jawa Barat,107.844654,-6.548242,7.2599
3213060002,Sadawarna,Cibogo,Subang,3213,Jawa Barat,107.839933,-6.584615,11.5283
3213060003,Sumurbarang,Cibogo,Subang,3213,Jawa Barat,107.878584,-6.54881,12.5449
3213070005,Cigadung,Subang,Subang,3213,Jawa Barat,107.752599,-6.563177,3.979
3213070006,Dangdeur,Subang,Subang,3213,Jawa Barat,107.746881,-6.552035,10.6853
3213070004,Karanganyar,Subang,Subang,3213,Jawa Barat,107.774937,-6.562383,3.6025
3213070001,Parung,Subang,Subang,3213,Jawa Barat,107.724585,-6.59444,6.4614
3213070002,Pasirkareumbi,Subang,Subang,3213,Jawa Barat,107.761519,-6.578877,5.5123
3213070003,Soklat,Subang,Subang,3213,Jawa Barat,107.774056,-6.569649,2.2618
3213070007,Sukamelang,Subang,Subang,3213,Jawa Barat,107.776855,-6.538859,6.2697
3213070012,Wanareja,Subang,Subang,3213,Jawa Barat,107.814484,-6.589874,27.6199
3213080017,Banggalamulya,Kalijati,Subang,3213,Jawa Barat,107.60253,-6.570211,8.9571
3213080019,Caracas,Kalijati,Subang,3213,Jawa Barat,107.643937,-6.466933,6.5387
3213080020,Ciruluk,Kalijati,Subang,3213,Jawa Barat,107.712027,-6.493234,5.2864
3213080018,Jalupang,Kalijati,Subang,3213,Jawa Barat,107.629323,-6.557968,20.2591
3213080016,Kaliangsana,Kalijati,Subang,3213,Jawa Barat,107.692988,-6.513663,9.3759
3213080007,Kalijati Barat,Kalijati,Subang,3213,Jawa Barat,107.665506,-6.531568,7.5335
3213080008,Kalijati Timur,Kalijati,Subang,3213,Jawa Barat,107.688454,-6.530335,3.4481
3213080006,Marengmang,Kalijati,Subang,3213,Jawa Barat,107.655332,-6.498555,20.3164
3213080005,Tanggulun Barat,Kalijati,Subang,3213,Jawa Barat,107.646738,-6.548151,8.9322
3213080004,Tanggulun Timur,Kalijati,Subang,3213,Jawa Barat,107.659903,-6.559321,6.4355
3213081010,Batusari,Dawuan,Subang,3213,Jawa Barat,107.723547,-6.514474,4.3695
3213081003,Cisampih,Dawuan,Subang,3213,Jawa Barat,107.681586,-6.571926,16.3327
3213081008,Dawuan Kaler,Dawuan,Subang,3213,Jawa Barat,107.692687,-6.542129,3.1131
3213081007,Dawuan Kidul,Dawuan,Subang,3213,Jawa Barat,107.687055,-6.551516,5.6484
3213081001,Jambelaer,Dawuan,Subang,3213,Jawa Barat,107.66825,-6.60278,34.0976
3213081009,Manyeti,Dawuan,Subang,3213,Jawa Barat,107.707768,-6.53173,6.1287
3213081002,Margasari,Dawuan,Subang,3213,Jawa Barat,107.714415,-6.581197,10.9212
3213081006,Rawalele,Dawuan,Subang,3213,Jawa Barat,107.719259,-6.537878,4.56
3213081004,Situsari,Dawuan,Subang,3213,Jawa Barat,107.722855,-6.560316,3.0493
3213081005,Sukasari,Dawuan,Subang,3213,Jawa Barat,107.728597,-6.543799,2.8586
3213090003,Cimayasari,Cipeundeuy,Subang,3213,Jawa Barat,107.573184,-6.545445,23.8722
3213090005,Cipeundeuy,Cipeundeuy,Subang,3213,Jawa Barat,107.576523,-6.504305,10.0675
3213090008,Karangmukti,Cipeundeuy,Subang,3213,Jawa Barat,107.572766,-6.467894,21.1719
3213090009,Kosar,Cipeundeuy,Subang,3213,Jawa Barat,107.635332,-6.448647,5.9746
3213090004,Lengkong,Cipeundeuy,Subang,3213,Jawa Barat,107.616736,-6.519676,16.8177
3213090007,Sawangan,Cipeundeuy,Subang,3213,Jawa Barat,107.615545,-6.45918,11.7712
3213090006,Wantilan,Cipeundeuy,Subang,3213,Jawa Barat,107.609838,-6.495987,13.534
3213100011,Balebandung Jaya,Pabuaran,Subang,3213,Jawa Barat,107.534546,-6.434582,4.3228
3213100002,Cihambulu,Pabuaran,Subang,3213,Jawa Barat,107.551227,-6.42967,6.3392
3213100006,Kadawung,Pabuaran,Subang,3213,Jawa Barat,107.570599,-6.434596,11.8765
3213100008,Karanghegar,Pabuaran,Subang,3213,Jawa Barat,107.650249,-6.411609,10.4231
3213100004,Pabuaran,Pabuaran,Subang,3213,Jawa Barat,107.593961,-6.402525,11.4585
3213100007,Pringkasap,Pabuaran,Subang,3213,Jawa Barat,107.624983,-6.421105,10.3021
3213100005,Salamjaya,Pabuaran,Subang,3213,Jawa Barat,107.603904,-6.418379,13.8044
3213100003,Siluman,Pabuaran,Subang,3213,Jawa Barat,107.557105,-6.416679,6.0099
3213110005,Ciberes,Patokbeusi,Subang,3213,Jawa Barat,107.588519,-6.377399,6.2716
3213110006,Gempolsari,Patokbeusi,Subang,3213,Jawa Barat,107.613121,-6.368615,11.2257
3213110003,Jatiragas Hilir,Patokbeusi,Subang,3213,Jawa Barat,107.58022,-6.358186,10.8774
3213110010,Rancaasih,Patokbeusi,Subang,3213,Jawa Barat,107.701504,-6.370046,5.6167
3213110009,Rancabango,Patokbeusi,Subang,3213,Jawa Barat,107.677726,-6.377404,14.3708
3213110008,Rancajaya,Patokbeusi,Subang,3213,Jawa Barat,107.648806,-6.367155,15.6726
3213110007,Rancamulya,Patokbeusi,Subang,3213,Jawa Barat,107.629288,-6.383448,8.3653
3213110004,Tambakjati,Patokbeusi,Subang,3213,Jawa Barat,107.593196,-6.335913,13.8062
3213110002,Tanjungrasa,Patokbeusi,Subang,3213,Jawa Barat,107.561336,-6.384902,8.3549
3213110001,Tanjungrasa Kidul,Patokbeusi,Subang,3213,Jawa Barat,107.548875,-6.395412,7.635
3213120002,Belendung,Purwadadi,Subang,3213,Jawa Barat,107.680433,-6.469856,5.5685
3213120001,Koranji,Purwadadi,Subang,3213,Jawa Barat,107.669991,-6.449377,6.5696
3213120005,Pagon,Purwadadi,Subang,3213,Jawa Barat,107.709461,-6.473376,4.6011
3213120011,Panyingkiran,Purwadadi,Subang,3213,Jawa Barat,107.661983,-6.427638,6.8492
3213120006,Parapatan,Purwadadi,Subang,3213,Jawa Barat,107.716227,-6.450802,8.3907
3213120009,Pasirbungur,Purwadadi,Subang,3213,Jawa Barat,107.687045,-6.413952,21.5967
3213120008,Purwadadi Barat,Purwadadi,Subang,3213,Jawa Barat,107.68473,-6.451242,2.2816
3213120007,Purwadadi Timur,Purwadadi,Subang,3213,Jawa Barat,107.694902,-6.458514,2.8799
3213120010,Rancamahi,Purwadadi,Subang,3213,Jawa Barat,107.671188,-6.420527,7.3801
3213120003,Wanakerta,Purwadadi,Subang,3213,Jawa Barat,107.684611,-6.486704,9.4037
3213130004,Cikaum Barat,Cikaum,Subang,3213,Jawa Barat,107.732557,-6.433095,7.5993
3213130003,Cikaum Timur,Cikaum,Subang,3213,Jawa Barat,107.748951,-6.436189,5.1896
3213130006,Gandasari,Cikaum,Subang,3213,Jawa Barat,107.736078,-6.389555,6.2655
3213130001,Kaunganten,Cikaum,Subang,3213,Jawa Barat,107.731588,-6.494308,5.5107
3213130007,Mekarsari,Cikaum,Subang,3213,Jawa Barat,107.733673,-6.366422,13.801
3213130005,Pasirmuncang,Cikaum,Subang,3213,Jawa Barat,107.714875,-6.411816,13.1244
3213130002,Sindangsari,Cikaum,Subang,3213,Jawa Barat,107.732753,-6.467483,9.3297
3213130008,Tanjungsari Barat,Cikaum,Subang,3213,Jawa Barat,107.752533,-6.391029,10.9055
3213130009,Tanjungsari Timur,Cikaum,Subang,3213,Jawa Barat,107.768696,-6.38818,7.958
3213140014,Gambarsari,Pagaden,Subang,3213,Jawa Barat,107.79295,-6.439931,4.9559
3213140005,Gembor,Pagaden,Subang,3213,Jawa Barat,107.816553,-6.518254,8.6959
3213140006,Gunungsari,Pagaden,Subang,3213,Jawa Barat,107.803737,-6.498715,4.0116
3213140004,Gunungsembung,Pagaden,Subang,3213,Jawa Barat,107.791095,-6.508768,4.2622
3213140018,Jabong,Pagaden,Subang,3213,Jawa Barat,107.7768,-6.5212,6.2451
3213140017,Kamarung,Pagaden,Subang,3213,Jawa Barat,107.820114,-6.455475,2.025
3213140015,Neglasari,Pagaden,Subang,3213,Jawa Barat,107.804154,-6.442026,4.2388
3213140016,Pagaden,Pagaden,Subang,3213,Jawa Barat,107.81534,-6.445231,3.8925
3213140007,Sukamulya,Pagaden,Subang,3213,Jawa Barat,107.817965,-6.474263,5.6735
3213140013,Sumbersari,Pagaden,Subang,3213,Jawa Barat,107.773032,-6.438482,4.9267
3213141001,Balingbing,Pagaden Barat,Subang,3213,Jawa Barat,107.742995,-6.500926,5.8544
3213141007,Bendungan,Pagaden Barat,Subang,3213,Jawa Barat,107.756762,-6.470689,3.9787
3213141002,Cidadap,Pagaden Barat,Subang,3213,Jawa Barat,107.763647,-6.492284,5.6429
3213141003,Cidahu,Pagaden Barat,Subang,3213,Jawa Barat,107.749506,-6.527806,4.7921
3213141006,Margahayu,Pagaden Barat,Subang,3213,Jawa Barat,107.774684,-6.475929,3.8209
3213141008,Mekarwangi,Pagaden Barat,Subang,3213,Jawa Barat,107.759679,-6.44638,5.8442
3213141005,Munjul,Pagaden Barat,Subang,3213,Jawa Barat,107.775993,-6.461489,4.6872
3213141004,Pangsor,Pagaden Barat,Subang,3213,Jawa Barat,107.795658,-6.477343,9.0266
3213141009,Sumurgintung,Pagaden Barat,Subang,3213,Jawa Barat,107.77546,-6.503003,6.5448
3213150008,Jati,Cipunagara,Subang,3213,Jawa Barat,107.835508,-6.466153,6.0395
3213150009,Kosambi,Cipunagara,Subang,3213,Jawa Barat,107.858037,-6.443925,8.372
3213150006,Manyingsal,Cipunagara,Subang,3213,Jawa Barat,107.86739,-6.503056,13.3302
3213150007,Padamulya,Cipunagara,Subang,3213,Jawa Barat,107.829225,-6.490411,9.1074
3213150005,Parigimulya,Cipunagara,Subang,3213,Jawa Barat,107.858688,-6.473607,11.3246
3213150003,Sidajaya,Cipunagara,Subang,3213,Jawa Barat,107.90672,-6.510925,13.7585
3213150002,Sidamulya,Cipunagara,Subang,3213,Jawa Barat,107.885945,-6.528213,9.6118
3213150010,Simpar,Cipunagara,Subang,3213,Jawa Barat,107.844939,-6.432515,8.3016
3213150004,Tanjung,Cipunagara,Subang,3213,Jawa Barat,107.885965,-6.474541,12.0602
3213150001,Wanasari,Cipunagara,Subang,3213,Jawa Barat,107.84941,-6.526623,11.9291
3213160007,Compreng,Compreng,Subang,3213,Jawa Barat,107.883462,-6.354015,9.4722
3213160008,Jatimulya,Compreng,Subang,3213,Jawa Barat,107.836196,-6.374121,9.8848
3213160004,Jatireja,Compreng,Subang,3213,Jawa Barat,107.881958,-6.406082,6.6183
3213160006,Kalensari,Compreng,Subang,3213,Jawa Barat,107.907014,-6.351868,9.8106
3213160003,Kiarasari,Compreng,Subang,3213,Jawa Barat,107.881706,-6.437521,8.9011
3213160005,Mekarjaya,Compreng,Subang,3213,Jawa Barat,107.886113,-6.384843,9.0753
3213160001,Sukadana,Compreng,Subang,3213,Jawa Barat,107.849621,-6.399839,8.3848
3213160002,Sukatani,Compreng,Subang,3213,Jawa Barat,107.870139,-6.399088,7.5046
3213170006,Binong,Binong,Subang,3213,Jawa Barat,107.79785,-6.396269,6.0408
3213170002,Cicadas,Binong,Subang,3213,Jawa Barat,107.786988,-6.413599,4.9364
3213170005,Citrajaya,Binong,Subang,3213,Jawa Barat,107.814052,-6.400127,6.0077
3213170004,Karangsari,Binong,Subang,3213,Jawa Barat,107.827652,-6.425026,7.3658
3213170018,Karangwangi,Binong,Subang,3213,Jawa Barat,107.781529,-6.397262,4.0625
3213170007,Kediri,Binong,Subang,3213,Jawa Barat,107.789025,-6.382126,4.4164
3213170003,Kihiyang,Binong,Subang,3213,Jawa Barat,107.815431,-6.412612,5.9
3213170008,Mulyasari,Binong,Subang,3213,Jawa Barat,107.793763,-6.368408,9.7474
3213170001,Nangerang,Binong,Subang,3213,Jawa Barat,107.771824,-6.42382,5.8138
3213171008,Bojonegara,Tambakdahan,Subang,3213,Jawa Barat,107.86465,-6.353571,8.1121
3213171007,Bojongkeding,Tambakdahan,Subang,3213,Jawa Barat,107.845536,-6.357638,7.3677
3213171003,Gardumukti,Tambakdahan,Subang,3213,Jawa Barat,107.790442,-6.324785,7.9136
3213171005,Kertajaya,Tambakdahan,Subang,3213,Jawa Barat,107.811825,-6.338635,6.68
3213171004,Mariuk,Tambakdahan,Subang,3213,Jawa Barat,107.805153,-6.331157,6.3251
3213171009,Rancaudik,Tambakdahan,Subang,3213,Jawa Barat,107.833518,-6.337293,7.2158
3213171006,Tambakdahan,Tambakdahan,Subang,3213,Jawa Barat,107.814891,-6.358583,7.0494
3213171001,Tanjungrasa,Tambakdahan,Subang,3213,Jawa Barat,107.75449,-6.344424,6.8608
3213171002,Wanajaya,Tambakdahan,Subang,3213,Jawa Barat,107.767362,-6.335169,7.6314
3213180007,Ciasem Baru,Ciasem,Subang,3213,Jawa Barat,107.681385,-6.309747,10.2299
3213180008,Ciasem Girang,Ciasem,Subang,3213,Jawa Barat,107.653499,-6.313141,14.2736
3213180006,Ciasem Hilir,Ciasem,Subang,3213,Jawa Barat,107.706836,-6.307424,5.6194
3213180002,Ciasem Tengah,Ciasem,Subang,3213,Jawa Barat,107.691559,-6.337296,8.5245
3213180003,Dukuh,Ciasem,Subang,3213,Jawa Barat,107.71119,-6.340571,9.3535
3213180004,Jatibaru,Ciasem,Subang,3213,Jawa Barat,107.73457,-6.339356,7.3736
3213180010,Pinangsari,Ciasem,Subang,3213,Jawa Barat,107.602298,-6.293664,12.3318
3213180009,Sukahaji,Ciasem,Subang,3213,Jawa Barat,107.621828,-6.320503,23.6991
3213180001,Sukamandijaya,Ciasem,Subang,3213,Jawa Barat,107.66951,-6.346593,8.168
3213190014,Bongas,Pamanukan,Subang,3213,Jawa Barat,107.836544,-6.314371,3.6255
3213190009,Lengkongjaya,Pamanukan,Subang,3213,Jawa Barat,107.816255,-6.27372,2.025
3213190012,Mulyasari,Pamanukan,Subang,3213,Jawa Barat,107.832518,-6.288273,2.1466
3213190007,Pamanukan,Pamanukan,Subang,3213,Jawa Barat,107.810031,-6.286687,3.0214
3213190008,Pamanukan Hilir,Pamanukan,Subang,3213,Jawa Barat,107.797501,-6.27602,4.5382
3213190010,Pamanukan Sebrang,Pamanukan,Subang,3213,Jawa Barat,107.836324,-6.276582,3.3041
3213190013,Rancahilir,Pamanukan,Subang,3213,Jawa Barat,107.839527,-6.299563,4.0567
3213190006,Rancasari,Pamanukan,Subang,3213,Jawa Barat,107.813366,-6.303563,6.1078
3213191006,Anggasari,Sukasari,Subang,3213,Jawa Barat,107.753992,-6.256286,11.7805
3213191003,Batangsari,Sukasari,Subang,3213,Jawa Barat,107.752022,-6.27591,8.8326
3213191002,Curugreja,Sukasari,Subang,3213,Jawa Barat,107.753287,-6.319069,7.2638
3213191001,Mandalawangi,Sukasari,Subang,3213,Jawa Barat,107.725441,-6.309578,7.3319
3213191007,Sukamaju,Sukasari,Subang,3213,Jawa Barat,107.7433,-6.276076,7.4363
3213191005,Sukareja,Sukasari,Subang,3213,Jawa Barat,107.797267,-6.29722,7.0754
3213191004,Sukasari,Sukasari,Subang,3213,Jawa Barat,107.777835,-6.292686,6.9444
3213200010,Gempol,Pusakanagara,Subang,3213,Jawa Barat,107.879502,-6.266142,3.502
3213200011,Kalentambo,Pusakanagara,Subang,3213,Jawa Barat,107.904652,-6.262019,7.8739
3213200012,Kotasari,Pusakanagara,Subang,3213,Jawa Barat,107.856993,-6.289727,5.7398
3213200015,Mundusari,Pusakanagara,Subang,3213,Jawa Barat,107.85004,-6.278263,4.7812
3213200014,Patimban,Pusakanagara,Subang,3213,Jawa Barat,107.872875,-6.222587,26.8918
3213200009,Pusakaratu,Pusakanagara,Subang,3213,Jawa Barat,107.883537,-6.28387,4.6665
3213200013,Rancadaka,Pusakanagara,Subang,3213,Jawa Barat,107.862121,-6.253212,10.5345
3213201001,Bojong Tengah,Pusakajaya,Subang,3213,Jawa Barat,107.860158,-6.320136,7.4029
3213201002,Bojongjaya,Pusakajaya,Subang,3213,Jawa Barat,107.881772,-6.325113,6.5555
3213201003,Cigugur,Pusakajaya,Subang,3213,Jawa Barat,107.8901,-6.334693,5.2172
3213201004,Cigugur Kaler,Pusakajaya,Subang,3213,Jawa Barat,107.904029,-6.32137,5.3148
3213201006,Karanganyar,Pusakajaya,Subang,3213,Jawa Barat,107.916968,-6.294041,6.6987
3213201007,Kebondanas,Pusakajaya,Subang,3213,Jawa Barat,107.905312,-6.287318,6.7948
3213201008,Pusakajaya,Pusakajaya,Subang,3213,Jawa Barat,107.876863,-6.299044,6.334
3213201005,Rangdu,Pusakajaya,Subang,3213,Jawa Barat,107.918871,-6.324556,4.9656
3213210007,Bobos,Legonkulon,Subang,3213,Jawa Barat,107.827973,-6.251019,7.0184
3213210008,Karangmulya,Legonkulon,Subang,3213,Jawa Barat,107.825703,-6.26271,4.8463
3213210005,Legonkulon,Legonkulon,Subang,3213,Jawa Barat,107.801063,-6.240086,5.7371
3213210004,Legonwetan,Legonkulon,Subang,3213,Jawa Barat,107.804671,-6.216623,7.9852
3213210003,Mayangan,Legonkulon,Subang,3213,Jawa Barat,107.77736,-6.220523,5.8262
3213210006,Pangarengan,Legonkulon,Subang,3213,Jawa Barat,107.838022,-6.216043,24.5795
3213210002,Tegalurung,Legonkulon,Subang,3213,Jawa Barat,107.77678,-6.24603,22.1026
3213220006,Blanakan,Blanakan,Subang,3213,Jawa Barat,107.664907,-6.266219,11.8913
3213220002,Cilamaya Girang,Blanakan,Subang,3213,Jawa Barat,107.603936,-6.248068,8.1859
3213220001,Cilamaya Hilir,Blanakan,Subang,3213,Jawa Barat,107.591359,-6.260731,3.3202
3213220005,Jayamukti,Blanakan,Subang,3213,Jawa Barat,107.643377,-6.263389,19.2405
3213220007,Langensari,Blanakan,Subang,3213,Jawa Barat,107.683746,-6.264403,10.5791
3213220008,Muara,Blanakan,Subang,3213,Jawa Barat,107.700408,-6.2625,14.2921
3213220003,Rawamekar,Blanakan,Subang,3213,Jawa Barat,107.626531,-6.282769,10.5458
3213220004,Rawameneng,Blanakan,Subang,3213,Jawa Barat,107.615614,-6.244925,10.2605
3213220009,Tanjungtiga,Blanakan,Subang,3213,Jawa Barat,107.722508,-6.261936,21.5332
3214010018,Bunder,Jatiluhur,Purwakarta,3214,Jawa Barat,107.430183,-6.55456,3.4542
3214010011,Cibinong,Jatiluhur,Purwakarta,3214,Jawa Barat,107.411813,-6.571859,4.9113
3214010007,Cikaobandung,Jatiluhur,Purwakarta,3214,Jawa Barat,107.405863,-6.513807,4.0489
3214010009,Cilegong,Jatiluhur,Purwakarta,3214,Jawa Barat,107.419067,-6.53737,2.4014
3214010016,Cisalada,Jatiluhur,Purwakarta,3214,Jawa Barat,107.443332,-6.581347,2.4756
3214010008,Jatiluhur,Jatiluhur,Purwakarta,3214,Jawa Barat,107.41599,-6.528795,4.2534
3214010006,Jatimekar,Jatiluhur,Purwakarta,3214,Jawa Barat,107.395771,-6.52397,2.7863
3214010010,Kembangkuning,Jatiluhur,Purwakarta,3214,Jawa Barat,107.416196,-6.54968,4.9912
3214010017,Mekargalih,Jatiluhur,Purwakarta,3214,Jawa Barat,107.429634,-6.570115,3.3696
3214010015,Parakanlima,Jatiluhur,Purwakarta,3214,Jawa Barat,107.447448,-6.606045,8.388
3214011003,Ciririp,Sukasari,Purwakarta,3214,Jawa Barat,107.262,-6.579283,20.8297
3214011004,Kertamanah,Sukasari,Purwakarta,3214,Jawa Barat,107.280684,-6.5406,15.8153
3214011005,Kutamanah,Sukasari,Purwakarta,3214,Jawa Barat,107.373898,-6.506069,24.0082
3214011001,Parungbanteng,Sukasari,Purwakarta,3214,Jawa Barat,107.26415,-6.622223,17.332
3214011002,Sukasari,Sukasari,Purwakarta,3214,Jawa Barat,107.274862,-6.606459,11.4358
3214020004,Cijati,Maniis,Purwakarta,3214,Jawa Barat,107.318802,-6.680896,4.0514
3214020007,Ciramahilir,Maniis,Purwakarta,3214,Jawa Barat,107.264341,-6.681845,6.1007
3214020003,Citamiang,Maniis,Purwakarta,3214,Jawa Barat,107.362187,-6.692692,9.6435
3214020005,Gunungkarung,Maniis,Purwakarta,3214,Jawa Barat,107.298214,-6.673205,9.861
3214020006,Pasirjambu,Maniis,Purwakarta,3214,Jawa Barat,107.281377,-6.69189,6.2196
3214020002,Sinargalih,Maniis,Purwakarta,3214,Jawa Barat,107.315362,-6.707595,3.8685
3214020008,Sukamukti,Maniis,Purwakarta,3214,Jawa Barat,107.282424,-6.657063,12.367
3214020001,Tegaldatar,Maniis,Purwakarta,3214,Jawa Barat,107.300003,-6.704617,4.0241
3214030006,Batutumpang,Tegal Waru,Purwakarta,3214,Jawa Barat,107.352618,-6.63569,2.7179
3214030004,Cadasmekar,Tegal Waru,Purwakarta,3214,Jawa Barat,107.356454,-6.662697,1.8581
3214030003,Cadassari,Tegal Waru,Purwakarta,3214,Jawa Barat,107.354457,-6.673522,2.669
3214030011,Cisarua,Tegal Waru,Purwakarta,3214,Jawa Barat,107.320851,-6.605925,10.9946
3214030005,Citalang,Tegal Waru,Purwakarta,3214,Jawa Barat,107.354166,-6.65004,2.7314
3214030010,Galumpit,Tegal Waru,Purwakarta,3214,Jawa Barat,107.315963,-6.637002,8.9928
3214030002,Karoya,Tegal Waru,Purwakarta,3214,Jawa Barat,107.339264,-6.66696,4.3845
3214030013,Pasanggrahan,Tegal Waru,Purwakarta,3214,Jawa Barat,107.32934,-6.586692,6.7861
3214030001,Sukahaji,Tegal Waru,Purwakarta,3214,Jawa Barat,107.321269,-6.6635,3.2372
3214030012,Sukamulya,Tegal Waru,Purwakarta,3214,Jawa Barat,107.353679,-6.60326,10.651
3214030008,Tegalsari,Tegal Waru,Purwakarta,3214,Jawa Barat,107.334981,-6.63915,4.8864
3214030007,Tegalwaru,Tegal Waru,Purwakarta,3214,Jawa Barat,107.343877,-6.643625,1.9536
3214030009,Warungjeruk,Tegal Waru,Purwakarta,3214,Jawa Barat,107.328229,-6.64501,3.013
3214040014,Anjun,Plered,Purwakarta,3214,Jawa Barat,107.396732,-6.633324,0.9613
3214040006,Babakan Sari,Plered,Purwakarta,3214,Jawa Barat,107.394565,-6.63943,0.4948
3214040015,Cibogo Girang,Plered,Purwakarta,3214,Jawa Barat,107.39059,-6.66434,2.6389
3214040004,Cibogohilir,Plered,Purwakarta,3214,Jawa Barat,107.389287,-6.65262,2.0513
3214040009,Citeko,Plered,Purwakarta,3214,Jawa Barat,107.369779,-6.65038,2.4009
3214040010,Citekokaler,Plered,Purwakarta,3214,Jawa Barat,107.373915,-6.639041,0.7695
3214040003,Gandamekar,Plered,Purwakarta,3214,Jawa Barat,107.380387,-6.666028,1.2787
3214040002,Gandasoli,Plered,Purwakarta,3214,Jawa Barat,107.368839,-6.673832,2.7863
3214040011,Linggarsari,Plered,Purwakarta,3214,Jawa Barat,107.377567,-6.633478,2.4091
3214040013,Liunggunung,Plered,Purwakarta,3214,Jawa Barat,107.386089,-6.625189,4.7509
3214040005,Palinggihan,Plered,Purwakarta,3214,Jawa Barat,107.397254,-6.643626,0.8833
3214040012,Pamoyanan,Plered,Purwakarta,3214,Jawa Barat,107.361727,-6.629603,4.9842
3214040007,Plered,Plered,Purwakarta,3214,Jawa Barat,107.389438,-6.642225,0.4554
3214040001,Rawasari,Plered,Purwakarta,3214,Jawa Barat,107.3675,-6.662413,1.4887
3214040016,Sempur,Plered,Purwakarta,3214,Jawa Barat,107.400556,-6.667029,1.7753
3214040008,Sindangsari,Plered,Purwakarta,3214,Jawa Barat,107.38176,-6.64644,0.8842
3214050002,Cianting,Sukatani,Purwakarta,3214,Jawa Barat,107.427758,-6.646044,6.9198
3214050005,Cianting Utara,Sukatani,Purwakarta,3214,Jawa Barat,107.403665,-6.628436,0.9139
3214050004,Cibodas,Sukatani,Purwakarta,3214,Jawa Barat,107.418201,-6.626925,3.2583
3214050015,Cijantung,Sukatani,Purwakarta,3214,Jawa Barat,107.427415,-6.584684,2.6334
3214050008,Cilalawi,Sukatani,Purwakarta,3214,Jawa Barat,107.395576,-6.616547,1.7441
3214050010,Cipicung,Sukatani,Purwakarta,3214,Jawa Barat,107.376772,-6.607795,3.6012
3214050007,Malangnengah,Sukatani,Purwakarta,3214,Jawa Barat,107.40444,-6.60658,2.3427
3214050013,Panyindangan,Sukatani,Purwakarta,3214,Jawa Barat,107.338196,-6.561633,17.4123
3214050003,Pasirmunjul,Sukatani,Purwakarta,3214,Jawa Barat,107.437024,-6.636059,5.9542
3214050012,Sindanglaya,Sukatani,Purwakarta,3214,Jawa Barat,107.369321,-6.578031,7.4165
3214050014,Sukajaya,Sukatani,Purwakarta,3214,Jawa Barat,107.425093,-6.601835,5.2067
3214050009,Sukamaju,Sukatani,Purwakarta,3214,Jawa Barat,107.393279,-6.60453,2.2389
3214050006,Sukatani,Sukatani,Purwakarta,3214,Jawa Barat,107.419228,-6.61242,7.6922
3214050011,Tajursindang,Sukatani,Purwakarta,3214,Jawa Barat,107.386968,-6.577468,12.0738
3214060016,Cilingga,Darangdan,Purwakarta,3214,Jawa Barat,107.463016,-6.674845,6.4102
3214060013,Darangdan,Darangdan,Purwakarta,3214,Jawa Barat,107.429413,-6.676975,2.6428
3214060007,Depok,Darangdan,Purwakarta,3214,Jawa Barat,107.403422,-6.685015,3.6147
3214060012,Gununghejo,Darangdan,Purwakarta,3214,Jawa Barat,107.415224,-6.665984,5.8305
3214060008,Legoksari,Darangdan,Purwakarta,3214,Jawa Barat,107.391165,-6.683487,2.0422
3214060015,Linggamukti,Darangdan,Purwakarta,3214,Jawa Barat,107.452629,-6.670627,4.8251
3214060004,Linggasari,Darangdan,Purwakarta,3214,Jawa Barat,107.463368,-6.69702,3.211
3214060009,Mekarsari,Darangdan,Purwakarta,3214,Jawa Barat,107.380324,-6.681566,2.8464
3214060017,Nagrak,Darangdan,Purwakarta,3214,Jawa Barat,107.409811,-6.650917,4.5353
3214060002,Nangewer,Darangdan,Purwakarta,3214,Jawa Barat,107.478244,-6.716552,5.3884
3214060003,Neglasari,Darangdan,Purwakarta,3214,Jawa Barat,107.480672,-6.697872,3.8955
3214060001,Pasirangin,Darangdan,Purwakarta,3214,Jawa Barat,107.516876,-6.742987,5.3048
3214060014,Sadarkarya,Darangdan,Purwakarta,3214,Jawa Barat,107.44044,-6.67723,5.2503
3214060005,Sawit,Darangdan,Purwakarta,3214,Jawa Barat,107.440472,-6.69462,2.8934
3214060006,Sirnamanah,Darangdan,Purwakarta,3214,Jawa Barat,107.419427,-6.689305,3.1258
3214070006,Bojong Barat,Bojong,Purwakarta,3214,Jawa Barat,107.50595,-6.706275,1.2878
3214070002,Bojong Timur,Bojong,Purwakarta,3214,Jawa Barat,107.526034,-6.741905,9.4818
3214070001,Cibingbin,Bojong,Purwakarta,3214,Jawa Barat,107.506505,-6.72256,3.5903
3214070004,Cihanjawar,Bojong,Purwakarta,3214,Jawa Barat,107.555186,-6.736946,11.8815
3214070005,Cikeris,Bojong,Purwakarta,3214,Jawa Barat,107.525008,-6.706771,2.0263
3214070013,Cileunca,Bojong,Purwakarta,3214,Jawa Barat,107.485831,-6.678142,2.0259
3214070012,Cipeundeuy,Bojong,Purwakarta,3214,Jawa Barat,107.498659,-6.670165,6.7493
3214070014,Kertasari,Bojong,Purwakarta,3214,Jawa Barat,107.482429,-6.656055,13.8645
3214070007,Pangkalan,Bojong,Purwakarta,3214,Jawa Barat,107.49533,-6.714892,2.1138
3214070003,Pasanggrahan,Bojong,Purwakarta,3214,Jawa Barat,107.540151,-6.74381,9.0677
3214070009,Pawenang,Bojong,Purwakarta,3214,Jawa Barat,107.51512,-6.699895,2.9297
3214070011,Sindangpanon,Bojong,Purwakarta,3214,Jawa Barat,107.515358,-6.676,8.1209
3214070010,Sindangsari,Bojong,Purwakarta,3214,Jawa Barat,107.527791,-6.680015,3.0739
3214070008,Sukamanah,Bojong,Purwakarta,3214,Jawa Barat,107.499668,-6.697194,2.4085
3214080009,Babakan,Wanayasa,Purwakarta,3214,Jawa Barat,107.576959,-6.69973,7.1474
3214080018,Ciawi,Wanayasa,Purwakarta,3214,Jawa Barat,107.52833,-6.653625,2.8311
3214080005,Cibuntu,Wanayasa,Purwakarta,3214,Jawa Barat,107.555851,-6.710035,3.9174
3214080017,Legokhuni,Wanayasa,Purwakarta,3214,Jawa Barat,107.53863,-6.65506,2.7931
3214080004,Nagrog,Wanayasa,Purwakarta,3214,Jawa Barat,107.551801,-6.71334,3.7987
3214080001,Nangerang,Wanayasa,Purwakarta,3214,Jawa Barat,107.532293,-6.692995,1.9372
3214080007,Raharja,Wanayasa,Purwakarta,3214,Jawa Barat,107.546854,-6.68208,1.9627
3214080003,Sakambang,Wanayasa,Purwakarta,3214,Jawa Barat,107.537984,-6.709175,1.6481
3214080002,Simpang,Wanayasa,Purwakarta,3214,Jawa Barat,107.538613,-6.68126,2.1537
3214080019,Sukadami,Wanayasa,Purwakarta,3214,Jawa Barat,107.519531,-6.63922,1.9449
3214080006,Sumurugul,Wanayasa,Purwakarta,3214,Jawa Barat,107.561512,-6.710345,2.9281
3214080021,Taringgul Tengah,Wanayasa,Purwakarta,3214,Jawa Barat,107.520437,-6.60848,9.3045
3214080020,Taringgul Tonggoh,Wanayasa,Purwakarta,3214,Jawa Barat,107.532396,-6.61902,5.1512
3214080016,Wanasari,Wanayasa,Purwakarta,3214,Jawa Barat,107.548079,-6.67052,1.8536
3214080008,Wanayasa,Wanayasa,Purwakarta,3214,Jawa Barat,107.569166,-6.70399,6.787
3214081005,Cibeber,Kiarapedes,Purwakarta,3214,Jawa Barat,107.569978,-6.665175,3.8883
3214081003,Ciracas,Kiarapedes,Purwakarta,3214,Jawa Barat,107.584321,-6.65246,2.9277
3214081009,Gardu,Kiarapedes,Purwakarta,3214,Jawa Barat,107.547362,-6.640485,1.095
3214081004,Kiarapedes,Kiarapedes,Purwakarta,3214,Jawa Barat,107.570941,-6.644735,6.0994
3214081008,Margaluyu,Kiarapedes,Purwakarta,3214,Jawa Barat,107.555063,-6.613805,18.9443
3214081007,Mekarjaya,Kiarapedes,Purwakarta,3214,Jawa Barat,107.575674,-6.606451,10.4032
3214081002,Parakan Garokgek,Kiarapedes,Purwakarta,3214,Jawa Barat,107.591595,-6.663086,3.9972
3214081001,Pusakamulya,Kiarapedes,Purwakarta,3214,Jawa Barat,107.582349,-6.689963,7.1748
3214081006,Sumbersari,Kiarapedes,Purwakarta,3214,Jawa Barat,107.553943,-6.66065,1.6564
3214081010,Taringgul Landeuh,Kiarapedes,Purwakarta,3214,Jawa Barat,107.544249,-6.630765,4.2218
3214090010,Cidahu,Pasawahan,Purwakarta,3214,Jawa Barat,107.453539,-6.58717,1.326
3214090009,Ciherang,Pasawahan,Purwakarta,3214,Jawa Barat,107.456656,-6.598805,1.7179
3214090016,Cihuni,Pasawahan,Purwakarta,3214,Jawa Barat,107.464132,-6.566707,0.6316
3214090014,Kertajaya,Pasawahan,Purwakarta,3214,Jawa Barat,107.455006,-6.575123,1.5825
3214090015,Lebakanyar,Pasawahan,Purwakarta,3214,Jawa Barat,107.465136,-6.573037,0.847
3214090019,Margasari,Pasawahan,Purwakarta,3214,Jawa Barat,107.506613,-6.57317,5.4634
3214090020,Pasawahan,Pasawahan,Purwakarta,3214,Jawa Barat,107.475312,-6.58249,7.7016
3214090011,Pasawahan Anyar,Pasawahan,Purwakarta,3214,Jawa Barat,107.463473,-6.594469,0.8648
3214090012,Pasawahankidul,Pasawahan,Purwakarta,3214,Jawa Barat,107.481583,-6.58773,2.6379
3214090013,Sawah Kulon,Pasawahan,Purwakarta,3214,Jawa Barat,107.462499,-6.584605,1.379
3214090018,Selaawi,Pasawahan,Purwakarta,3214,Jawa Barat,107.479578,-6.552225,6.1685
3214090017,Warungkadu,Pasawahan,Purwakarta,3214,Jawa Barat,107.466476,-6.558265,1.537
3214091001,Bungur Jaya,Pondok Salam,Purwakarta,3214,Jawa Barat,107.519008,-6.656565,1.6306
3214091004,Galudra,Pondok Salam,Purwakarta,3214,Jawa Barat,107.491415,-6.6295,2.8015
3214091011,Gurudug,Pondok Salam,Purwakarta,3214,Jawa Barat,107.514325,-6.58427,4.4267
3214091009,Parakansalam,Pondok Salam,Purwakarta,3214,Jawa Barat,107.50003,-6.60314,4.7725
3214091002,Pondokbungur,Pondok Salam,Purwakarta,3214,Jawa Barat,107.506443,-6.65353,3.167
3214091007,Salam Jaya,Pondok Salam,Purwakarta,3214,Jawa Barat,107.483027,-6.605795,1.2429
3214091010,Salam Mulya,Pondok Salam,Purwakarta,3214,Jawa Barat,107.501458,-6.615035,3.3814
3214091003,Salem,Pondok Salam,Purwakarta,3214,Jawa Barat,107.505329,-6.63215,2.898
3214091008,Situ,Pondok Salam,Purwakarta,3214,Jawa Barat,107.47008,-6.60075,1.9728
3214091005,Sukajadi,Pondok Salam,Purwakarta,3214,Jawa Barat,107.462646,-6.63284,8.8835
3214091006,Tanjungsari,Pondok Salam,Purwakarta,3214,Jawa Barat,107.480522,-6.614785,4.0178
3214100008,Cipaisan,Purwakarta,Purwakarta,3214,Jawa Barat,107.434991,-6.5501,1.3671
3214100013,Ciseureuh,Purwakarta,Purwakarta,3214,Jawa Barat,107.461758,-6.51916,4.9482
3214100011,Citalang,Purwakarta,Purwakarta,3214,Jawa Barat,107.46564,-6.54403,3.0728
3214100012,Munjuljaya,Purwakarta,Purwakarta,3214,Jawa Barat,107.478005,-6.533015,3.5562
3214100009,Nageri Kaler,Purwakarta,Purwakarta,3214,Jawa Barat,107.445348,-6.53685,1.9509
3214100006,Nageri Kidul,Purwakarta,Purwakarta,3214,Jawa Barat,107.451379,-6.560277,2.3523
3214100007,Nageri Tengah,Purwakarta,Purwakarta,3214,Jawa Barat,107.444963,-6.550845,1.5598
3214100016,Purwamekar,Purwakarta,Purwakarta,3214,Jawa Barat,107.4347,-6.535427,1.7945
3214100005,Sindangkasih,Purwakarta,Purwakarta,3214,Jawa Barat,107.444632,-6.56619,1.8486
3214100010,Tegalmunjul,Purwakarta,Purwakarta,3214,Jawa Barat,107.452747,-6.543339,1.8415
3214101005,Babakancikao,Babakancikao,Purwakarta,3214,Jawa Barat,107.427263,-6.509535,2.7208
3214101008,Cicadas,Babakancikao,Purwakarta,3214,Jawa Barat,107.408909,-6.484755,8.7995
3214101004,Cigelam,Babakancikao,Purwakarta,3214,Jawa Barat,107.437848,-6.4778,14.2463
3214101009,Cilangkap,Babakancikao,Purwakarta,3214,Jawa Barat,107.388901,-6.47932,5.7464
3214101002,Ciwareng,Babakancikao,Purwakarta,3214,Jawa Barat,107.441101,-6.521545,2.4764
3214101007,Hegarmanah,Babakancikao,Purwakarta,3214,Jawa Barat,107.420211,-6.49751,5.3659
3214101006,Kadumekar,Babakancikao,Purwakarta,3214,Jawa Barat,107.42112,-6.51664,1.7929
3214101001,Maracang,Babakancikao,Purwakarta,3214,Jawa Barat,107.431524,-6.521715,1.4403
3214101003,Mulyamekar,Babakancikao,Purwakarta,3214,Jawa Barat,107.448204,-6.504395,5.5948
3214110010,Benteng,Campaka,Purwakarta,3214,Jawa Barat,107.496774,-6.51907,5.1466
3214110011,Campaka,Campaka,Purwakarta,3214,Jawa Barat,107.48069,-6.50553,2.4701
3214110012,Campakasari,Campaka,Purwakarta,3214,Jawa Barat,107.480456,-6.518195,1.8937
3214110027,Cijaya,Campaka,Purwakarta,3214,Jawa Barat,107.505261,-6.49261,3.531
3214110023,Cijunti,Campaka,Purwakarta,3214,Jawa Barat,107.520172,-6.43303,4.2989
3214110026,Cikumpay,Campaka,Purwakarta,3214,Jawa Barat,107.492306,-6.486825,8.3647
3214110025,Cimahi,Campaka,Purwakarta,3214,Jawa Barat,107.511635,-6.461055,6.8836
3214110001,Cirende,Campaka,Purwakarta,3214,Jawa Barat,107.500062,-6.54056,8.3817
3214110024,Cisaat,Campaka,Purwakarta,3214,Jawa Barat,107.528226,-6.454942,6.2893
3214110028,Kertamukti,Campaka,Purwakarta,3214,Jawa Barat,107.525407,-6.475955,9.1463
3214111009,Cibatu,Cibatu,Purwakarta,3214,Jawa Barat,107.53311,-6.50166,3.181
3214111003,Cibukamanah,Cibatu,Purwakarta,3214,Jawa Barat,107.525887,-6.54864,10.4759
3214111002,Cikadu,Cibatu,Purwakarta,3214,Jawa Barat,107.549312,-6.536621,7.3263
3214111010,Cilandak,Cibatu,Purwakarta,3214,Jawa Barat,107.522927,-6.502465,3.9904
3214111005,Cipancur,Cibatu,Purwakarta,3214,Jawa Barat,107.542135,-6.52115,4.0502
3214111007,Ciparungsari,Cibatu,Purwakarta,3214,Jawa Barat,107.556998,-6.486796,3.5801
3214111006,Cipinang,Cibatu,Purwakarta,3214,Jawa Barat,107.554065,-6.509244,2.5618
3214111004,Cirangkong,Cibatu,Purwakarta,3214,Jawa Barat,107.521072,-6.51801,7.3806
3214111008,Karyamekar,Cibatu,Purwakarta,3214,Jawa Barat,107.54817,-6.486664,3.8359
3214111001,Wanawali,Cibatu,Purwakarta,3214,Jawa Barat,107.538271,-6.568032,13.3538
3214112003,Bungursari,Bungursari,Purwakarta,3214,Jawa Barat,107.477891,-6.482135,2.9924
3214112002,Cibening,Bungursari,Purwakarta,3214,Jawa Barat,107.47263,-6.48977,4.3008
3214112010,Cibodas,Bungursari,Purwakarta,3214,Jawa Barat,107.504893,-6.420157,3.596
3214112004,Cibungur,Bungursari,Purwakarta,3214,Jawa Barat,107.470451,-6.467245,4.5883
3214112008,Cikopo,Bungursari,Purwakarta,3214,Jawa Barat,107.488217,-6.43678,7.615
3214112007,Cinangka,Bungursari,Purwakarta,3214,Jawa Barat,107.468539,-6.435375,3.6416
3214112001,Ciwangi,Bungursari,Purwakarta,3214,Jawa Barat,107.466676,-6.50777,2.134
3214112005,Dangdeur,Bungursari,Purwakarta,3214,Jawa Barat,107.455129,-6.465275,8.7853
3214112009,Karangmukti,Bungursari,Purwakarta,3214,Jawa Barat,107.506513,-6.433635,3.5541
3214112006,Wanakerta,Bungursari,Purwakarta,3214,Jawa Barat,107.470589,-6.4554,5.0945
3214888888,Waduk Jatiluhur,Waduk Jatiluhur,Purwakarta,3214,Jawa Barat,107.300959,-6.57276,70.461
3215010012,Cintaasih,Pangkalan,Karawang,3215,Jawa Barat,107.216373,-6.502849,2.1843
3215010015,Ciptasari,Pangkalan,Karawang,3215,Jawa Barat,107.226794,-6.466495,8.383
3215010014,Jatilaksana,Pangkalan,Karawang,3215,Jawa Barat,107.224393,-6.4857,4.653
3215010011,Kertasari,Pangkalan,Karawang,3215,Jawa Barat,107.192733,-6.50085,10.6843
3215010001,Medalsari,Pangkalan,Karawang,3215,Jawa Barat,107.180568,-6.529344,11.1529
3215010013,Mulangsari,Pangkalan,Karawang,3215,Jawa Barat,107.195938,-6.477195,9.4943
3215010017,Tamanmekar,Pangkalan,Karawang,3215,Jawa Barat,107.252648,-6.42382,19.914
3215010016,Tamansari,Pangkalan,Karawang,3215,Jawa Barat,107.226051,-6.439168,31.9094
3215011002,Cigunungsari,Tegalwaru,Karawang,3215,Jawa Barat,107.206698,-6.539095,8.8521
3215011005,Cintalaksana,Tegalwaru,Karawang,3215,Jawa Barat,107.2469,-6.53334,9.6191
3215011007,Cintalanggeng,Tegalwaru,Karawang,3215,Jawa Barat,107.233255,-6.505055,5.4736
3215011006,Cintawargi,Tegalwaru,Karawang,3215,Jawa Barat,107.255951,-6.51996,5.4021
3215011001,Cipurwasari,Tegalwaru,Karawang,3215,Jawa Barat,107.197253,-6.53822,5.9269
3215011009,Kutalanggeng,Tegalwaru,Karawang,3215,Jawa Barat,107.251074,-6.481,21.4433
3215011008,Kutamaneuh,Tegalwaru,Karawang,3215,Jawa Barat,107.27234,-6.503277,20.4723
3215011003,Mekarbuana,Tegalwaru,Karawang,3215,Jawa Barat,107.245011,-6.558399,18.6302
3215011004,Wargasetra,Tegalwaru,Karawang,3215,Jawa Barat,107.221153,-6.53818,11.5349
3215020006,Kutamekar,Ciampel,Karawang,3215,Jawa Barat,107.333201,-6.380215,8.248
3215020004,Kutanegara,Ciampel,Karawang,3215,Jawa Barat,107.329006,-6.40992,21.1454
3215020005,Kutapohaci,Ciampel,Karawang,3215,Jawa Barat,107.359636,-6.39858,6.8823
3215020003,Mulyasari,Ciampel,Karawang,3215,Jawa Barat,107.360943,-6.427275,9.5084
3215020002,Mulyasejati,Ciampel,Karawang,3215,Jawa Barat,107.336095,-6.46347,41.9726
3215020007,Parungmulya,Ciampel,Karawang,3215,Jawa Barat,107.302369,-6.38946,20.7043
3215020001,Tegalega,Ciampel,Karawang,3215,Jawa Barat,107.361268,-6.485055,9.6205
3215031002,Pinayungan,Telukjambe Timur,Karawang,3215,Jawa Barat,107.311078,-6.34864,4.022
3215031009,Purwadana,Telukjambe Timur,Karawang,3215,Jawa Barat,107.272192,-6.29058,5.3758
3215031004,Puseurjaya,Telukjambe Timur,Karawang,3215,Jawa Barat,107.285245,-6.36484,10.0049
3215031001,Sirnabaya,Telukjambe Timur,Karawang,3215,Jawa Barat,107.29866,-6.35515,7.4156
3215031006,Sukaharja,Telukjambe Timur,Karawang,3215,Jawa Barat,107.289899,-6.321074,2.7275
3215031005,Sukaluyu,Telukjambe Timur,Karawang,3215,Jawa Barat,107.28127,-6.347535,5.418
3215031008,Sukamakmur,Telukjambe Timur,Karawang,3215,Jawa Barat,107.275178,-6.305356,2.1887
3215031003,Telukjambe,Telukjambe Timur,Karawang,3215,Jawa Barat,107.321723,-6.340589,3.5657
3215031007,Wadas,Telukjambe Timur,Karawang,3215,Jawa Barat,107.276856,-6.330166,3.8309
3215032006,Karangligar,Telukjambe Barat,Karawang,3215,Jawa Barat,107.255736,-6.324098,7.2817
3215032007,Karangmulya,Telukjambe Barat,Karawang,3215,Jawa Barat,107.242693,-6.334065,4.4177
3215032005,Margakaya,Telukjambe Barat,Karawang,3215,Jawa Barat,107.268605,-6.36841,11.4029
3215032004,Margamulya,Telukjambe Barat,Karawang,3215,Jawa Barat,107.250453,-6.377855,13.7128
3215032009,Mekarmulya,Telukjambe Barat,Karawang,3215,Jawa Barat,107.235614,-6.3115,4.2496
3215032008,Mulyajaya,Telukjambe Barat,Karawang,3215,Jawa Barat,107.227753,-6.332483,4.5674
3215032010,Parungsari,Telukjambe Barat,Karawang,3215,Jawa Barat,107.254523,-6.297512,4.2512
3215032001,Wanajaya,Telukjambe Barat,Karawang,3215,Jawa Barat,107.236449,-6.400156,9.3504
3215032002,Wanakerta,Telukjambe Barat,Karawang,3215,Jawa Barat,107.224074,-6.374633,6.5561
3215032003,Wanasari,Telukjambe Barat,Karawang,3215,Jawa Barat,107.231891,-6.358265,8.5007
3215040008,Anggadita,Klari,Karawang,3215,Jawa Barat,107.336499,-6.3498,4.9123
3215040016,Belendung,Klari,Karawang,3215,Jawa Barat,107.38922,-6.338797,6.9543
3215040012,Cibalongsari,Klari,Karawang,3215,Jawa Barat,107.370476,-6.350735,4.7027
3215040003,Cimahi,Klari,Karawang,3215,Jawa Barat,107.382959,-6.412049,7.0594
3215040002,Curug,Klari,Karawang,3215,Jawa Barat,107.382456,-6.441685,7.897
3215040013,Duren,Klari,Karawang,3215,Jawa Barat,107.371309,-6.367775,3.1326
3215040007,Gintungkerta,Klari,Karawang,3215,Jawa Barat,107.345913,-6.3598,4.1738
3215040001,Karanganyar,Klari,Karawang,3215,Jawa Barat,107.405575,-6.44547,18.6879
3215040006,Kiarapayung,Klari,Karawang,3215,Jawa Barat,107.353707,-6.37659,2.4149
3215040011,Klari,Klari,Karawang,3215,Jawa Barat,107.357619,-6.348485,3.3379
3215040014,Pancawati,Klari,Karawang,3215,Jawa Barat,107.383506,-6.368515,4.3463
3215040004,Sumurkondang,Klari,Karawang,3215,Jawa Barat,107.382191,-6.39055,2.8917
3215040005,Walahar,Klari,Karawang,3215,Jawa Barat,107.367756,-6.381943,3.1193
3215050011,Cikampek Barat,Cikampek,Karawang,3215,Jawa Barat,107.45634,-6.395718,2.1651
3215050009,Cikampek Kota,Cikampek,Karawang,3215,Jawa Barat,107.459986,-6.407,0.6774
3215050007,Cikampek Pusaka,Cikampek,Karawang,3215,Jawa Barat,107.451025,-6.416085,2.5899
3215050008,Cikampek Selatan,Cikampek,Karawang,3215,Jawa Barat,107.453598,-6.407493,0.7758
3215050006,Cikampek Timur,Cikampek,Karawang,3215,Jawa Barat,107.463358,-6.413669,0.6968
3215050014,Dawuan Barat,Cikampek,Karawang,3215,Jawa Barat,107.427179,-6.392893,2.8402
3215050013,Dawuan Tengah,Cikampek,Karawang,3215,Jawa Barat,107.436086,-6.39688,3.7596
3215050012,Dawuan Timur,Cikampek,Karawang,3215,Jawa Barat,107.445641,-6.390756,2.8617
3215050001,Kalihurip,Cikampek,Karawang,3215,Jawa Barat,107.421531,-6.41909,12.3489
3215050002,Kamojing,Cikampek,Karawang,3215,Jawa Barat,107.442271,-6.435506,8.2199
3215051008,Cengkong,Purwasari,Karawang,3215,Jawa Barat,107.397412,-6.36339,4.2337
3215051007,Darawolong,Purwasari,Karawang,3215,Jawa Barat,107.408185,-6.342762,6.4283
3215051006,Karangsari,Purwasari,Karawang,3215,Jawa Barat,107.420699,-6.35379,2.7291
3215051001,Mekarjaya,Purwasari,Karawang,3215,Jawa Barat,107.394598,-6.3944,4.1357
3215051003,Purwasari,Purwasari,Karawang,3215,Jawa Barat,107.413533,-6.391925,3.4621
3215051004,Sukasari,Purwasari,Karawang,3215,Jawa Barat,107.414864,-6.372467,5.4921
3215051002,Tamelang,Purwasari,Karawang,3215,Jawa Barat,107.403579,-6.395823,2.6063
3215051005,Tegalsari,Purwasari,Karawang,3215,Jawa Barat,107.431302,-6.368965,2.7713
3215060009,Bojongsari,Tirtamulya,Karawang,3215,Jawa Barat,107.455129,-6.3258,3.0413
3215060010,Cipondoh,Tirtamulya,Karawang,3215,Jawa Barat,107.472518,-6.320823,4.5235
3215060005,Citarik,Tirtamulya,Karawang,3215,Jawa Barat,107.457171,-6.356435,4.4274
3215060008,Kamurang,Tirtamulya,Karawang,3215,Jawa Barat,107.481612,-6.336284,4.8776
3215060003,Karangjaya,Tirtamulya,Karawang,3215,Jawa Barat,107.46095,-6.370845,4.6194
3215060002,Karangsinom,Tirtamulya,Karawang,3215,Jawa Barat,107.440448,-6.36446,6.2997
3215060011,Kertawaluya,Tirtamulya,Karawang,3215,Jawa Barat,107.472377,-6.303505,7.4016
3215060007,Parakan,Tirtamulya,Karawang,3215,Jawa Barat,107.464956,-6.33951,4.4873
3215060004,Parakanmulya,Tirtamulya,Karawang,3215,Jawa Barat,107.481209,-6.35695,3.4767
3215060006,Tirtasari,Tirtamulya,Karawang,3215,Jawa Barat,107.439784,-6.338395,4.6063
3215070006,Balonggandu,Jatisari,Karawang,3215,Jawa Barat,107.511954,-6.381315,2.0436
3215070004,Barugbug,Jatisari,Karawang,3215,Jawa Barat,107.532925,-6.403919,3.0694
3215070013,Cikalongsari,Jatisari,Karawang,3215,Jawa Barat,107.540115,-6.363013,1.8806
3215070012,Cirejag,Jatisari,Karawang,3215,Jawa Barat,107.544158,-6.37798,2.4909
3215070016,Jatibaru,Jatisari,Karawang,3215,Jawa Barat,107.536536,-6.338125,4.3547
3215070014,Jatiragas,Jatisari,Karawang,3215,Jawa Barat,107.539873,-6.35261,3.9378
3215070011,Jatisari,Jatisari,Karawang,3215,Jawa Barat,107.527112,-6.368108,4.1054
3215070015,Jatiwangi,Jatisari,Karawang,3215,Jawa Barat,107.556819,-6.351396,2.8559
3215070009,Kalijati,Jatisari,Karawang,3215,Jawa Barat,107.503229,-6.357535,5.8413
3215070010,Mekarsari,Jatisari,Karawang,3215,Jawa Barat,107.517481,-6.36643,1.8546
3215070019,Pacing,Jatisari,Karawang,3215,Jawa Barat,107.512189,-6.328415,7.6077
3215070005,Situdam,Jatisari,Karawang,3215,Jawa Barat,107.522687,-6.39201,4.9856
3215070018,Sukamekar,Jatisari,Karawang,3215,Jawa Barat,107.497204,-6.320415,5.2105
3215070017,Telarsari,Jatisari,Karawang,3215,Jawa Barat,107.513034,-6.348515,5.4284
3215071009,Banyuasih,Banyusari,Karawang,3215,Jawa Barat,107.541317,-6.28205,4.7921
3215071002,Cicinde Selatan,Banyusari,Karawang,3215,Jawa Barat,107.558745,-6.335539,4.5751
3215071003,Cicinde Utara,Banyusari,Karawang,3215,Jawa Barat,107.562436,-6.322124,4.3267
3215071007,Gembongan,Banyusari,Karawang,3215,Jawa Barat,107.533769,-6.300523,3.9823
3215071006,Gempol,Banyusari,Karawang,3215,Jawa Barat,107.565167,-6.295135,2.974
3215071005,Gempolkolot,Banyusari,Karawang,3215,Jawa Barat,107.579221,-6.295282,2.4475
3215071004,Jayamukti,Banyusari,Karawang,3215,Jawa Barat,107.5683,-6.312625,4.6984
3215071012,Kutaraharja,Banyusari,Karawang,3215,Jawa Barat,107.495227,-6.301105,5.1011
3215071008,Mekarasih,Banyusari,Karawang,3215,Jawa Barat,107.561198,-6.28779,3.9804
3215071001,Pamekaran,Banyusari,Karawang,3215,Jawa Barat,107.536892,-6.31295,6.8915
3215071010,Talunjaya,Banyusari,Karawang,3215,Jawa Barat,107.524814,-6.29324,6.0413
3215071011,Tanjung,Banyusari,Karawang,3215,Jawa Barat,107.509862,-6.28829,6.2736
3215072009,Cikampek Utara,Kotabaru,Karawang,3215,Jawa Barat,107.465132,-6.393157,2.161
3215072002,Jomin Barat,Kotabaru,Karawang,3215,Jawa Barat,107.477422,-6.420552,2.1931
3215072003,Jomin Timur,Kotabaru,Karawang,3215,Jawa Barat,107.487215,-6.417345,1.9381
3215072006,Pangulah Baru,Kotabaru,Karawang,3215,Jawa Barat,107.49817,-6.37827,4.5706
3215072004,Pangulah Selatan,Kotabaru,Karawang,3215,Jawa Barat,107.514932,-6.408667,6.6434
3215072005,Pangulah Utara,Kotabaru,Karawang,3215,Jawa Barat,107.504617,-6.392834,4.4675
3215072008,Pucung,Kotabaru,Karawang,3215,Jawa Barat,107.471346,-6.385435,5.2481
3215072001,Sarimulya,Kotabaru,Karawang,3215,Jawa Barat,107.467682,-6.420922,2.3581
3215072007,Wancimekar,Kotabaru,Karawang,3215,Jawa Barat,107.478064,-6.392624,4.3668
3215081002,Cikalong,Cilamaya Wetan,Karawang,3215,Jawa Barat,107.55405,-6.25808,5.4811
3215081001,Cikarang,Cilamaya Wetan,Karawang,3215,Jawa Barat,107.539943,-6.2596,4.9731
3215081006,Cilamaya,Cilamaya Wetan,Karawang,3215,Jawa Barat,107.58309,-6.243037,4.1464
3215081005,Mekarmaya,Cilamaya Wetan,Karawang,3215,Jawa Barat,107.575498,-6.251073,3.1806
3215081012,Muara,Cilamaya Wetan,Karawang,3215,Jawa Barat,107.618764,-6.213895,17.9228
3215081011,Muarabaru,Cilamaya Wetan,Karawang,3215,Jawa Barat,107.585347,-6.20969,11.343
3215081009,Rawagempol Kulon,Cilamaya Wetan,Karawang,3215,Jawa Barat,107.567078,-6.206664,6.0821
3215081010,Rawagempol Wetan,Cilamaya Wetan,Karawang,3215,Jawa Barat,107.576151,-6.225743,4.9839
3215081008,Sukakerta,Cilamaya Wetan,Karawang,3215,Jawa Barat,107.555498,-6.199217,5.7408
3215081007,Sukatani,Cilamaya Wetan,Karawang,3215,Jawa Barat,107.555683,-6.228605,6.8196
3215081003,Tegalsari,Cilamaya Wetan,Karawang,3215,Jawa Barat,107.562867,-6.267575,2.4692
3215081004,Tegalwaru,Cilamaya Wetan,Karawang,3215,Jawa Barat,107.573868,-6.271343,3.9908
3215082002,Bayur Kidul,Cilamaya Kulon,Karawang,3215,Jawa Barat,107.518996,-6.263084,3.5422
3215082003,Bayur Lor,Cilamaya Kulon,Karawang,3215,Jawa Barat,107.527639,-6.248465,3.9169
3215082001,Kiara,Cilamaya Kulon,Karawang,3215,Jawa Barat,107.501884,-6.270835,4.711
3215082004,Langensari,Cilamaya Kulon,Karawang,3215,Jawa Barat,107.507489,-6.250485,5.3823
3215082011,Manggungjaya,Cilamaya Kulon,Karawang,3215,Jawa Barat,107.499122,-6.20797,6.0919
3215082009,Muktijaya,Cilamaya Kulon,Karawang,3215,Jawa Barat,107.518006,-6.20141,4.2841
3215082008,Pasirjaya,Cilamaya Kulon,Karawang,3215,Jawa Barat,107.519913,-6.18815,9.01
3215082006,Pasirukem,Cilamaya Kulon,Karawang,3215,Jawa Barat,107.532806,-6.21701,4.3704
3215082007,Sukajaya,Cilamaya Kulon,Karawang,3215,Jawa Barat,107.539929,-6.193535,5.5607
3215082005,Sukamulya,Cilamaya Kulon,Karawang,3215,Jawa Barat,107.524127,-6.232185,8.3324
3215082012,Sumurgede,Cilamaya Kulon,Karawang,3215,Jawa Barat,107.489168,-6.203035,8.29
3215082010,Tegalurung,Cilamaya Kulon,Karawang,3215,Jawa Barat,107.510862,-6.21848,4.5318
3215090001,Ciwaringin,Lemahabang,Karawang,3215,Jawa Barat,107.413984,-6.31835,4.8574
3215090004,Karangtanjung,Lemahabang,Karawang,3215,Jawa Barat,107.446197,-6.305635,4.8585
3215090007,Karyamukti,Lemahabang,Karawang,3215,Jawa Barat,107.462943,-6.28087,3.9282
3215090005,Kedawung,Lemahabang,Karawang,3215,Jawa Barat,107.443541,-6.293771,1.9576
3215090006,Lemahabang,Lemahabang,Karawang,3215,Jawa Barat,107.448415,-6.280485,3.3622
3215090010,Lemahmukti,Lemahabang,Karawang,3215,Jawa Barat,107.460128,-6.252975,5.7611
3215090003,Pasirtanjung,Lemahabang,Karawang,3215,Jawa Barat,107.439097,-6.32493,4.5431
3215090008,Pulojaya,Lemahabang,Karawang,3215,Jawa Barat,107.478455,-6.28378,6.3628
3215090009,Pulokelapa,Lemahabang,Karawang,3215,Jawa Barat,107.474538,-6.257639,3.8743
3215090011,Pulomulya,Lemahabang,Karawang,3215,Jawa Barat,107.491664,-6.25098,8.2585
3215090002,Waringinkarya,Lemahabang,Karawang,3215,Jawa Barat,107.426075,-6.3176,3.8501
3215100009,Cadaskertajaya,Talagasari,Karawang,3215,Jawa Barat,107.411665,-6.282015,3.7211
3215100003,Cariumulya,Talagasari,Karawang,3215,Jawa Barat,107.409123,-6.29937,3.3886
3215100004,Cilewo,Talagasari,Karawang,3215,Jawa Barat,107.42838,-6.28144,3.6959
3215100007,Ciwulan,Talagasari,Karawang,3215,Jawa Barat,107.440068,-6.24898,3.9001
3215100010,Kalibuaya,Talagasari,Karawang,3215,Jawa Barat,107.39705,-6.27392,4.4638
3215100008,Kalijaya,Talagasari,Karawang,3215,Jawa Barat,107.417187,-6.260495,6.4696
3215100014,Kalisari,Talagasari,Karawang,3215,Jawa Barat,107.425487,-6.244915,5.6122
3215100005,Linggarsari,Talagasari,Karawang,3215,Jawa Barat,107.436263,-6.286295,4.4808
3215100013,Pasirkamuning,Talagasari,Karawang,3215,Jawa Barat,107.399039,-6.250165,3.5598
3215100012,Pasirmukti,Talagasari,Karawang,3215,Jawa Barat,107.386165,-6.264126,3.8442
3215100001,Pasirtalaga,Talagasari,Karawang,3215,Jawa Barat,107.381968,-6.2991,2.1946
3215100006,Pulosari,Talagasari,Karawang,3215,Jawa Barat,107.44938,-6.254555,2.6098
3215100002,Talagamulya,Talagasari,Karawang,3215,Jawa Barat,107.396025,-6.29546,2.6842
3215100011,Talagasari,Talagasari,Karawang,3215,Jawa Barat,107.384085,-6.281535,2.5905
3215111005,Bengle,Majalaya,Karawang,3215,Jawa Barat,107.354956,-6.323815,5.181
3215111003,Ciranggon,Majalaya,Karawang,3215,Jawa Barat,107.370001,-6.287375,2.5908
3215111006,Lemahmulya,Majalaya,Karawang,3215,Jawa Barat,107.37455,-6.319785,5.808
3215111002,Majalaya,Majalaya,Karawang,3215,Jawa Barat,107.366335,-6.302696,3.467
3215111001,Pasirjengkol,Majalaya,Karawang,3215,Jawa Barat,107.345577,-6.305346,5.1266
3215111007,Pasirmulya,Majalaya,Karawang,3215,Jawa Barat,107.396912,-6.31441,5.6375
3215111004,Sarijaya,Majalaya,Karawang,3215,Jawa Barat,107.365097,-6.276645,5.5941
3215112001,Adiarsa Timur,Karawang Timur,Karawang,3215,Jawa Barat,107.320561,-6.316325,3.2847
3215112005,Karawang Wetan,Karawang Timur,Karawang,3215,Jawa Barat,107.315537,-6.301244,2.4948
3215112003,Kondangjaya,Karawang Timur,Karawang,3215,Jawa Barat,107.34191,-6.3318,4.2812
3215112004,Margasari,Karawang Timur,Karawang,3215,Jawa Barat,107.33237,-6.309715,3.1282
3215112007,Palawad,Karawang Timur,Karawang,3215,Jawa Barat,107.344014,-6.280215,6.7474
3215112006,Palumbonsari,Karawang Timur,Karawang,3215,Jawa Barat,107.330015,-6.294152,3.8149
3215112008,Tegalsawah,Karawang Timur,Karawang,3215,Jawa Barat,107.333548,-6.26489,4.1141
3215112002,Warungbambu,Karawang Timur,Karawang,3215,Jawa Barat,107.327575,-6.330165,1.7122
3215113001,Adiarsa Barat,Karawang Barat,Karawang,3215,Jawa Barat,107.305706,-6.316241,1.8766
3215113006,Karangpawitan,Karawang Barat,Karawang,3215,Jawa Barat,107.303966,-6.28045,8.3208
3215113003,Karawang Kulon,Karawang Barat,Karawang,3215,Jawa Barat,107.291286,-6.308825,2.6063
3215113007,Mekarjati,Karawang Barat,Karawang,3215,Jawa Barat,107.294288,-6.245175,5.9139
3215113002,Nagasari,Karawang Barat,Karawang,3215,Jawa Barat,107.315665,-6.28802,5.9822
3215113005,Tanjungmekar,Karawang Barat,Karawang,3215,Jawa Barat,107.279486,-6.272595,5.9075
3215113004,Tanjungpura,Karawang Barat,Karawang,3215,Jawa Barat,107.288022,-6.284392,4.4741
3215113008,Tunggakjati,Karawang Barat,Karawang,3215,Jawa Barat,107.279724,-6.240607,5.8292
3215120006,Balongsari,Rawamerta,Karawang,3215,Jawa Barat,107.326522,-6.237473,3.2949
3215120003,Cibadak,Rawamerta,Karawang,3215,Jawa Barat,107.380682,-6.244595,4.2305
3215120012,Gombongsari,Rawamerta,Karawang,3215,Jawa Barat,107.382077,-6.222985,2.9187
3215120002,Kutawargi,Rawamerta,Karawang,3215,Jawa Barat,107.367884,-6.260025,3.1092
3215120008,Mekarjaya,Rawamerta,Karawang,3215,Jawa Barat,107.309984,-6.23559,3.4531
3215120010,Panyingkiran,Rawamerta,Karawang,3215,Jawa Barat,107.355128,-6.22148,4.3907
3215120005,Pasirawi,Rawamerta,Karawang,3215,Jawa Barat,107.343114,-6.233246,4.2167
3215120001,Pasirkaliki,Rawamerta,Karawang,3215,Jawa Barat,107.341668,-6.252099,4.7709
3215120007,Purwamekar,Rawamerta,Karawang,3215,Jawa Barat,107.315089,-6.252425,3.7865
3215120009,Sekarwangi,Rawamerta,Karawang,3215,Jawa Barat,107.328378,-6.224305,3.9067
3215120004,Sukamerta,Rawamerta,Karawang,3215,Jawa Barat,107.364213,-6.242375,5.5309
3215120011,Sukapura,Rawamerta,Karawang,3215,Jawa Barat,107.369591,-6.22301,3.4343
3215120013,Sukaraja,Rawamerta,Karawang,3215,Jawa Barat,107.38154,-6.198718,4.3616
3215130011,Cikuntul,Tempuran,Karawang,3215,Jawa Barat,107.464061,-6.168775,5.8139
3215130010,Ciparagejaya,Tempuran,Karawang,3215,Jawa Barat,107.499635,-6.167775,5.4678
3215130001,Dayeuhluhur,Tempuran,Karawang,3215,Jawa Barat,107.39408,-6.20863,7.3922
3215130008,Jayanagara,Tempuran,Karawang,3215,Jawa Barat,107.480679,-6.21417,6.08
3215130003,Lemahduhur,Tempuran,Karawang,3215,Jawa Barat,107.411489,-6.216009,8.5947
3215130002,Lemahkarya,Tempuran,Karawang,3215,Jawa Barat,107.412261,-6.19247,7.3154
3215130005,Lemahmakmur,Tempuran,Karawang,3215,Jawa Barat,107.435909,-6.224395,7.0426
3215130004,Lemahsubur,Tempuran,Karawang,3215,Jawa Barat,107.417747,-6.22409,8.285
3215130006,Pagadungan,Tempuran,Karawang,3215,Jawa Barat,107.45609,-6.210687,8.6888
3215130013,Pancakarya,Tempuran,Karawang,3215,Jawa Barat,107.436015,-6.193025,4.3243
3215130007,Purwajaya,Tempuran,Karawang,3215,Jawa Barat,107.465942,-6.210382,6.3051
3215130012,Sumberjaya,Tempuran,Karawang,3215,Jawa Barat,107.451208,-6.165335,7.4103
3215130014,Tanjungjaya,Tempuran,Karawang,3215,Jawa Barat,107.441584,-6.159919,8.0194
3215130009,Tempuran,Tempuran,Karawang,3215,Jawa Barat,107.475159,-6.176045,5.904
3215140006,Kutagandok,Kutawaluya,Karawang,3215,Jawa Barat,107.316099,-6.157228,5.4735
3215140012,Kutajaya,Kutawaluya,Karawang,3215,Jawa Barat,107.337055,-6.152765,3.9005
3215140005,Kutakarya,Kutawaluya,Karawang,3215,Jawa Barat,107.310706,-6.1667,3.767
3215140011,Kutamukti,Kutawaluya,Karawang,3215,Jawa Barat,107.348897,-6.146538,5.118
3215140010,Kutaraja,Kutawaluya,Karawang,3215,Jawa Barat,107.369583,-6.15695,3.8544
3215140004,Mulyajaya,Kutawaluya,Karawang,3215,Jawa Barat,107.329033,-6.182451,2.296
3215140008,Sampalan,Kutawaluya,Karawang,3215,Jawa Barat,107.344735,-6.178469,4.0251
3215140001,Sindangkarya,Kutawaluya,Karawang,3215,Jawa Barat,107.337387,-6.204585,3.2668
3215140002,Sindangmukti,Kutawaluya,Karawang,3215,Jawa Barat,107.364173,-6.20079,6.1734
3215140003,Sindangmulya,Kutawaluya,Karawang,3215,Jawa Barat,107.342589,-6.194935,4.0397
3215140009,Sindangsari,Kutawaluya,Karawang,3215,Jawa Barat,107.369004,-6.17653,7.4455
3215140007,Waluya,Kutawaluya,Karawang,3215,Jawa Barat,107.346223,-6.16954,3.1168
3215150005,Amansari,Rengasdengklok,Karawang,3215,Jawa Barat,107.296995,-6.180044,5.1048
3215150009,Dewisari,Rengasdengklok,Karawang,3215,Jawa Barat,107.285714,-6.130163,4.7466
3215150004,Dukuhkarya,Rengasdengklok,Karawang,3215,Jawa Barat,107.321552,-6.192387,4.0539
3215150001,Kalangsari,Rengasdengklok,Karawang,3215,Jawa Barat,107.29752,-6.21526,3.5717
3215150002,Kalangsuria,Rengasdengklok,Karawang,3215,Jawa Barat,107.314966,-6.217935,5.1042
3215150003,Karyasari,Rengasdengklok,Karawang,3215,Jawa Barat,107.304007,-6.2008,5.7744
3215150008,Kertasari,Rengasdengklok,Karawang,3215,Jawa Barat,107.296882,-6.136745,4.0609
3215150006,Rengasdengklok Selatan,Rengasdengklok,Karawang,3215,Jawa Barat,107.291908,-6.165443,4.0693
3215150007,Rengasdengklok Utara,Rengasdengklok,Karawang,3215,Jawa Barat,107.30822,-6.148873,4.6189
3215151006,Ciptamarga,Jayakerta,Karawang,3215,Jawa Barat,107.28012,-6.100575,1.6133
3215151004,Jayakerta,Jayakerta,Karawang,3215,Jawa Barat,107.315376,-6.08917,5.0981
3215151003,Jayamakmur,Jayakerta,Karawang,3215,Jawa Barat,107.321796,-6.11393,4.6528
3215151008,Kampungsawah,Jayakerta,Karawang,3215,Jawa Barat,107.271998,-6.0932,9.0505
3215151001,Kemiri,Jayakerta,Karawang,3215,Jawa Barat,107.312758,-6.12623,4.1425
3215151005,Kertajaya,Jayakerta,Karawang,3215,Jawa Barat,107.299301,-6.08447,4.3893
3215151002,Makmurjaya,Jayakerta,Karawang,3215,Jawa Barat,107.328611,-6.129234,3.4631
3215151007,Medangasem,Jayakerta,Karawang,3215,Jawa Barat,107.293583,-6.108876,9.2416
3215160017,Dongkal,Pedes,Karawang,3215,Jawa Barat,107.380641,-6.073495,2.8329
3215160001,Jatimulya,Pedes,Karawang,3215,Jawa Barat,107.34333,-6.123546,5.7745
3215160007,Karangjaya,Pedes,Karawang,3215,Jawa Barat,107.35645,-6.10919,3.2856
3215160016,Kedaljaya,Pedes,Karawang,3215,Jawa Barat,107.392739,-6.075884,4.1562
3215160009,Kertamulya,Pedes,Karawang,3215,Jawa Barat,107.348027,-6.094605,5.7168
3215160006,Kertaraharja,Pedes,Karawang,3215,Jawa Barat,107.370855,-6.123215,8.0271
3215160012,Labanjaya,Pedes,Karawang,3215,Jawa Barat,107.394648,-6.10085,6.8992
3215160008,Malangsari,Pedes,Karawang,3215,Jawa Barat,107.340623,-6.105285,4.4576
3215160010,Payungsari,Pedes,Karawang,3215,Jawa Barat,107.372604,-6.087101,6.958
3215160018,Puspasari,Pedes,Karawang,3215,Jawa Barat,107.369687,-6.06206,6.302
3215160011,Randumulya,Pedes,Karawang,3215,Jawa Barat,107.377663,-6.106615,3.9759
3215160015,Sungaibuntu,Pedes,Karawang,3215,Jawa Barat,107.40034,-6.05079,10.6075
3215161006,Cikande,Cilebar,Karawang,3215,Jawa Barat,107.397153,-6.145505,5.1874
3215161002,Ciptamargi,Cilebar,Karawang,3215,Jawa Barat,107.40642,-6.164936,7.2554
3215161005,Kertamukti,Cilebar,Karawang,3215,Jawa Barat,107.418512,-6.13283,9.0394
3215161008,Kosambibatu,Cilebar,Karawang,3215,Jawa Barat,107.403162,-6.12228,7.3736
3215161004,Mekarpohaci,Cilebar,Karawang,3215,Jawa Barat,107.429861,-6.147735,12.2183
3215161009,Pusakajaya Selatan,Cilebar,Karawang,3215,Jawa Barat,107.416336,-6.099017,6.1659
3215161010,Pusakajaya Utara,Cilebar,Karawang,3215,Jawa Barat,107.423484,-6.089285,8.7217
3215161007,Rawasari,Cilebar,Karawang,3215,Jawa Barat,107.373224,-6.1422,6.0285
3215161001,Sukaratu,Cilebar,Karawang,3215,Jawa Barat,107.38746,-6.17211,4.1299
3215161003,Tanjungsari,Cilebar,Karawang,3215,Jawa Barat,107.4331,-6.15663,4.5583
3215170010,Cemarajaya,Cibuaya,Karawang,3215,Jawa Barat,107.356924,-6.006011,18.6816
3215170003,Cibuaya,Cibuaya,Karawang,3215,Jawa Barat,107.357194,-6.05162,2.7802
3215170009,Gebangjaya,Cibuaya,Karawang,3215,Jawa Barat,107.378992,-6.04823,4.4418
3215170008,Jayamulya,Cibuaya,Karawang,3215,Jawa Barat,107.363702,-6.027725,7.6013
3215170006,Kalidungjaya,Cibuaya,Karawang,3215,Jawa Barat,107.304996,-6.034225,7.0379
3215170007,Kedungjaya,Cibuaya,Karawang,3215,Jawa Barat,107.333952,-6.01945,9.5498
3215170005,Kedungjeruk,Cibuaya,Karawang,3215,Jawa Barat,107.324067,-6.0472,7.193
3215170002,Kertarahayu,Cibuaya,Karawang,3215,Jawa Barat,107.343663,-6.06838,5.6472
3215170004,Pejaten,Cibuaya,Karawang,3215,Jawa Barat,107.342656,-6.041724,6.4112
3215170011,Sedari,Cibuaya,Karawang,3215,Jawa Barat,107.315971,-5.99022,43.3529
3215170001,Sukasari,Cibuaya,Karawang,3215,Jawa Barat,107.326355,-6.08193,5.8272
3215180007,Bolang,Tirtajaya,Karawang,3215,Jawa Barat,107.306099,-6.068835,2.4763
3215180004,Gempolkarya,Tirtajaya,Karawang,3215,Jawa Barat,107.263405,-6.076565,5.0881
3215180006,Kutamakmur,Tirtajaya,Karawang,3215,Jawa Barat,107.292845,-6.068667,4.8563
3215180001,Medankarya,Tirtajaya,Karawang,3215,Jawa Barat,107.226815,-6.054505,8.1586
3215180002,Pisangsambo,Tirtajaya,Karawang,3215,Jawa Barat,107.251504,-6.08214,5.5226
3215180003,Sabajaya,Tirtajaya,Karawang,3215,Jawa Barat,107.247265,-6.05642,5.464
3215180005,Srijaya,Tirtajaya,Karawang,3215,Jawa Barat,107.282232,-6.046271,4.5286
3215180008,Srikamulyan,Tirtajaya,Karawang,3215,Jawa Barat,107.287757,-6.03454,4.8791
3215180009,Sumurlaban,Tirtajaya,Karawang,3215,Jawa Barat,107.266852,-6.051287,8.1303
3215180011,Tambaksari,Tirtajaya,Karawang,3215,Jawa Barat,107.223938,-6.005061,32.3619
3215180010,Tambaksumur,Tirtajaya,Karawang,3215,Jawa Barat,107.266562,-6.01094,26.33
3215190008,Batujaya,Batujaya,Karawang,3215,Jawa Barat,107.175501,-6.056194,5.8167
3215190007,Baturaden,Batujaya,Karawang,3215,Jawa Barat,107.188859,-6.03824,9.5821
3215190006,Karyabakti,Batujaya,Karawang,3215,Jawa Barat,107.198778,-6.042837,9.3174
3215190002,Karyamakmur,Batujaya,Karawang,3215,Jawa Barat,107.229988,-6.086405,5.4375
3215190003,Karyamulya,Batujaya,Karawang,3215,Jawa Barat,107.217851,-6.08344,3.8286
3215190001,Kutaampel,Batujaya,Karawang,3215,Jawa Barat,107.240855,-6.084535,5.4739
3215190009,Segaran,Batujaya,Karawang,3215,Jawa Barat,107.162558,-6.051965,7.5254
3215190010,Segarjaya,Batujaya,Karawang,3215,Jawa Barat,107.169971,-6.013538,14.1079
3215190005,Telukambulu,Batujaya,Karawang,3215,Jawa Barat,107.20092,-6.062545,7.9126
3215190004,Telukbango,Batujaya,Karawang,3215,Jawa Barat,107.207139,-6.07683,6.8858
3215200004,Solokan,Pakisjaya,Karawang,3215,Jawa Barat,107.111327,-6.006993,11.1889
3215200001,Talagajaya,Pakisjaya,Karawang,3215,Jawa Barat,107.149155,-6.022795,4.3898
3215200003,Tanahbaru,Pakisjaya,Karawang,3215,Jawa Barat,107.128252,-6.018475,10.7224
3215200005,Tanjungbungin,Pakisjaya,Karawang,3215,Jawa Barat,107.102325,-5.992137,6.0951
3215200006,Tanjungmekar,Pakisjaya,Karawang,3215,Jawa Barat,107.102295,-5.980485,4.967
3215200007,Tanjungpakis,Pakisjaya,Karawang,3215,Jawa Barat,107.125303,-5.975161,17.4223
3215200002,Telukbuyung,Pakisjaya,Karawang,3215,Jawa Barat,107.145259,-6.051041,8.5006
3215200008,Telukjaya,Pakisjaya,Karawang,3215,Jawa Barat,107.129037,-6.034764,4.6879
3216010007,Burangkeng,Setu,Bekasi,3216,Jawa Barat,107.026825,-6.342835,5.6985
3216010009,Cibening,Setu,Bekasi,3216,Jawa Barat,107.062242,-6.3532,8.106
3216010012,Cijengkol,Setu,Bekasi,3216,Jawa Barat,107.040381,-6.321833,3.8033
3216010004,Cikarageman,Setu,Bekasi,3216,Jawa Barat,107.025373,-6.37781,6.5691
3216010008,Cileduk,Setu,Bekasi,3216,Jawa Barat,107.039695,-6.351945,4.5306
3216010003,Kertarahayu,Setu,Bekasi,3216,Jawa Barat,107.054895,-6.38156,6.6094
3216010013,Lubangbuaya,Setu,Bekasi,3216,Jawa Barat,107.050703,-6.32154,3.3464
3216010002,Muktijaya,Setu,Bekasi,3216,Jawa Barat,107.038598,-6.397386,5.2994
3216010001,Ragemanunggal,Setu,Bekasi,3216,Jawa Barat,107.022082,-6.391859,5.4085
3216010006,Taman Rahayu,Setu,Bekasi,3216,Jawa Barat,107.003437,-6.366593,4.1398
3216010005,Taman Sari,Setu,Bekasi,3216,Jawa Barat,107.031153,-6.365259,6.8055
3216021006,Cilangkara,Serang Baru,Bekasi,3216,Jawa Barat,107.139897,-6.387175,6.2983
3216021001,Jayamulya,Serang Baru,Bekasi,3216,Jawa Barat,107.07047,-6.410656,6.9718
3216021008,Jayasampurna,Serang Baru,Bekasi,3216,Jawa Barat,107.07894,-6.382115,10.2155
3216021004,Nagacipta,Serang Baru,Bekasi,3216,Jawa Barat,107.134068,-6.417109,7.4488
3216021005,Nagasari,Serang Baru,Bekasi,3216,Jawa Barat,107.159243,-6.399095,9.2786
3216021003,Sirnajaya,Serang Baru,Bekasi,3216,Jawa Barat,107.12177,-6.404775,6.0522
3216021002,Sukaragam,Serang Baru,Bekasi,3216,Jawa Barat,107.113525,-6.39003,6.2043
3216021007,Sukasari,Serang Baru,Bekasi,3216,Jawa Barat,107.104172,-6.383875,7.0599
3216022001,Cicau,Cikarang Pusat,Bekasi,3216,Jawa Barat,107.151984,-6.36641,10.51
3216022005,Hegarmukti,Cikarang Pusat,Bekasi,3216,Jawa Barat,107.190382,-6.33917,6.4272
3216022006,Jayamukti,Cikarang Pusat,Bekasi,3216,Jawa Barat,107.177703,-6.328873,5.198
3216022003,Pasirranji,Cikarang Pusat,Bekasi,3216,Jawa Barat,107.199182,-6.374024,12.7212
3216022004,Pasirtanjung,Cikarang Pusat,Bekasi,3216,Jawa Barat,107.212545,-6.336384,6.8355
3216022002,Sukamahi,Cikarang Pusat,Bekasi,3216,Jawa Barat,107.176401,-6.372045,12.0944
3216023002,Ciantra,Cikarang Selatan,Bekasi,3216,Jawa Barat,107.103045,-6.349425,5.9997
3216023006,Cibatu,Cikarang Selatan,Bekasi,3216,Jawa Barat,107.152619,-6.336475,14.4575
3216023007,Pasirsari,Cikarang Selatan,Bekasi,3216,Jawa Barat,107.150315,-6.310664,6.8942
3216023004,Serang,Cikarang Selatan,Bekasi,3216,Jawa Barat,107.130516,-6.35107,5.3543
3216023003,Sukadami,Cikarang Selatan,Bekasi,3216,Jawa Barat,107.109773,-6.356672,6.5937
3216023005,Sukaresmi,Cikarang Selatan,Bekasi,3216,Jawa Barat,107.124731,-6.323198,10.3292
3216023001,Sukasejati,Cikarang Selatan,Bekasi,3216,Jawa Barat,107.082729,-6.34794,4.5002
3216030001,Cibarusahjaya,Cibarusah,Bekasi,3216,Jawa Barat,107.067131,-6.432064,3.0362
3216030002,Cibarusahkota,Cibarusah,Bekasi,3216,Jawa Barat,107.081874,-6.432127,2.5052
3216030006,Ridogalih,Cibarusah,Bekasi,3216,Jawa Barat,107.119549,-6.441574,10.8676
3216030007,Ridomanah,Cibarusah,Bekasi,3216,Jawa Barat,107.13695,-6.43577,5.2861
3216030003,Sindangmulya,Cibarusah,Bekasi,3216,Jawa Barat,107.088712,-6.419361,6.0248
3216030005,Sirnajati,Cibarusah,Bekasi,3216,Jawa Barat,107.09508,-6.447063,7.7579
3216030004,Wibawamulya,Cibarusah,Bekasi,3216,Jawa Barat,107.105367,-6.419658,4.9764
3216031003,Bojongmangu,Bojongmangu,Bekasi,3216,Jawa Barat,107.187463,-6.444573,14.5932
3216031001,Karangindah,Bojongmangu,Bekasi,3216,Jawa Barat,107.144415,-6.462453,6.984
3216031002,Karangmulya,Bojongmangu,Bekasi,3216,Jawa Barat,107.176223,-6.464058,10.4714
3216031004,Medalkrisna,Bojongmangu,Bekasi,3216,Jawa Barat,107.161348,-6.430638,5.8032
3216031006,Sukabungah,Bojongmangu,Bekasi,3216,Jawa Barat,107.203073,-6.410836,6.7275
3216031005,Sukamukti,Bojongmangu,Bekasi,3216,Jawa Barat,107.179315,-6.408426,8.6112
3216041003,Cipayung,Cikarang Timur,Bekasi,3216,Jawa Barat,107.21569,-6.306857,8.2832
3216041002,Hegarmanah,Cikarang Timur,Bekasi,3216,Jawa Barat,107.200803,-6.314075,6.1094
3216041005,Jatibaru,Cikarang Timur,Bekasi,3216,Jawa Barat,107.21007,-6.28371,4.7626
3216041004,Jatireja,Cikarang Timur,Bekasi,3216,Jawa Barat,107.192113,-6.286165,5.8643
3216041008,Karangsari,Cikarang Timur,Bekasi,3216,Jawa Barat,107.207585,-6.253035,8.7689
3216041007,Labansari,Cikarang Timur,Bekasi,3216,Jawa Barat,107.248747,-6.285185,5.3429
3216041001,Sertajaya,Cikarang Timur,Bekasi,3216,Jawa Barat,107.182846,-6.303833,7.0851
3216041006,Tanjungbaru,Cikarang Timur,Bekasi,3216,Jawa Barat,107.224235,-6.278395,6.8826
3216050002,Bojongsari,Kedungwaringin,Bekasi,3216,Jawa Barat,107.252875,-6.273261,2.8962
3216050007,Karangharum,Kedungwaringin,Bekasi,3216,Jawa Barat,107.230841,-6.243339,2.8269
3216050009,Karangmekar,Kedungwaringin,Bekasi,3216,Jawa Barat,107.26267,-6.234598,4.6989
3216050005,Karangsambung,Kedungwaringin,Bekasi,3216,Jawa Barat,107.224322,-6.257173,4.366
3216050003,Kedungwaringin,Kedungwaringin,Bekasi,3216,Jawa Barat,107.268609,-6.260242,3.728
3216050008,Mekarjaya,Kedungwaringin,Bekasi,3216,Jawa Barat,107.24903,-6.233547,5.5181
3216050004,Waringinjaya,Kedungwaringin,Bekasi,3216,Jawa Barat,107.247535,-6.258203,6.2977
3216061007,Cikarang Kota,Cikarang Utara,Bekasi,3216,Jawa Barat,107.153154,-6.262955,1.9146
3216061002,Harjamekar,Cikarang Utara,Bekasi,3216,Jawa Barat,107.130504,-6.278705,4.6697
3216061009,Karangasih,Cikarang Utara,Bekasi,3216,Jawa Barat,107.154196,-6.251445,2.7882
3216061008,Karangbaru,Cikarang Utara,Bekasi,3216,Jawa Barat,107.14295,-6.263835,1.1797
3216061010,Karangraharja,Cikarang Utara,Bekasi,3216,Jawa Barat,107.175567,-6.254478,4.4164
3216061004,Mekarmukti,Cikarang Utara,Bekasi,3216,Jawa Barat,107.159698,-6.294303,4.3066
3216061003,Pasirgombong,Cikarang Utara,Bekasi,3216,Jawa Barat,107.152373,-6.28167,4.4381
3216061005,Simpangan,Cikarang Utara,Bekasi,3216,Jawa Barat,107.17425,-6.277565,3.6413
3216061006,Tanjungsari,Cikarang Utara,Bekasi,3216,Jawa Barat,107.162633,-6.26975,3.2591
3216061011,Waluya,Cikarang Utara,Bekasi,3216,Jawa Barat,107.190996,-6.259003,3.2469
3216061001,Wangunharja,Cikarang Utara,Bekasi,3216,Jawa Barat,107.129301,-6.296527,6.3399
3216062006,Karanganyar,Karangbahagia,Bekasi,3216,Jawa Barat,107.192878,-6.20989,4.8505
3216062007,Karangbahagia,Karangbahagia,Bekasi,3216,Jawa Barat,107.198272,-6.195483,3.9557
3216062005,Karangmukti,Karangbahagia,Bekasi,3216,Jawa Barat,107.231877,-6.219718,7.3702
3216062002,Karangrahayu,Karangbahagia,Bekasi,3216,Jawa Barat,107.188145,-6.235146,5.2228
3216062004,Karangsatu,Karangbahagia,Bekasi,3216,Jawa Barat,107.211884,-6.22074,9.127
3216062008,Karangsentosa,Karangbahagia,Bekasi,3216,Jawa Barat,107.183603,-6.18642,4.0051
3216062003,Karangsetia,Karangbahagia,Bekasi,3216,Jawa Barat,107.183519,-6.21919,5.6044
3216062001,Sukaraya,Karangbahagia,Bekasi,3216,Jawa Barat,107.162788,-6.232481,6.041
3216070006,Cibuntu,Cibitung,Bekasi,3216,Jawa Barat,107.065506,-6.28681,5.6928
3216070016,Kertamukti,Cibitung,Bekasi,3216,Jawa Barat,107.115941,-6.220375,5.9072
3216070017,Muktiwari,Cibitung,Bekasi,3216,Jawa Barat,107.096507,-6.213402,6.8448
3216070018,Sarimukti,Cibitung,Bekasi,3216,Jawa Barat,107.091009,-6.19474,5.8563
3216070015,Sukajaya,Cibitung,Bekasi,3216,Jawa Barat,107.134349,-6.236,6.5474
3216070014,Wanajaya,Cibitung,Bekasi,3216,Jawa Barat,107.111141,-6.24593,6.5566
3216070013,Wanasari,Cibitung,Bekasi,3216,Jawa Barat,107.087306,-6.24706,6.9577
3216071002,Cikedokan,Cikarang Barat,Bekasi,3216,Jawa Barat,107.081559,-6.3347,5.5385
3216071006,Danauindah,Cikarang Barat,Bekasi,3216,Jawa Barat,107.102781,-6.302522,3.2029
3216071005,Gandamekar,Cikarang Barat,Bekasi,3216,Jawa Barat,107.088837,-6.293955,5.3152
3216071007,Gandasari,Cikarang Barat,Bekasi,3216,Jawa Barat,107.079352,-6.28533,3.933
3216071003,Jatiwangi,Cikarang Barat,Bekasi,3216,Jawa Barat,107.095527,-6.31786,6.0199
3216071011,Kalijaya,Cikarang Barat,Bekasi,3216,Jawa Barat,107.134459,-6.25943,4.5266
3216071004,Mekarwangi,Cikarang Barat,Bekasi,3216,Jawa Barat,107.074842,-6.31305,5.2145
3216071008,Sukadanau,Cikarang Barat,Bekasi,3216,Jawa Barat,107.108457,-6.285018,6.7512
3216071009,Telaga Asih,Cikarang Barat,Bekasi,3216,Jawa Barat,107.096717,-6.266169,3.4088
3216071010,Telagamurni,Cikarang Barat,Bekasi,3216,Jawa Barat,107.116949,-6.259389,5.1763
3216071001,Telajung,Cikarang Barat,Bekasi,3216,Jawa Barat,107.060047,-6.329212,5.2496
3216081001,Jatimulya,Tambun Selatan,Bekasi,3216,Jawa Barat,107.032227,-6.266143,6.2714
3216081003,Lambangjaya,Tambun Selatan,Bekasi,3216,Jawa Barat,107.05193,-6.29066,5.4193
3216081002,Lambangsari,Tambun Selatan,Bekasi,3216,Jawa Barat,107.042479,-6.287663,4.284
3216081009,Mangunjaya,Tambun Selatan,Bekasi,3216,Jawa Barat,107.057458,-6.23627,4.8726
3216081007,Mekarsari,Tambun Selatan,Bekasi,3216,Jawa Barat,107.063423,-6.257373,2.0614
3216081005,Setiadarma,Tambun Selatan,Bekasi,3216,Jawa Barat,107.051296,-6.26688,1.6303
3216081006,Setiamekar,Tambun Selatan,Bekasi,3216,Jawa Barat,107.046179,-6.2464,4.012
3216081010,Sumberjaya,Tambun Selatan,Bekasi,3216,Jawa Barat,107.07871,-6.220444,8.257
3216081004,Tambun,Tambun Selatan,Bekasi,3216,Jawa Barat,107.067868,-6.26861,3.3132
3216081008,Tridayasakti,Tambun Selatan,Bekasi,3216,Jawa Barat,107.073207,-6.249048,2.3145
3216082003,Jejalenjaya,Tambun Utara,Bekasi,3216,Jawa Barat,107.066331,-6.217632,2.704
3216082001,Karangsatria,Tambun Utara,Bekasi,3216,Jawa Barat,107.042384,-6.222506,5.2767
3216082002,Satriajaya,Tambun Utara,Bekasi,3216,Jawa Barat,107.052813,-6.211604,3.6771
3216082004,Satriamekar,Tambun Utara,Bekasi,3216,Jawa Barat,107.052266,-6.19865,3.6288
3216082005,Sriamur,Tambun Utara,Bekasi,3216,Jawa Barat,107.052348,-6.174841,4.8208
3216082007,Srijaya,Tambun Utara,Bekasi,3216,Jawa Barat,107.069735,-6.180759,5.3474
3216082008,Srimahi,Tambun Utara,Bekasi,3216,Jawa Barat,107.081013,-6.180845,6.3658
3216082006,Srimukti,Tambun Utara,Bekasi,3216,Jawa Barat,107.061931,-6.17503,3.2661
3216090003,Babelan Kota,Babelan,Bekasi,3216,Jawa Barat,107.029125,-6.16439,6.2724
3216090001,Bahagia,Babelan,Bekasi,3216,Jawa Barat,107.018906,-6.184588,7.2474
3216090006,Bunibakti,Babelan,Bekasi,3216,Jawa Barat,107.03811,-6.10656,7.5395
3216090009,Huripjaya,Babelan,Bekasi,3216,Jawa Barat,107.031937,-6.069391,11.4905
3216090002,Kebalen,Babelan,Bekasi,3216,Jawa Barat,107.036683,-6.1891,4.9982
3216090005,Kedungjaya,Babelan,Bekasi,3216,Jawa Barat,107.021806,-6.14499,7.8744
3216090004,Kedungpengawas,Babelan,Bekasi,3216,Jawa Barat,107.044064,-6.13887,6.9721
3216090007,Muarabakti,Babelan,Bekasi,3216,Jawa Barat,107.056982,-6.10939,8.618
3216090008,Pantai Hurip,Babelan,Bekasi,3216,Jawa Barat,107.054917,-6.0683,5.3254
3216100003,Pahlawan Setia,Tarumajaya,Bekasi,3216,Jawa Barat,107.005011,-6.13633,4.9551
3216100006,Pantaimakmur,Tarumajaya,Bekasi,3216,Jawa Barat,106.998149,-6.10373,4.7831
3216100001,Pusakarakyat,Tarumajaya,Bekasi,3216,Jawa Barat,106.986429,-6.148995,7.3265
3216100008,Samudrajaya,Tarumajaya,Bekasi,3216,Jawa Barat,107.026727,-6.09737,7.044
3216100007,Segarajaya,Tarumajaya,Bekasi,3216,Jawa Barat,107.012457,-6.100897,10.9123
3216100005,Segaramakmur,Tarumajaya,Bekasi,3216,Jawa Barat,106.981047,-6.106198,9.4399
3216100002,Setia Asih,Tarumajaya,Bekasi,3216,Jawa Barat,106.99979,-6.157485,6.221
3216100004,Setiamulya,Tarumajaya,Bekasi,3216,Jawa Barat,106.986873,-6.136955,5.3627
3216110007,Sukabakti,Tambelang,Bekasi,3216,Jawa Barat,107.129281,-6.156139,6.8531
3216110003,Sukamaju,Tambelang,Bekasi,3216,Jawa Barat,107.100686,-6.17885,7.1205
3216110009,Sukamantri,Tambelang,Bekasi,3216,Jawa Barat,107.151548,-6.14372,4.5372
3216110006,Sukarahayu,Tambelang,Bekasi,3216,Jawa Barat,107.122984,-6.170655,4.8833
3216110004,Sukaraja,Tambelang,Bekasi,3216,Jawa Barat,107.1224,-6.206095,2.9484
3216110005,Sukarapih,Tambelang,Bekasi,3216,Jawa Barat,107.12255,-6.186599,4.2353
3216110008,Sukawijaya,Tambelang,Bekasi,3216,Jawa Barat,107.150313,-6.1533,4.4298
3216111003,Sukabudi,Sukawangi,Bekasi,3216,Jawa Barat,107.112572,-6.129545,4.6873
3216111002,Sukadaya,Sukawangi,Bekasi,3216,Jawa Barat,107.097058,-6.137355,10.3699
3216111005,Sukakerta,Sukawangi,Bekasi,3216,Jawa Barat,107.119413,-6.107745,13.413
3216111001,Sukamekar,Sukawangi,Bekasi,3216,Jawa Barat,107.068144,-6.142236,12.2243
3216111006,Sukaringin,Sukawangi,Bekasi,3216,Jawa Barat,107.081784,-6.09295,10.8085
3216111007,Sukatenang,Sukawangi,Bekasi,3216,Jawa Barat,107.074879,-6.10759,12.6733
3216111004,Sukawangi,Sukawangi,Bekasi,3216,Jawa Barat,107.127747,-6.133731,4.1037
3216120003,Banjarsari,Sukatani,Bekasi,3216,Jawa Barat,107.137802,-6.189414,7.2343
3216120001,Sukaasih,Sukatani,Bekasi,3216,Jawa Barat,107.139889,-6.216675,6.1717
3216120007,Sukadarma,Sukatani,Bekasi,3216,Jawa Barat,107.186662,-6.162211,2.6624
3216120004,Sukahurip,Sukatani,Bekasi,3216,Jawa Barat,107.156048,-6.191969,8.8597
3216120005,Sukamanah,Sukatani,Bekasi,3216,Jawa Barat,107.169395,-6.19299,6.5661
3216120006,Sukamulya,Sukatani,Bekasi,3216,Jawa Barat,107.171582,-6.161315,4.2504
3216120002,Sukarukun,Sukatani,Bekasi,3216,Jawa Barat,107.153563,-6.231085,2.6165
3216121006,Sukaindah,Sukakarya,Bekasi,3216,Jawa Barat,107.163251,-6.120836,7.303
3216121001,Sukajadi,Sukakarya,Bekasi,3216,Jawa Barat,107.195665,-6.171146,8.3154
3216121004,Sukakarsa,Sukakarya,Bekasi,3216,Jawa Barat,107.19483,-6.12583,5.6595
3216121005,Sukakarya,Sukakarya,Bekasi,3216,Jawa Barat,107.181646,-6.13462,7.6311
3216121003,Sukalaksana,Sukakarya,Bekasi,3216,Jawa Barat,107.208139,-6.155661,7.4536
3216121002,Sukamakmur,Sukakarya,Bekasi,3216,Jawa Barat,107.218919,-6.18633,5.4922
3216121007,Sukamurni,Sukakarya,Bekasi,3216,Jawa Barat,107.14587,-6.122175,6.7635
3216130002,Bantarjaya,Pebayuran,Bekasi,3216,Jawa Barat,107.267213,-6.215305,6.8423
3216130001,Bantarsari,Pebayuran,Bekasi,3216,Jawa Barat,107.247726,-6.208435,5.9012
3216130013,Karangharja,Pebayuran,Bekasi,3216,Jawa Barat,107.219316,-6.1081,13.5053
3216130005,Karanghaur,Pebayuran,Bekasi,3216,Jawa Barat,107.272607,-6.177577,3.0739
3216130008,Karangjaya,Pebayuran,Bekasi,3216,Jawa Barat,107.249771,-6.157594,4.01
3216130006,Karangpatri,Pebayuran,Bekasi,3216,Jawa Barat,107.245911,-6.18267,12.6118
3216130007,Karangreja,Pebayuran,Bekasi,3216,Jawa Barat,107.229981,-6.154855,8.593
3216130012,Karangsegar,Pebayuran,Bekasi,3216,Jawa Barat,107.223769,-6.12716,10.9708
3216130004,Kertajaya,Pebayuran,Bekasi,3216,Jawa Barat,107.279448,-6.189435,5.5983
3216130003,Kertasari,Pebayuran,Bekasi,3216,Jawa Barat,107.290169,-6.203348,4.4301
3216130010,Sumberreja,Pebayuran,Bekasi,3216,Jawa Barat,107.261905,-6.140885,7.6479
3216130009,Sumbersari,Pebayuran,Bekasi,3216,Jawa Barat,107.273098,-6.154805,6.5175
3216130011,Sumberurip,Pebayuran,Bekasi,3216,Jawa Barat,107.260526,-6.123165,5.7588
3216140001,Jayabakti,Cabangbungin,Bekasi,3216,Jawa Barat,107.104942,-6.081225,8.1248
3216140004,Jayalaksana,Cabangbungin,Bekasi,3216,Jawa Barat,107.184703,-6.095864,6.7962
3216140006,Lenggahjaya,Cabangbungin,Bekasi,3216,Jawa Barat,107.153779,-6.07859,4.9087
3216140008,Lenggahsari,Cabangbungin,Bekasi,3216,Jawa Barat,107.10763,-6.052048,8.8082
3216140007,Setiajaya,Cabangbungin,Bekasi,3216,Jawa Barat,107.127283,-6.06976,6.5761
3216140005,Setialaksana,Cabangbungin,Bekasi,3216,Jawa Barat,107.169665,-6.085169,4.4937
3216140002,Sindangjaya,Cabangbungin,Bekasi,3216,Jawa Barat,107.125433,-6.086371,5.505
3216140003,Sindangsari,Cabangbungin,Bekasi,3216,Jawa Barat,107.157996,-6.10043,4.5951
3216150006,Jayasakti,Muara Gembong,Bekasi,3216,Jawa Barat,107.07773,-6.01656,19.32
3216150001,Pantai Harapanjaya,Muara Gembong,Bekasi,3216,Jawa Barat,107.030743,-6.04782,36.2093
3216150003,Pantai Sederhana,Muara Gembong,Bekasi,3216,Jawa Barat,107.017441,-5.99518,13.5927
3216150005,Pantaibahagia,Muara Gembong,Bekasi,3216,Jawa Barat,107.034155,-5.95199,30.2999
3216150004,Pantaibakti,Muara Gembong,Bekasi,3216,Jawa Barat,107.074511,-5.960409,28.039
3216150002,Pantaimekar,Muara Gembong,Bekasi,3216,Jawa Barat,107.045272,-6.005975,22.5066
3217010004,Bojong,Rongga,Bandung Barat,3217,Jawa Barat,107.21859,-6.971628,19.2385
3217010005,Bojongsalam,Rongga,Bandung Barat,3217,Jawa Barat,107.261361,-6.98607,10.529
3217010002,Cibedug,Rongga,Bandung Barat,3217,Jawa Barat,107.286604,-7.00938,4.212
3217010008,Cibitung,Rongga,Bandung Barat,3217,Jawa Barat,107.303677,-6.93211,14.0176
3217010001,Cicadas,Rongga,Bandung Barat,3217,Jawa Barat,107.294197,-6.989935,10.4084
3217010006,Cinengah,Rongga,Bandung Barat,3217,Jawa Barat,107.281729,-6.97026,11.8451
3217010003,Sukamanah,Rongga,Bandung Barat,3217,Jawa Barat,107.217014,-6.996231,22.8723
3217010007,Sukaresmi,Rongga,Bandung Barat,3217,Jawa Barat,107.257092,-6.947075,24.5877
3217020003,Bunijaya,Gununghalu,Bandung Barat,3217,Jawa Barat,107.266512,-7.032555,16.0376
3217020006,Celak,Gununghalu,Bandung Barat,3217,Jawa Barat,107.353732,-7.023515,14.7913
3217020001,Cilangari,Gununghalu,Bandung Barat,3217,Jawa Barat,107.241346,-7.040717,14.806
3217020005,Gununghalu,Gununghalu,Bandung Barat,3217,Jawa Barat,107.332785,-7.06492,59.0962
3217020002,Sindangjaya,Gununghalu,Bandung Barat,3217,Jawa Barat,107.217628,-7.025678,16.0292
3217020004,Sirnajaya,Gununghalu,Bandung Barat,3217,Jawa Barat,107.289045,-7.046955,26.9963
3217020008,Sukasari,Gununghalu,Bandung Barat,3217,Jawa Barat,107.344124,-6.986148,6.6197
3217020009,Tamanjaya,Gununghalu,Bandung Barat,3217,Jawa Barat,107.323844,-6.994024,8.4075
3217020007,Wargasaluyu,Gununghalu,Bandung Barat,3217,Jawa Barat,107.330651,-7.014303,5.9606
3217030004,Buninagara,Sindangkerta,Bandung Barat,3217,Jawa Barat,107.440975,-7.02894,12.347
3217030008,Cicangkang Girang,Sindangkerta,Bandung Barat,3217,Jawa Barat,107.374674,-7.007836,8.2648
3217030005,Cikadu,Sindangkerta,Bandung Barat,3217,Jawa Barat,107.418883,-6.994524,4.3381
3217030007,Cintakarya,Sindangkerta,Bandung Barat,3217,Jawa Barat,107.403407,-6.98925,3.4954
3217030001,Mekarwangi,Sindangkerta,Bandung Barat,3217,Jawa Barat,107.400773,-7.081283,35.7862
3217030010,Pasirpogor,Sindangkerta,Bandung Barat,3217,Jawa Barat,107.391568,-6.975451,3.1206
3217030009,Puncaksari,Sindangkerta,Bandung Barat,3217,Jawa Barat,107.392343,-6.98918,2.0818
3217030006,Ranca Senggang,Sindangkerta,Bandung Barat,3217,Jawa Barat,107.404374,-7.01221,8.6194
3217030011,Sindangkerta,Sindangkerta,Bandung Barat,3217,Jawa Barat,107.41288,-6.97927,3.8114
3217030003,Wangunsari,Sindangkerta,Bandung Barat,3217,Jawa Barat,107.410639,-7.04028,12.6116
3217030002,Weninggalih,Sindangkerta,Bandung Barat,3217,Jawa Barat,107.377959,-7.043141,14.2624
3217040006,Batulayang,Cililin,Bandung Barat,3217,Jawa Barat,107.450192,-6.963587,8.5772
3217040005,Bongas,Cililin,Bandung Barat,3217,Jawa Barat,107.426779,-6.958583,4.2979
3217040018,Budiharja,Cililin,Bandung Barat,3217,Jawa Barat,107.441245,-6.938438,2.6419
3217040007,Cililin,Cililin,Bandung Barat,3217,Jawa Barat,107.4539,-6.947513,2.8842
3217040019,Karanganyar,Cililin,Bandung Barat,3217,Jawa Barat,107.404446,-6.929873,7.562
3217040008,Karangtanjung,Cililin,Bandung Barat,3217,Jawa Barat,107.463831,-6.956265,5.3749
3217040001,Karyamukti,Cililin,Bandung Barat,3217,Jawa Barat,107.469455,-7.034427,7.386
3217040010,Kidangpananjung,Cililin,Bandung Barat,3217,Jawa Barat,107.478984,-6.981625,6.1213
3217040003,Mukapayung,Cililin,Bandung Barat,3217,Jawa Barat,107.454515,-6.992185,13.0635
3217040002,Nanggerang,Cililin,Bandung Barat,3217,Jawa Barat,107.46025,-7.01785,7.0483
3217040004,Rancapanggung,Cililin,Bandung Barat,3217,Jawa Barat,107.433533,-6.998985,2.5449
3217050016,Cihampelas,Cihampelas,Bandung Barat,3217,Jawa Barat,107.469345,-6.919985,3.3945
3217050014,Cipatik,Cihampelas,Bandung Barat,3217,Jawa Barat,107.506077,-6.94104,1.508
3217050015,Citapen,Cihampelas,Bandung Barat,3217,Jawa Barat,107.492222,-6.936889,3.7925
3217050021,Mekarjaya,Cihampelas,Bandung Barat,3217,Jawa Barat,107.444423,-6.916167,4.4942
3217050017,Mekarmukti,Cihampelas,Bandung Barat,3217,Jawa Barat,107.470644,-6.930953,3.3184
3217050013,Pataruman,Cihampelas,Bandung Barat,3217,Jawa Barat,107.518795,-6.945675,3.1362
3217050009,Singajaya,Cihampelas,Bandung Barat,3217,Jawa Barat,107.475212,-6.95213,4.0373
3217050012,Situwangi,Cihampelas,Bandung Barat,3217,Jawa Barat,107.505278,-6.965395,6.2335
3217050020,Tanjungjaya,Cihampelas,Bandung Barat,3217,Jawa Barat,107.428698,-6.920626,4.5956
3217050011,Tanjungwangi,Cihampelas,Bandung Barat,3217,Jawa Barat,107.490726,-6.956615,4.0785
3217060014,Baranangsiang,Cipongkor,Bandung Barat,3217,Jawa Barat,107.345393,-6.907052,13.0342
3217060011,Cibenda,Cipongkor,Bandung Barat,3217,Jawa Barat,107.314088,-6.947335,5.0636
3217060006,Cicangkang Hilir,Cipongkor,Bandung Barat,3217,Jawa Barat,107.40887,-6.959271,2.6827
3217060012,Cijambu,Cipongkor,Bandung Barat,3217,Jawa Barat,107.341675,-6.930395,6.4015
3217060005,Cijenuk,Cipongkor,Bandung Barat,3217,Jawa Barat,107.377907,-6.972502,4.757
3217060001,Cintaasih,Cipongkor,Bandung Barat,3217,Jawa Barat,107.321768,-6.959685,9.8351
3217060008,Citalem,Cipongkor,Bandung Barat,3217,Jawa Barat,107.389708,-6.94548,5.5045
3217060004,Girimukti,Cipongkor,Bandung Barat,3217,Jawa Barat,107.364066,-6.983566,5.9184
3217060002,Karangsari,Cipongkor,Bandung Barat,3217,Jawa Barat,107.343635,-6.963964,5.0921
3217060009,Mekarsari,Cipongkor,Bandung Barat,3217,Jawa Barat,107.368682,-6.943447,3.154
3217060003,Neglasari,Cipongkor,Bandung Barat,3217,Jawa Barat,107.361892,-6.961011,3.6556
3217060010,Sarinagen,Cipongkor,Bandung Barat,3217,Jawa Barat,107.35261,-6.939314,6.3013
3217060013,Sirnagalih,Cipongkor,Bandung Barat,3217,Jawa Barat,107.328482,-6.911945,4.853
3217060007,Sukamulya,Cipongkor,Bandung Barat,3217,Jawa Barat,107.398517,-6.955999,2.3499
3217060888,Waduk,Cipongkor,Bandung Barat,3217,Jawa Barat,107.401766,-6.959926,0.2743
3217070002,Batujajar Barat,Batujajar,Bandung Barat,3217,Jawa Barat,107.495629,-6.922265,1.6421
3217070003,Batujajar Timur,Batujajar,Bandung Barat,3217,Jawa Barat,107.509847,-6.912781,4.1852
3217070007,Cangkorah,Batujajar,Bandung Barat,3217,Jawa Barat,107.46286,-6.893544,4.0672
3217070005,Galanggang,Batujajar,Bandung Barat,3217,Jawa Barat,107.488255,-6.910345,3.7619
3217070004,Giriasih,Batujajar,Bandung Barat,3217,Jawa Barat,107.500355,-6.896269,6.0689
3217070006,Pangauban,Batujajar,Bandung Barat,3217,Jawa Barat,107.456792,-6.901963,5.1686
3217070001,Selacau,Batujajar,Bandung Barat,3217,Jawa Barat,107.510437,-6.928856,3.4126
3217071001,Bojonghaleuang,Saguling,Bandung Barat,3217,Jawa Barat,107.450474,-6.868677,3.3338
3217071002,Cikande,Saguling,Bandung Barat,3217,Jawa Barat,107.435963,-6.876519,8.8794
3217071004,Cipangeran,Saguling,Bandung Barat,3217,Jawa Barat,107.404902,-6.87739,6.6918
3217071003,Girimukti,Saguling,Bandung Barat,3217,Jawa Barat,107.424993,-6.893068,5.6139
3217071005,Jati,Saguling,Bandung Barat,3217,Jawa Barat,107.399111,-6.899574,6.9291
3217071006,Saguling,Saguling,Bandung Barat,3217,Jawa Barat,107.367293,-6.897251,12.9717
3217080003,Cipatat,Cipatat,Bandung Barat,3217,Jawa Barat,107.392102,-6.840245,14.3371
3217080002,Ciptaharja,Cipatat,Bandung Barat,3217,Jawa Barat,107.373308,-6.854264,13.1279
3217080006,Cirawamekar,Cipatat,Bandung Barat,3217,Jawa Barat,107.426573,-6.809164,10.0502
3217080004,Citatah,Cipatat,Bandung Barat,3217,Jawa Barat,107.415807,-6.83939,16.5208
3217080005,Gunungmasigit,Cipatat,Bandung Barat,3217,Jawa Barat,107.435457,-6.83681,9.1184
3217080009,Kertamukti,Cipatat,Bandung Barat,3217,Jawa Barat,107.379517,-6.804335,10.5583
3217080011,Mandalasari,Cipatat,Bandung Barat,3217,Jawa Barat,107.335154,-6.824335,4.1855
3217080012,Mandalawangi,Cipatat,Bandung Barat,3217,Jawa Barat,107.336246,-6.835543,3.4162
3217080007,Nyalindung,Cipatat,Bandung Barat,3217,Jawa Barat,107.441494,-6.790156,3.3953
3217080001,Rajamandala Kulon,Cipatat,Bandung Barat,3217,Jawa Barat,107.356617,-6.853306,16.7492
3217080010,Sarimukti,Cipatat,Bandung Barat,3217,Jawa Barat,107.345364,-6.807255,9.1577
3217080008,Sumurbandung,Cipatat,Bandung Barat,3217,Jawa Barat,107.41941,-6.78861,10.5296
3217090010,Cempakamekar,Padalarang,Bandung Barat,3217,Jawa Barat,107.455824,-6.802665,7.2915
3217090008,Ciburuy,Padalarang,Bandung Barat,3217,Jawa Barat,107.464551,-6.82721,5.1586
3217090002,Cimerang,Padalarang,Bandung Barat,3217,Jawa Barat,107.489185,-6.876273,3.4615
3217090003,Cipeundeuy,Padalarang,Bandung Barat,3217,Jawa Barat,107.467497,-6.872094,6.6196
3217090005,Jayamekar,Padalarang,Bandung Barat,3217,Jawa Barat,107.461012,-6.851264,5.8838
3217090004,Kertajaya,Padalarang,Bandung Barat,3217,Jawa Barat,107.493184,-6.856256,4.4927
3217090007,Kertamulya,Padalarang,Bandung Barat,3217,Jawa Barat,107.487913,-6.845171,2.4957
3217090001,Laksanamekar,Padalarang,Bandung Barat,3217,Jawa Barat,107.508714,-6.883725,4.3072
3217090006,Padalarang,Padalarang,Bandung Barat,3217,Jawa Barat,107.470213,-6.842043,5.723
3217090009,Tagogapu,Padalarang,Bandung Barat,3217,Jawa Barat,107.482055,-6.804196,7.7402
3217100011,Bojongkoneng,Ngamprah,Bandung Barat,3217,Jawa Barat,107.495775,-6.813569,5.4737
3217100005,Cilame,Ngamprah,Bandung Barat,3217,Jawa Barat,107.520971,-6.845235,5.7549
3217100010,Cimanggu,Ngamprah,Bandung Barat,3217,Jawa Barat,107.507385,-6.813275,5.0398
3217100001,Cimareme,Ngamprah,Bandung Barat,3217,Jawa Barat,107.506748,-6.866527,1.7095
3217100002,Gadobangkong,Ngamprah,Bandung Barat,3217,Jawa Barat,107.519414,-6.868393,1.6057
3217100006,Margajaya,Ngamprah,Bandung Barat,3217,Jawa Barat,107.502746,-6.852744,1.1924
3217100007,Mekarsari,Ngamprah,Bandung Barat,3217,Jawa Barat,107.507261,-6.843315,2.2679
3217100008,Ngamprah,Ngamprah,Bandung Barat,3217,Jawa Barat,107.508495,-6.832412,2.5707
3217100004,Pakuhaji,Ngamprah,Bandung Barat,3217,Jawa Barat,107.536408,-6.837015,2.7379
3217100009,Sukatani,Ngamprah,Bandung Barat,3217,Jawa Barat,107.493707,-6.832223,1.4494
3217100003,Tanimulya,Ngamprah,Bandung Barat,3217,Jawa Barat,107.527558,-6.858494,2.4166
3217110003,Cigugur Girang,Parongpong,Bandung Barat,3217,Jawa Barat,107.585816,-6.828138,4.1558
3217110005,Cihanjuang,Parongpong,Bandung Barat,3217,Jawa Barat,107.569103,-6.848735,2.6301
3217110006,Cihanjuang Rahayu,Parongpong,Bandung Barat,3217,Jawa Barat,107.575631,-6.811122,4.6079
3217110002,Cihideung,Parongpong,Bandung Barat,3217,Jawa Barat,107.593991,-6.816103,5.2299
3217110001,Ciwaruga,Parongpong,Bandung Barat,3217,Jawa Barat,107.575324,-6.864928,3.1504
3217110007,Karyawangi,Parongpong,Bandung Barat,3217,Jawa Barat,107.590182,-6.782755,20.619
3217110004,Sariwangi,Parongpong,Bandung Barat,3217,Jawa Barat,107.573551,-6.857215,2.295
3217120015,Cibodas,Lembang,Bandung Barat,3217,Jawa Barat,107.677247,-6.82344,5.967
3217120011,Cibogo,Lembang,Bandung Barat,3217,Jawa Barat,107.636142,-6.80661,3.1219
3217120008,Cikahuripan,Lembang,Bandung Barat,3217,Jawa Barat,107.610076,-6.790645,7.4825
3217120013,Cikidang,Lembang,Bandung Barat,3217,Jawa Barat,107.664636,-6.79503,8.135
3217120012,Cikole,Lembang,Bandung Barat,3217,Jawa Barat,107.645291,-6.791175,8.0319
3217120001,Gudangkahuripan,Lembang,Bandung Barat,3217,Jawa Barat,107.605648,-6.831875,3.4925
3217120010,Jayagiri,Lembang,Bandung Barat,3217,Jawa Barat,107.624861,-6.791175,9.2688
3217120006,Kayuambon,Lembang,Bandung Barat,3217,Jawa Barat,107.634704,-6.818805,2.2193
3217120005,Langensari,Lembang,Bandung Barat,3217,Jawa Barat,107.643647,-6.82603,3.8841
3217120007,Lembang,Lembang,Bandung Barat,3217,Jawa Barat,107.620172,-6.819995,1.9817
3217120004,Mekarwangi,Lembang,Bandung Barat,3217,Jawa Barat,107.639145,-6.843905,4.185
3217120003,Pagerwangi,Lembang,Bandung Barat,3217,Jawa Barat,107.625939,-6.83969,4.6831
3217120009,Sukajaya,Lembang,Bandung Barat,3217,Jawa Barat,107.598901,-6.790095,6.0731
3217120016,Suntenjaya,Lembang,Bandung Barat,3217,Jawa Barat,107.706388,-6.816545,16.0483
3217120014,Wangunharja,Lembang,Bandung Barat,3217,Jawa Barat,107.676694,-6.80804,7.9699
3217120002,Wangunsari,Lembang,Bandung Barat,3217,Jawa Barat,107.611014,-6.843144,3.6235
3217130007,Cipada,Cisarua,Bandung Barat,3217,Jawa Barat,107.5197,-6.78784,5.8538
3217130002,Jambudipa,Cisarua,Bandung Barat,3217,Jawa Barat,107.553634,-6.823282,4.4783
3217130004,Kertawangi,Cisarua,Bandung Barat,3217,Jawa Barat,107.573725,-6.793106,6.5317
3217130003,Padaasih,Cisarua,Bandung Barat,3217,Jawa Barat,107.561383,-6.834647,4.7605
3217130001,Pasirhalang,Cisarua,Bandung Barat,3217,Jawa Barat,107.531178,-6.823181,3.6856
3217130006,Pasirlangu,Cisarua,Bandung Barat,3217,Jawa Barat,107.538877,-6.797265,12.7923
3217130008,Sadangmekar,Cisarua,Bandung Barat,3217,Jawa Barat,107.490466,-6.78937,7.6944
3217130005,Tugumukti,Cisarua,Bandung Barat,3217,Jawa Barat,107.55478,-6.798442,7.479
3217140008,Cikalong,Cikalong Wetan,Bandung Barat,3217,Jawa Barat,107.427791,-6.732593,7.0495
3217140004,Cipada,Cikalong Wetan,Bandung Barat,3217,Jawa Barat,107.504919,-6.765463,12.1376
3217140007,Ciptagumati,Cikalong Wetan,Bandung Barat,3217,Jawa Barat,107.443972,-6.737802,2.6369
3217140012,Cisomang Barat,Cikalong Wetan,Bandung Barat,3217,Jawa Barat,107.45416,-6.724017,9.6529
3217140005,Ganjarsari,Cikalong Wetan,Bandung Barat,3217,Jawa Barat,107.499349,-6.74645,13.6241
3217140001,Kanangasari,Cikalong Wetan,Bandung Barat,3217,Jawa Barat,107.402486,-6.7642,11.9476
3217140006,Mandalamukti,Cikalong Wetan,Bandung Barat,3217,Jawa Barat,107.451779,-6.749615,6.7788
3217140002,Mandalasari,Cikalong Wetan,Bandung Barat,3217,Jawa Barat,107.441854,-6.76726,10.4881
3217140003,Mekarjaya,Cikalong Wetan,Bandung Barat,3217,Jawa Barat,107.471708,-6.777963,8.3827
3217140010,Puteran,Cikalong Wetan,Bandung Barat,3217,Jawa Barat,107.389049,-6.705688,9.9649
3217140009,Rende,Cikalong Wetan,Bandung Barat,3217,Jawa Barat,107.405641,-6.735819,9.3961
3217140011,Tenjolaut,Cikalong Wetan,Bandung Barat,3217,Jawa Barat,107.424363,-6.711218,11.5937
3217140013,Wangunjaya,Cikalong Wetan,Bandung Barat,3217,Jawa Barat,107.467454,-6.720118,2.739
3217150005,Bojongmekar,Cipeundeuy,Bandung Barat,3217,Jawa Barat,107.35922,-6.754083,3.6333
3217150010,Ciharashas,Cipeundeuy,Bandung Barat,3217,Jawa Barat,107.379534,-6.723753,3.9755
3217150007,Cipeundeuy,Cipeundeuy,Bandung Barat,3217,Jawa Barat,107.356252,-6.73984,2.3779
3217150012,Ciroyom,Cipeundeuy,Bandung Barat,3217,Jawa Barat,107.352602,-6.712992,5.0387
3217150004,Jatimekar,Cipeundeuy,Bandung Barat,3217,Jawa Barat,107.376152,-6.74978,5.0296
3217150008,Margalaksana,Cipeundeuy,Bandung Barat,3217,Jawa Barat,107.342616,-6.731892,5.0617
3217150001,Margaluyu,Cipeundeuy,Bandung Barat,3217,Jawa Barat,107.314021,-6.778741,18.9338
3217150002,Nanggeleng,Cipeundeuy,Bandung Barat,3217,Jawa Barat,107.353405,-6.777605,19.6268
3217150006,Nyenang,Cipeundeuy,Bandung Barat,3217,Jawa Barat,107.346062,-6.748507,2.6575
3217150011,Sirnagalih,Cipeundeuy,Bandung Barat,3217,Jawa Barat,107.368723,-6.711868,3.8958
3217150003,Sirnaraja,Cipeundeuy,Bandung Barat,3217,Jawa Barat,107.387776,-6.777665,10.1425
3217150009,Sukahaji,Cipeundeuy,Bandung Barat,3217,Jawa Barat,107.367697,-6.732698,4.4922
3217888888,Waduk,Waduk,Bandung Barat,3217,Jawa Barat,107.488261,-6.923497,33.32
3218010005,Batumalang,Cimerak,Pangandaran,3218,Jawa Barat,108.43379,-7.79137,11.583
3218010006,Cimerak,Cimerak,Pangandaran,3218,Jawa Barat,108.441806,-7.755501,17.2483
3218010002,Ciparanti,Cimerak,Pangandaran,3218,Jawa Barat,108.402671,-7.79642,8.8034
3218010008,Kertaharja,Cimerak,Pangandaran,3218,Jawa Barat,108.341224,-7.779081,20.7609
3218010001,Kertamukti,Cimerak,Pangandaran,3218,Jawa Barat,108.362167,-7.802149,13.9637
3218010003,Legokjawa,Cimerak,Pangandaran,3218,Jawa Barat,108.439767,-7.807752,11.6692
3218010007,Limusgede,Cimerak,Pangandaran,3218,Jawa Barat,108.376229,-7.783215,13.2537
3218010004,Masawah,Cimerak,Pangandaran,3218,Jawa Barat,108.468937,-7.777557,20.6303
3218010009,Mekarsari,Cimerak,Pangandaran,3218,Jawa Barat,108.330278,-7.720916,22.345
3218010010,Sindangsari,Cimerak,Pangandaran,3218,Jawa Barat,108.359589,-7.716833,33.7556
3218010011,Sukajaya,Cimerak,Pangandaran,3218,Jawa Barat,108.401707,-7.746385,18.6481
3218020004,Batukaras,Cijulang,Pangandaran,3218,Jawa Barat,108.471504,-7.7483,19.731
3218020001,Ciakar,Cijulang,Pangandaran,3218,Jawa Barat,108.385142,-7.699194,13.2051
3218020002,Cibanten,Cijulang,Pangandaran,3218,Jawa Barat,108.410318,-7.705409,18.4422
3218020005,Cijulang,Cijulang,Pangandaran,3218,Jawa Barat,108.475125,-7.73125,6.7313
3218020003,Kertayasa,Cijulang,Pangandaran,3218,Jawa Barat,108.441809,-7.722543,12.9456
3218020006,Kondangjajar,Cijulang,Pangandaran,3218,Jawa Barat,108.470135,-7.713107,6.1343
3218020007,Margacinta,Cijulang,Pangandaran,3218,Jawa Barat,108.456915,-7.696406,15.6008
3218030002,Bunisari,Cigugur,Pangandaran,3218,Jawa Barat,108.399781,-7.659996,19.0976
3218030005,Campaka,Cigugur,Pangandaran,3218,Jawa Barat,108.4141,-7.589585,15.8669
3218030004,Cigugur,Cigugur,Pangandaran,3218,Jawa Barat,108.424442,-7.622324,30.3857
3218030003,Cimindi,Cigugur,Pangandaran,3218,Jawa Barat,108.438403,-7.665757,13.6758
3218030007,Harum Mandala,Cigugur,Pangandaran,3218,Jawa Barat,108.367538,-7.56598,10.4239
3218030001,Kertajaya,Cigugur,Pangandaran,3218,Jawa Barat,108.37217,-7.643525,20.1461
3218030006,Pagerbumi,Cigugur,Pangandaran,3218,Jawa Barat,108.374238,-7.598654,14.0184
3218040010,Bangunjaya,Langkaplancar,Pangandaran,3218,Jawa Barat,108.388395,-7.548497,18.886
3218040002,Bangunkarya,Langkaplancar,Pangandaran,3218,Jawa Barat,108.501916,-7.599822,13.0436
3218040006,Bojong,Langkaplancar,Pangandaran,3218,Jawa Barat,108.46371,-7.537155,18.8969
3218040014,Bojongkondang,Langkaplancar,Pangandaran,3218,Jawa Barat,108.397344,-7.496613,10.2385
3218040005,Bunguraya,Langkaplancar,Pangandaran,3218,Jawa Barat,108.49025,-7.542548,6.1517
3218040009,Cimanggu,Langkaplancar,Pangandaran,3218,Jawa Barat,108.411415,-7.533838,5.4192
3218040008,Cisarua,Langkaplancar,Pangandaran,3218,Jawa Barat,108.42989,-7.520499,15.2496
3218040004,Jadikarya,Langkaplancar,Pangandaran,3218,Jawa Barat,108.497573,-7.567126,18.0278
3218040001,Jadimulya,Langkaplancar,Pangandaran,3218,Jawa Barat,108.477407,-7.60236,22.9857
3218040012,Jayasari,Langkaplancar,Pangandaran,3218,Jawa Barat,108.356534,-7.517654,13.1582
3218040007,Karangkamiri,Langkaplancar,Pangandaran,3218,Jawa Barat,108.427564,-7.554399,13.3973
3218040011,Langkaplancar,Langkaplancar,Pangandaran,3218,Jawa Barat,108.349224,-7.54015,9.2956
3218040015,Mekarwangi,Langkaplancar,Pangandaran,3218,Jawa Barat,108.512998,-7.540658,7.2779
3218040013,Pangkalan,Langkaplancar,Pangandaran,3218,Jawa Barat,108.370477,-7.502696,15.122
3218040003,Sukamulya,Langkaplancar,Pangandaran,3218,Jawa Barat,108.453521,-7.589742,14.3416
3218050006,Bojong,Parigi,Pangandaran,3218,Jawa Barat,108.548101,-7.642662,15.2187
3218050005,Cibenda,Parigi,Pangandaran,3218,Jawa Barat,108.553358,-7.679347,8.8433
3218050004,Ciliang,Parigi,Pangandaran,3218,Jawa Barat,108.52007,-7.68017,6.7714
3218050009,Cintakarya,Parigi,Pangandaran,3218,Jawa Barat,108.499285,-7.655854,11.4903
3218050008,Cintaratu,Parigi,Pangandaran,3218,Jawa Barat,108.521596,-7.653347,9.7808
3218050003,Karangbenda,Parigi,Pangandaran,3218,Jawa Barat,108.489792,-7.680812,9.6822
3218050001,Karangjaladri,Parigi,Pangandaran,3218,Jawa Barat,108.500538,-7.705561,3.8197
3218050010,Parakanmanggu,Parigi,Pangandaran,3218,Jawa Barat,108.465156,-7.659012,13.1937
3218050002,Parigi,Parigi,Pangandaran,3218,Jawa Barat,108.489666,-7.696499,3.3048
3218050007,Selasari,Parigi,Pangandaran,3218,Jawa Barat,108.534961,-7.60182,32.8199
3218060005,Cikalong,Sidamulih,Pangandaran,3218,Jawa Barat,108.57046,-7.647443,8.1357
3218060002,Cikembulan,Sidamulih,Pangandaran,3218,Jawa Barat,108.615312,-7.670846,5.4442
3218060007,Kalijati,Sidamulih,Pangandaran,3218,Jawa Barat,108.58204,-7.576988,26.6005
3218060006,Kersaratu,Sidamulih,Pangandaran,3218,Jawa Barat,108.582104,-7.609208,21.9846
3218060003,Pajaten,Sidamulih,Pangandaran,3218,Jawa Barat,108.605812,-7.660369,5.1132
3218060004,Sidamulih,Sidamulih,Pangandaran,3218,Jawa Barat,108.599972,-7.637402,12.7582
3218060001,Sukaresik,Sidamulih,Pangandaran,3218,Jawa Barat,108.583999,-7.669072,8.7966
3218070004,Babakan,Pangandaran,Pangandaran,3218,Jawa Barat,108.674894,-7.677003,6.461
3218070008,Pagergunung,Pangandaran,Pangandaran,3218,Jawa Barat,108.632875,-7.613275,17.0338
3218070002,Pananjung,Pangandaran,Pangandaran,3218,Jawa Barat,108.648636,-7.68048,3.707
3218070003,Pangandaran,Pangandaran,Pangandaran,3218,Jawa Barat,108.658682,-7.707307,6.8478
3218070006,Purbahayu,Pangandaran,Pangandaran,3218,Jawa Barat,108.656039,-7.644875,12.5187
3218070007,Sidomulyo,Pangandaran,Pangandaran,3218,Jawa Barat,108.626356,-7.644537,10.3594
3218070005,Sukahurip,Pangandaran,Pangandaran,3218,Jawa Barat,108.671984,-7.636955,18.8049
3218070001,Wonoharjo,Pangandaran,Pangandaran,3218,Jawa Barat,108.631551,-7.67722,3.9451
3218080003,Bagolo,Kalipucang,Pangandaran,3218,Jawa Barat,108.756736,-7.681156,8.1461
3218080007,Banjarharja,Kalipucang,Pangandaran,3218,Jawa Barat,108.721898,-7.622774,13.268
3218080006,Cibuluh,Kalipucang,Pangandaran,3218,Jawa Barat,108.731544,-7.638831,5.3075
3218080009,Ciparakan,Kalipucang,Pangandaran,3218,Jawa Barat,108.671036,-7.588665,17.8877
3218080002,Emplak,Kalipucang,Pangandaran,3218,Jawa Barat,108.735666,-7.662013,10.2334
3218080005,Kalipucang,Kalipucang,Pangandaran,3218,Jawa Barat,108.752293,-7.646556,5.3634
3218080004,Pamotan,Kalipucang,Pangandaran,3218,Jawa Barat,108.78532,-7.675902,13.4
3218080001,Putrapinggan,Kalipucang,Pangandaran,3218,Jawa Barat,108.698954,-7.649891,19.3811
3218080008,Tunggilis,Kalipucang,Pangandaran,3218,Jawa Barat,108.714483,-7.60304,7.7475
3218090002,Bojongsari,Padaherang,Pangandaran,3218,Jawa Barat,108.678061,-7.580061,6.566
3218090013,Cibogo,Padaherang,Pangandaran,3218,Jawa Barat,108.686841,-7.510799,2.6163
3218090003,Ciganjeng,Padaherang,Pangandaran,3218,Jawa Barat,108.720587,-7.588945,7.6494
3218090012,Karangmulya,Padaherang,Pangandaran,3218,Jawa Barat,108.672257,-7.522375,4.2275
3218090009,Karangpawitan,Padaherang,Pangandaran,3218,Jawa Barat,108.706867,-7.52858,6.7687
3218090006,Karangsari,Padaherang,Pangandaran,3218,Jawa Barat,108.693925,-7.55968,12.2983
3218090011,Kedungwuluh,Padaherang,Pangandaran,3218,Jawa Barat,108.672309,-7.539781,11.4185
3218090008,Maruyung Sari,Padaherang,Pangandaran,3218,Jawa Barat,108.725787,-7.516485,6.7459
3218090010,Padaherang,Padaherang,Pangandaran,3218,Jawa Barat,108.695265,-7.548061,4.0321
3218090007,Paledah,Padaherang,Pangandaran,3218,Jawa Barat,108.730766,-7.54126,8.8208
3218090001,Panyutran,Padaherang,Pangandaran,3218,Jawa Barat,108.641878,-7.5629,15.8051
3218090014,Pasirgeulis,Padaherang,Pangandaran,3218,Jawa Barat,108.663588,-7.513452,9.2017
3218090005,Sindangwangi,Padaherang,Pangandaran,3218,Jawa Barat,108.712971,-7.570619,7.5299
3218090004,Sukanagara,Padaherang,Pangandaran,3218,Jawa Barat,108.738245,-7.573214,11.3623
3218100004,Jangraga,Mangunjaya,Pangandaran,3218,Jawa Barat,108.676264,-7.487517,6.2008
3218100002,Kertajaya,Mangunjaya,Pangandaran,3218,Jawa Barat,108.717664,-7.486588,4.9635
3218100003,Mangunjaya,Mangunjaya,Pangandaran,3218,Jawa Barat,108.70069,-7.477575,5.101
3218100005,Sindang Jaya,Mangunjaya,Pangandaran,3218,Jawa Barat,108.656816,-7.479551,9.5938
3218100001,Sukamaju,Mangunjaya,Pangandaran,3218,Jawa Barat,108.706202,-7.499141,7.5919
3271010013,Batutulis,Bogor Selatan,Kota Bogor,3271,Jawa Barat,106.80774,-6.621899,0.6887
3271010007,Bojongkerta,Bogor Selatan,Kota Bogor,3271,Jawa Barat,106.838782,-6.669381,2.4611
3271010014,Bondongan,Bogor Selatan,Kota Bogor,3271,Jawa Barat,106.804927,-6.612892,0.5831
3271010016,Cikaret,Bogor Selatan,Kota Bogor,3271,Jawa Barat,106.785473,-6.618088,1.3944
3271010011,Cipaku,Bogor Selatan,Kota Bogor,3271,Jawa Barat,106.813086,-6.636663,1.6401
3271010015,Empang,Bogor Selatan,Kota Bogor,3271,Jawa Barat,106.798519,-6.612897,0.9377
3271010004,Genteng,Bogor Selatan,Kota Bogor,3271,Jawa Barat,106.820719,-6.645935,2.0915
3271010008,Harjasari,Bogor Selatan,Kota Bogor,3271,Jawa Barat,106.843485,-6.66118,1.5291
3271010005,Kertamaya,Bogor Selatan,Kota Bogor,3271,Jawa Barat,106.823114,-6.655533,4.5135
3271010012,Lawanggintung,Bogor Selatan,Kota Bogor,3271,Jawa Barat,106.813571,-6.625261,0.6366
3271010009,Muarasari,Bogor Selatan,Kota Bogor,3271,Jawa Barat,106.834317,-6.646775,1.6853
3271010001,Mulyaharja,Bogor Selatan,Kota Bogor,3271,Jawa Barat,106.790275,-6.638731,5.5002
3271010010,Pakuan,Bogor Selatan,Kota Bogor,3271,Jawa Barat,106.822848,-6.632429,1.1043
3271010002,Pamoyanan,Bogor Selatan,Kota Bogor,3271,Jawa Barat,106.802192,-6.640925,2.6398
3271010006,Rancamaya,Bogor Selatan,Kota Bogor,3271,Jawa Barat,106.826216,-6.671778,1.8948
3271010003,Ranggamekar,Bogor Selatan,Kota Bogor,3271,Jawa Barat,106.80224,-6.624404,1.6529
3271020005,Baranangsiang,Bogor Timur,Kota Bogor,3271,Jawa Barat,106.814534,-6.609766,2.6964
3271020004,Katulampa,Bogor Timur,Kota Bogor,3271,Jawa Barat,106.827356,-6.615589,4.6552
3271020002,Sindangrasa,Bogor Timur,Kota Bogor,3271,Jawa Barat,106.835608,-6.637344,1.0466
3271020001,Sindangsari,Bogor Timur,Kota Bogor,3271,Jawa Barat,106.843311,-6.645841,1.1588
3271020006,Sukasari,Bogor Timur,Kota Bogor,3271,Jawa Barat,106.810379,-6.615642,0.5931
3271020003,Tajur,Bogor Timur,Kota Bogor,3271,Jawa Barat,106.825712,-6.629717,0.5247
3271030001,Bantarjati,Bogor Utara,Kota Bogor,3271,Jawa Barat,106.806354,-6.5765,1.878
3271030006,Cibuluh,Bogor Utara,Kota Bogor,3271,Jawa Barat,106.816389,-6.560329,1.9568
3271030005,Ciluar,Bogor Utara,Kota Bogor,3271,Jawa Barat,106.828525,-6.563325,2.4329
3271030004,Cimahpar,Bogor Utara,Kota Bogor,3271,Jawa Barat,106.829764,-6.585043,3.4302
3271030008,Ciparigi,Bogor Utara,Kota Bogor,3271,Jawa Barat,106.816281,-6.54633,1.8054
3271030007,Kedunghalang,Bogor Utara,Kota Bogor,3271,Jawa Barat,106.806605,-6.55036,1.8617
3271030003,Tanahbaru,Bogor Utara,Kota Bogor,3271,Jawa Barat,106.822127,-6.57681,3.5216
3271030002,Tegalgundil,Bogor Utara,Kota Bogor,3271,Jawa Barat,106.814847,-6.581025,1.8736
3271040005,Babakan,Bogor Tengah,Kota Bogor,3271,Jawa Barat,106.805296,-6.590785,1.1292
3271040003,Babakanpasar,Bogor Tengah,Kota Bogor,3271,Jawa Barat,106.802924,-6.606155,0.3524
3271040008,Cibogor,Bogor Tengah,Kota Bogor,3271,Jawa Barat,106.790826,-6.588905,0.4744
3271040011,Ciwaringin,Bogor Tengah,Kota Bogor,3271,Jawa Barat,106.789165,-6.584495,0.7843
3271040002,Gudang,Bogor Tengah,Kota Bogor,3271,Jawa Barat,106.799758,-6.607446,0.3379
3271040010,Kebonkelapa,Bogor Tengah,Kota Bogor,3271,Jawa Barat,106.783571,-6.591126,0.5079
3271040007,Pabaton,Bogor Tengah,Kota Bogor,3271,Jawa Barat,106.794187,-6.588969,0.6376
3271040001,Paledang,Bogor Tengah,Kota Bogor,3271,Jawa Barat,106.797954,-6.600532,1.7398
3271040009,Panaragan,Bogor Tengah,Kota Bogor,3271,Jawa Barat,106.785807,-6.598115,0.3106
3271040006,Sempur,Bogor Tengah,Kota Bogor,3271,Jawa Barat,106.798164,-6.586061,0.5757
3271040004,Tegallega,Bogor Tengah,Kota Bogor,3271,Jawa Barat,106.810296,-6.597993,1.2023
3271050011,Balungbangjaya,Bogor Barat,Kota Bogor,3271,Jawa Barat,106.740257,-6.559588,1.4458
3271050013,Bubulak,Bogor Barat,Kota Bogor,3271,Jawa Barat,106.753764,-6.560173,1.9366
3271050008,Cilendek Barat,Bogor Barat,Kota Bogor,3271,Jawa Barat,106.767124,-6.570082,1.6581
3271050007,Cilendek Timur,Bogor Barat,Kota Bogor,3271,Jawa Barat,106.776281,-6.569743,1.2119
3271050016,Curug,Bogor Barat,Kota Bogor,3271,Jawa Barat,106.767193,-6.544813,1.2848
3271050015,Curugmekar,Bogor Barat,Kota Bogor,3271,Jawa Barat,106.770186,-6.559412,1.2909
3271050004,Gunungbatu,Bogor Barat,Kota Bogor,3271,Jawa Barat,106.774682,-6.591227,1.0421
3271050005,Loji,Bogor Barat,Kota Bogor,3271,Jawa Barat,106.769166,-6.588127,1.2626
3271050010,Margajaya,Bogor Barat,Kota Bogor,3271,Jawa Barat,106.745037,-6.570501,1.0171
3271050006,Menteng,Bogor Barat,Kota Bogor,3271,Jawa Barat,106.780278,-6.581747,2.1696
3271050003,Pasirjaya,Bogor Barat,Kota Bogor,3271,Jawa Barat,106.791839,-6.607038,1.4167
3271050002,Pasirkuda,Bogor Barat,Kota Bogor,3271,Jawa Barat,106.782439,-6.606959,1.3775
3271050001,Pasirmulya,Bogor Barat,Kota Bogor,3271,Jawa Barat,106.775678,-6.598686,0.5565
3271050014,Semplak,Bogor Barat,Kota Bogor,3271,Jawa Barat,106.76218,-6.55655,1.0191
3271050009,Sindangbarang,Bogor Barat,Kota Bogor,3271,Jawa Barat,106.758852,-6.575739,1.9074
3271050012,Situgede,Bogor Barat,Kota Bogor,3271,Jawa Barat,106.747731,-6.553502,2.33
3271060008,Cibadak,Tanah Sereal,Kota Bogor,3271,Jawa Barat,106.776707,-6.546554,3.0417
3271060009,Kayumanis,Tanah Sereal,Kota Bogor,3271,Jawa Barat,106.771056,-6.527175,2.5171
3271060003,Kebonpedes,Tanah Sereal,Kota Bogor,3271,Jawa Barat,106.793836,-6.573831,1.1214
3271060005,Kedungbadak,Tanah Sereal,Kota Bogor,3271,Jawa Barat,106.798432,-6.562478,2.2627
3271060002,Kedungjaya,Tanah Sereal,Kota Bogor,3271,Jawa Barat,106.7879,-6.565993,0.8132
3271060001,Kedungwaringin,Tanah Sereal,Kota Bogor,3271,Jawa Barat,106.783343,-6.566713,1.5318
3271060011,Kencana,Tanah Sereal,Kota Bogor,3271,Jawa Barat,106.788531,-6.528547,2.0362
3271060010,Mekarwangi,Tanah Sereal,Kota Bogor,3271,Jawa Barat,106.780568,-6.527176,3.319
3271060007,Sukadamai,Tanah Sereal,Kota Bogor,3271,Jawa Barat,106.788931,-6.551583,1.5197
3271060006,Sukaresmi,Tanah Sereal,Kota Bogor,3271,Jawa Barat,106.795522,-6.547715,1.8057
3271060004,Tanahsareal,Tanah Sereal,Kota Bogor,3271,Jawa Barat,106.800455,-6.572621,1.1402
3272010009,Baros,Baros,Kota Sukabumi,3272,Jawa Barat,106.945028,-6.96202,1.8978
3272010007,Jayamekar,Baros,Kota Sukabumi,3272,Jawa Barat,106.924526,-6.959915,1.1278
3272010008,Jayaraksa,Baros,Kota Sukabumi,3272,Jawa Barat,106.930222,-6.954977,1.512
3272010006,Sudajaya Hilir,Baros,Kota Sukabumi,3272,Jawa Barat,106.922289,-6.955377,1.0115
3272011004,Cikundul,Lembursitu,Kota Sukabumi,3272,Jawa Barat,106.914011,-6.969654,2.5261
3272011003,Cipanengah,Lembursitu,Kota Sukabumi,3272,Jawa Barat,106.906218,-6.964658,1.4547
3272011001,Lembursitu,Lembursitu,Kota Sukabumi,3272,Jawa Barat,106.884072,-6.966176,3.8388
3272011005,Sindangsari,Lembursitu,Kota Sukabumi,3272,Jawa Barat,106.915643,-6.953804,1.2842
3272011002,Situmekar,Lembursitu,Kota Sukabumi,3272,Jawa Barat,106.8981,-6.966803,1.9768
3272012003,Babakan,Cibeureum,Kota Sukabumi,3272,Jawa Barat,106.955256,-6.934129,2.3216
3272012004,Cibeureum Hilir,Cibeureum,Kota Sukabumi,3272,Jawa Barat,106.947514,-6.930163,2.5207
3272012002,Limusnunggal,Cibeureum,Kota Sukabumi,3272,Jawa Barat,106.9428,-6.947894,2.6765
3272012001,Sindangpalay,Cibeureum,Kota Sukabumi,3272,Jawa Barat,106.948232,-6.9538,1.7316
3272020001,Cikondang,Citamiang,Kota Sukabumi,3272,Jawa Barat,106.925069,-6.938532,0.6604
3272020003,Citamiang,Citamiang,Kota Sukabumi,3272,Jawa Barat,106.928942,-6.936943,0.7875
3272020002,Gedong Panjang,Citamiang,Kota Sukabumi,3272,Jawa Barat,106.933612,-6.941262,1.1444
3272020004,Nanggeleng,Citamiang,Kota Sukabumi,3272,Jawa Barat,106.937594,-6.932884,1.0189
3272020005,Tipar,Citamiang,Kota Sukabumi,3272,Jawa Barat,106.929576,-6.928197,0.4098
3272030004,Benteng,Warudoyong,Kota Sukabumi,3272,Jawa Barat,106.915978,-6.924313,1.1895
3272030001,Dayeuhluhur,Warudoyong,Kota Sukabumi,3272,Jawa Barat,106.916828,-6.93957,2.5165
3272030003,Nyomplong,Warudoyong,Kota Sukabumi,3272,Jawa Barat,106.922244,-6.927188,0.5997
3272030005,Sukakarya,Warudoyong,Kota Sukabumi,3272,Jawa Barat,106.905899,-6.927739,2.8834
3272030002,Warudoyong,Warudoyong,Kota Sukabumi,3272,Jawa Barat,106.923128,-6.932833,0.4584
3272040002,Gunung Puyuh,Gunung Puyuh,Kota Sukabumi,3272,Jawa Barat,106.916865,-6.914327,0.7561
3272040004,Karamat,Gunung Puyuh,Kota Sukabumi,3272,Jawa Barat,106.922566,-6.905275,1.4791
3272040001,Karang Tengah,Gunung Puyuh,Kota Sukabumi,3272,Jawa Barat,106.911936,-6.906283,2.1909
3272040003,Sriwidari,Gunung Puyuh,Kota Sukabumi,3272,Jawa Barat,106.923347,-6.915349,0.789
3272050003,Cikole,Cikole,Kota Sukabumi,3272,Jawa Barat,106.935977,-6.912356,0.8087
3272050005,Cisarua,Cikole,Kota Sukabumi,3272,Jawa Barat,106.941042,-6.916139,1.6822
3272050001,Gunung Parang,Cikole,Kota Sukabumi,3272,Jawa Barat,106.927034,-6.921339,0.4577
3272050002,Kebonjati,Cikole,Kota Sukabumi,3272,Jawa Barat,106.934126,-6.922657,0.4791
3272050004,Selabatu,Cikole,Kota Sukabumi,3272,Jawa Barat,106.932198,-6.910969,1.2407
3272050006,Subangjaya,Cikole,Kota Sukabumi,3272,Jawa Barat,106.948294,-6.916703,1.8747
3273010005,Caringin,Bandung Kulon,Kota Bandung,3273,Jawa Barat,107.57065,-6.933257,0.6598
3273010007,Cibuntu,Bandung Kulon,Kota Bandung,3273,Jawa Barat,107.572675,-6.921068,0.7426
3273010002,Cigondewah Kaler,Bandung Kulon,Kota Bandung,3273,Jawa Barat,107.562322,-6.93648,1.3728
3273010003,Cigondewah Kidul,Bandung Kulon,Kota Bandung,3273,Jawa Barat,107.562519,-6.941138,0.6331
3273010004,Cigondewah Rahayu,Bandung Kulon,Kota Bandung,3273,Jawa Barat,107.563447,-6.948251,0.6426
3273010008,Cijerah,Bandung Kulon,Kota Bandung,3273,Jawa Barat,107.567157,-6.921583,0.9617
3273010001,Gempol Sari,Bandung Kulon,Kota Bandung,3273,Jawa Barat,107.553791,-6.932393,1.1726
3273010006,Warung Muncang,Bandung Kulon,Kota Bandung,3273,Jawa Barat,107.576765,-6.925819,0.7169
3273020005,Babakan,Babakan Ciparay,Kota Bandung,3273,Jawa Barat,107.576399,-6.933709,1.3529
3273020004,Babakan Ciparay,Babakan Ciparay,Kota Bandung,3273,Jawa Barat,107.578987,-6.941457,1.3639
3273020002,Cirangrang,Babakan Ciparay,Kota Bandung,3273,Jawa Barat,107.585266,-6.956381,0.7267
3273020003,Margahayu Utara,Babakan Ciparay,Kota Bandung,3273,Jawa Barat,107.57455,-6.947831,1.4811
3273020001,Margasuka,Babakan Ciparay,Kota Bandung,3273,Jawa Barat,107.576496,-6.954838,1.2388
3273020006,Sukahaji,Babakan Ciparay,Kota Bandung,3273,Jawa Barat,107.58414,-6.926755,0.8652
3273030003,Babakan Asih,Bojongloa Kaler,Kota Bandung,3273,Jawa Barat,107.594693,-6.93266,0.2818
3273030004,Babakan Tarogong,Bojongloa Kaler,Kota Bandung,3273,Jawa Barat,107.593169,-6.92733,0.502
3273030005,Jamika,Bojongloa Kaler,Kota Bandung,3273,Jawa Barat,107.588998,-6.923644,0.5285
3273030001,Kopo,Bojongloa Kaler,Kota Bandung,3273,Jawa Barat,107.588139,-6.941337,0.9196
3273030002,Suka Asih,Bojongloa Kaler,Kota Bandung,3273,Jawa Barat,107.588874,-6.932528,0.8638
3273040004,Cibaduyut,Bojongloa Kidul,Kota Bandung,3273,Jawa Barat,107.593624,-6.953608,0.6384
3273040001,Cibaduyut Kidul,Bojongloa Kidul,Kota Bandung,3273,Jawa Barat,107.590473,-6.95939,0.4555
3273040002,Cibaduyut Wetan,Bojongloa Kidul,Kota Bandung,3273,Jawa Barat,107.598968,-6.958673,0.7655
3273040005,Kebon Lega,Bojongloa Kidul,Kota Bandung,3273,Jawa Barat,107.599591,-6.945953,1.3697
3273040003,Mekar Wangi,Bojongloa Kidul,Kota Bandung,3273,Jawa Barat,107.607503,-6.955887,1.1252
3273040006,Situsaeur,Bojongloa Kidul,Kota Bandung,3273,Jawa Barat,107.596703,-6.939204,0.819
3273050005,Cibadak,Astanaanyar,Kota Bandung,3273,Jawa Barat,107.595774,-6.923168,0.4838
3273050006,Karang Anyar,Astanaanyar,Kota Bandung,3273,Jawa Barat,107.601397,-6.92357,0.4033
3273050001,Karasak,Astanaanyar,Kota Bandung,3273,Jawa Barat,107.608656,-6.950672,0.4799
3273050003,Nyengseret,Astanaanyar,Kota Bandung,3273,Jawa Barat,107.601861,-6.931183,0.3339
3273050004,Panjunan,Astanaanyar,Kota Bandung,3273,Jawa Barat,107.598518,-6.93046,0.2982
3273050002,Pelindung Hewan,Astanaanyar,Kota Bandung,3273,Jawa Barat,107.603086,-6.939979,0.6539
3273060003,Ancol,Regol,Kota Bandung,3273,Jawa Barat,107.616134,-6.940519,0.7897
3273060007,Balong Gede,Regol,Kota Bandung,3273,Jawa Barat,107.60695,-6.926587,0.5501
3273060005,Ciateul,Regol,Kota Bandung,3273,Jawa Barat,107.608231,-6.934426,0.6483
3273060004,Cigereleng,Regol,Kota Bandung,3273,Jawa Barat,107.610316,-6.940377,0.7836
3273060001,Ciseureuh,Regol,Kota Bandung,3273,Jawa Barat,107.612621,-6.950483,0.7171
3273060002,Pasirluyu,Regol,Kota Bandung,3273,Jawa Barat,107.620189,-6.945156,0.827
3273060006,Pungkur,Regol,Kota Bandung,3273,Jawa Barat,107.607212,-6.929812,0.4002
3273070005,Burangrang,Lengkong,Kota Bandung,3273,Jawa Barat,107.617982,-6.929661,0.4674
3273070001,Cijagra,Lengkong,Kota Bandung,3273,Jawa Barat,107.624756,-6.942246,1.1149
3273070006,Cikawao,Lengkong,Kota Bandung,3273,Jawa Barat,107.611537,-6.926648,0.3594
3273070003,Lingkar Selatan,Lengkong,Kota Bandung,3273,Jawa Barat,107.629679,-6.929185,1.2791
3273070004,Malabar,Lengkong,Kota Bandung,3273,Jawa Barat,107.621541,-6.9267,0.6868
3273070007,Paledang,Lengkong,Kota Bandung,3273,Jawa Barat,107.614601,-6.925268,0.3634
3273070002,Turangga,Lengkong,Kota Bandung,3273,Jawa Barat,107.630056,-6.939586,1.5969
3273080003,Batununggal,Bandung Kidul,Kota Bandung,3273,Jawa Barat,107.630831,-6.952503,1.8143
3273080004,Kujangsari,Bandung Kidul,Kota Bandung,3273,Jawa Barat,107.642357,-6.959839,1.1935
3273080002,Mengger,Bandung Kidul,Kota Bandung,3273,Jawa Barat,107.629493,-6.959203,1.5554
3273080001,Wates,Bandung Kidul,Kota Bandung,3273,Jawa Barat,107.615434,-6.957856,0.8108
3273090001,Cijaura,Buahbatu,Kota Bandung,3273,Jawa Barat,107.648063,-6.955945,1.6204
3273090004,Jati Sari,Buahbatu,Kota Bandung,3273,Jawa Barat,107.66369,-6.935617,1.158
3273090002,Margasari,Buahbatu,Kota Bandung,3273,Jawa Barat,107.65906,-6.954906,2.5443
3273090003,Sekejati,Buahbatu,Kota Bandung,3273,Jawa Barat,107.652311,-6.946663,2.0822
3273100002,Cipamokolan,Rancasari,Kota Bandung,3273,Jawa Barat,107.675235,-6.946573,2.0186
3273100001,Derwati,Rancasari,Kota Bandung,3273,Jawa Barat,107.681755,-6.960668,1.7796
3273100005,Manjahlega,Rancasari,Kota Bandung,3273,Jawa Barat,107.666994,-6.946347,1.4389
3273100006,Mekarjaya,Rancasari,Kota Bandung,3273,Jawa Barat,107.664275,-6.96164,1.7292
3273101004,Cimincrang,Gedebage,Kota Bandung,3273,Jawa Barat,107.702962,-6.945867,1.9017
3273101003,Cisaranten Kidul,Gedebage,Kota Bandung,3273,Jawa Barat,107.696254,-6.95078,4.113
3273101001,Rancabolang,Gedebage,Kota Bandung,3273,Jawa Barat,107.691275,-6.959745,2.6584
3273101002,Rancanumpang,Gedebage,Kota Bandung,3273,Jawa Barat,107.710606,-6.961347,1.2088
3273110004,Cipadung,Cibiru,Kota Bandung,3273,Jawa Barat,107.719114,-6.923098,1.3526
3273110006,Cisurupan,Cibiru,Kota Bandung,3273,Jawa Barat,107.723097,-6.908856,2.318
3273110005,Palasari,Cibiru,Kota Bandung,3273,Jawa Barat,107.722875,-6.913473,1.7073
3273110003,Pasir Biru,Cibiru,Kota Bandung,3273,Jawa Barat,107.724575,-6.919484,1.4178
3273111002,Cipadung Kidul,Panyileukan,Kota Bandung,3273,Jawa Barat,107.711954,-6.941852,1.6694
3273111004,Cipadung Kulon,Panyileukan,Kota Bandung,3273,Jawa Barat,107.704201,-6.921301,1.0983
3273111003,Cipadung Wetan,Panyileukan,Kota Bandung,3273,Jawa Barat,107.709211,-6.931077,0.9289
3273111001,Mekar Mulya,Panyileukan,Kota Bandung,3273,Jawa Barat,107.69938,-6.930344,1.5694
3273120006,Cigending,Ujung Berung,Kota Bandung,3273,Jawa Barat,107.69809,-6.910136,0.8479
3273120003,Pasanggrahan,Ujung Berung,Kota Bandung,3273,Jawa Barat,107.714243,-6.910969,1.6571
3273120007,Pasir Endah,Ujung Berung,Kota Bandung,3273,Jawa Barat,107.690115,-6.904469,0.9646
3273120005,Pasir Wangi,Ujung Berung,Kota Bandung,3273,Jawa Barat,107.70497,-6.902144,1.2865
3273120004,Pasirjati,Ujung Berung,Kota Bandung,3273,Jawa Barat,107.711204,-6.90252,1.4375
3273121002,Babakan Penghulu,Cinambo,Kota Bandung,3273,Jawa Barat,107.688819,-6.936127,1.8746
3273121001,Cisaranten Wetan,Cinambo,Kota Bandung,3273,Jawa Barat,107.687926,-6.923742,0.4776
3273121003,Pakemitan,Cinambo,Kota Bandung,3273,Jawa Barat,107.693377,-6.922271,1.5125
3273121004,Sukamulya,Cinambo,Kota Bandung,3273,Jawa Barat,107.697878,-6.921715,0.3618
3273130002,Cisaranten Bina Harapan,Arcamanik,Kota Bandung,3273,Jawa Barat,107.686387,-6.912107,1.1365
3273130005,Cisaranten Endah,Arcamanik,Kota Bandung,3273,Jawa Barat,107.672449,-6.929762,1.6547
3273130001,Cisaranten Kulon,Arcamanik,Kota Bandung,3273,Jawa Barat,107.680832,-6.926509,2.1144
3273130003,Sukamiskin,Arcamanik,Kota Bandung,3273,Jawa Barat,107.6748,-6.9143,2.6283
3273141001,Antapani Kidul,Antapani,Kota Bandung,3273,Jawa Barat,107.659783,-6.923431,1.4427
3273141004,Antapani Kulon,Antapani,Kota Bandung,3273,Jawa Barat,107.656254,-6.909903,0.5216
3273141002,Antapani Tengah,Antapani,Kota Bandung,3273,Jawa Barat,107.665885,-6.921479,1.1663
3273141003,Antapani Wetan,Antapani,Kota Bandung,3273,Jawa Barat,107.664418,-6.909498,1.0612
3273142001,Jatihandap,Mandalajati,Kota Bandung,3273,Jawa Barat,107.663892,-6.893976,1.6741
3273142002,Karang Pamulang,Mandalajati,Kota Bandung,3273,Jawa Barat,107.67165,-6.897939,1.4916
3273142004,Pasir Impun,Mandalajati,Kota Bandung,3273,Jawa Barat,107.679069,-6.897229,0.8258
3273142003,Sindang Jaya,Mandalajati,Kota Bandung,3273,Jawa Barat,107.683635,-6.900323,0.7762
3273150004,Babakan Sari,Kiaracondong,Kota Bandung,3273,Jawa Barat,107.649651,-6.923152,1.1385
3273150005,Babakan Surabaya,Kiaracondong,Kota Bandung,3273,Jawa Barat,107.647916,-6.913531,0.8271
3273150006,Cicaheum,Kiaracondong,Kota Bandung,3273,Jawa Barat,107.650333,-6.907608,0.9318
3273150001,Kebon Kangkung,Kiaracondong,Kota Bandung,3273,Jawa Barat,107.644044,-6.937459,0.577
3273150003,Kebun Jayanti,Kiaracondong,Kota Bandung,3273,Jawa Barat,107.647131,-6.927233,0.2851
3273150002,Sukapura,Kiaracondong,Kota Bandung,3273,Jawa Barat,107.652411,-6.934958,2.0001
3273160002,Binong,Batununggal,Kota Bandung,3273,Jawa Barat,107.640588,-6.938303,0.5854
3273160005,Cibangkong,Batununggal,Kota Bandung,3273,Jawa Barat,107.633348,-6.923987,0.5031
3273160001,Gumuruh,Batununggal,Kota Bandung,3273,Jawa Barat,107.637311,-6.937575,0.8797
3273160007,Kacapiring,Batununggal,Kota Bandung,3273,Jawa Barat,107.632484,-6.917214,0.8745
3273160003,Kebon Gedang,Batununggal,Kota Bandung,3273,Jawa Barat,107.643315,-6.92722,0.2312
3273160008,Kebon Waru,Batununggal,Kota Bandung,3273,Jawa Barat,107.640931,-6.91652,0.9007
3273160004,Maleer,Batununggal,Kota Bandung,3273,Jawa Barat,107.639597,-6.92644,0.4387
3273160006,Samoja,Batununggal,Kota Bandung,3273,Jawa Barat,107.628021,-6.921698,0.3636
3273170004,Babakan Ciamis,Sumur Bandung,Kota Bandung,3273,Jawa Barat,107.608343,-6.911132,0.7905
3273170001,Braga,Sumur Bandung,Kota Bandung,3273,Jawa Barat,107.608436,-6.918213,0.645
3273170002,Kebon Pisang,Sumur Bandung,Kota Bandung,3273,Jawa Barat,107.61813,-6.919044,0.6104
3273170003,Merdeka,Sumur Bandung,Kota Bandung,3273,Jawa Barat,107.621382,-6.913581,1.4171
3273180001,Campaka,Andir,Kota Bandung,3273,Jawa Barat,107.565728,-6.900692,0.9548
3273180005,Ciroyom,Andir,Kota Bandung,3273,Jawa Barat,107.58829,-6.915177,0.636
3273180004,Dungus Cariang,Andir,Kota Bandung,3273,Jawa Barat,107.580189,-6.913264,0.6618
3273180003,Garuda,Andir,Kota Bandung,3273,Jawa Barat,107.577127,-6.911355,0.491
3273180006,Kebon Jeruk,Andir,Kota Bandung,3273,Jawa Barat,107.598858,-6.917374,0.815
3273180002,Maleber,Andir,Kota Bandung,3273,Jawa Barat,107.571483,-6.909192,0.6385
3273190001,Arjuna,Cicendo,Kota Bandung,3273,Jawa Barat,107.593539,-6.910227,0.8042
3273190005,Husen Sastranegara,Cicendo,Kota Bandung,3273,Jawa Barat,107.578151,-6.902272,2.8288
3273190004,Pajajaran,Cicendo,Kota Bandung,3273,Jawa Barat,107.588549,-6.899654,1.0091
3273190003,Pamoyanan,Cicendo,Kota Bandung,3273,Jawa Barat,107.594052,-6.902339,0.6422
3273190002,Pasirkaliki,Cicendo,Kota Bandung,3273,Jawa Barat,107.601134,-6.907405,1.0672
3273190006,Sukaraja,Cicendo,Kota Bandung,3273,Jawa Barat,107.571012,-6.892691,1.3835
3273200003,Cihapit,Bandung Wetan,Kota Bandung,3273,Jawa Barat,107.625204,-6.908461,1.1124
3273200002,Citarum,Bandung Wetan,Kota Bandung,3273,Jawa Barat,107.616586,-6.904667,1.2876
3273200001,Taman Sari,Bandung Wetan,Kota Bandung,3273,Jawa Barat,107.60719,-6.901516,1.0153
3273210002,Cicadas,Cibeunying Kidul,Kota Bandung,3273,Jawa Barat,107.637413,-6.906185,0.4508
3273210003,Cikutra,Cibeunying Kidul,Kota Bandung,3273,Jawa Barat,107.640914,-6.903672,0.7642
3273210004,Padasuka,Cibeunying Kidul,Kota Bandung,3273,Jawa Barat,107.647939,-6.904174,0.5455
3273210005,Pasirlayung,Cibeunying Kidul,Kota Bandung,3273,Jawa Barat,107.659068,-6.892747,1.0127
3273210001,Sukamaju,Cibeunying Kidul,Kota Bandung,3273,Jawa Barat,107.633972,-6.908231,0.5171
3273210006,Sukapada,Cibeunying Kidul,Kota Bandung,3273,Jawa Barat,107.647187,-6.895103,0.8268
3273220004,Cigadung,Cibeunying Kaler,Kota Bandung,3273,Jawa Barat,107.625764,-6.879224,2.3095
3273220001,Cihaurgeulis,Cibeunying Kaler,Kota Bandung,3273,Jawa Barat,107.630859,-6.902242,0.6558
3273220003,Neglasari,Cibeunying Kaler,Kota Bandung,3273,Jawa Barat,107.638787,-6.893764,0.8996
3273220002,Sukaluyu,Cibeunying Kaler,Kota Bandung,3273,Jawa Barat,107.629975,-6.895895,0.7335
3273230001,Cipaganti,Coblong,Kota Bandung,3273,Jawa Barat,107.604275,-6.891525,0.7092
3273230006,Dago,Coblong,Kota Bandung,3273,Jawa Barat,107.616599,-6.874233,2.6413
3273230003,Lebak Gede,Coblong,Kota Bandung,3273,Jawa Barat,107.616854,-6.89138,0.9866
3273230002,Lebak Siliwangi,Coblong,Kota Bandung,3273,Jawa Barat,107.609678,-6.891662,1.0996
3273230004,Sadang Serang,Coblong,Kota Bandung,3273,Jawa Barat,107.625695,-6.893065,0.7354
3273230005,Sekeloa,Coblong,Kota Bandung,3273,Jawa Barat,107.621155,-6.887135,1.0961
3273240004,Cipedes,Sukajadi,Kota Bandung,3273,Jawa Barat,107.59388,-6.885779,0.9841
3273240005,Pasteur,Sukajadi,Kota Bandung,3273,Jawa Barat,107.599674,-6.889746,1.2365
3273240003,Sukabungah,Sukajadi,Kota Bandung,3273,Jawa Barat,107.593942,-6.896206,0.5017
3273240002,Sukagalih,Sukajadi,Kota Bandung,3273,Jawa Barat,107.586181,-6.887282,1.6142
3273240001,Sukawarna,Sukajadi,Kota Bandung,3273,Jawa Barat,107.577177,-6.886476,0.8917
3273250003,Gegerkalong,Sukasari,Kota Bandung,3273,Jawa Barat,107.592077,-6.87012,1.7651
3273250004,Isola,Sukasari,Kota Bandung,3273,Jawa Barat,107.593242,-6.850807,2.0214
3273250001,Sarijadi,Sukasari,Kota Bandung,3273,Jawa Barat,107.577416,-6.875162,1.2544
3273250002,Sukarasa,Sukasari,Kota Bandung,3273,Jawa Barat,107.58595,-6.874305,1.2742
3273260002,Ciumbuleuit,Cidadap,Kota Bandung,3273,Jawa Barat,107.613316,-6.861901,4.8546
3273260001,Hegarmanah,Cidadap,Kota Bandung,3273,Jawa Barat,107.601761,-6.874918,1.9831
3273260003,Ledeng,Cidadap,Kota Bandung,3273,Jawa Barat,107.598917,-6.854123,1.515
3274010001,Argasunya,Harjamukti,Kota Cirebon,3274,Jawa Barat,108.542879,-6.775037,6.9353
3274010003,Harjamukti,Harjamukti,Kota Cirebon,3274,Jawa Barat,108.535819,-6.748922,2.2336
3274010002,Kalijaga,Harjamukti,Kota Cirebon,3274,Jawa Barat,108.54074,-6.755955,4.4392
3274010004,Kecapi,Harjamukti,Kota Cirebon,3274,Jawa Barat,108.557317,-6.746658,2.1855
3274010005,Larangan,Harjamukti,Kota Cirebon,3274,Jawa Barat,108.567878,-6.745789,2.0209
3274020002,Kesepuhan,Lemahwungkuk,Kota Cirebon,3274,Jawa Barat,108.5753,-6.727059,0.7364
3274020003,Lemahwungkuk,Lemahwungkuk,Kota Cirebon,3274,Jawa Barat,108.571967,-6.721158,0.6162
3274020004,Panjunan,Lemahwungkuk,Kota Cirebon,3274,Jawa Barat,108.566848,-6.712475,1.2323
3274020001,Pegambiran,Lemahwungkuk,Kota Cirebon,3274,Jawa Barat,108.577797,-6.739555,4.6357
3274030001,Jagasatru,Pekalipan,Kota Cirebon,3274,Jawa Barat,108.565977,-6.729767,0.3657
3274030004,Pekalangan,Pekalipan,Kota Cirebon,3274,Jawa Barat,108.561285,-6.717862,0.506
3274030003,Pekalipan,Pekalipan,Kota Cirebon,3274,Jawa Barat,108.563121,-6.722369,0.4336
3274030002,Pulasaren,Pekalipan,Kota Cirebon,3274,Jawa Barat,108.564441,-6.7269,0.3163
3274040003,Drajat,Kesambi,Kota Cirebon,3274,Jawa Barat,108.558488,-6.733908,0.9377
3274040001,Karyamulya,Kesambi,Kota Cirebon,3274,Jawa Barat,108.531988,-6.740099,3.4297
3274040004,Kesambi,Kesambi,Kota Cirebon,3274,Jawa Barat,108.553599,-6.729796,0.9026
3274040005,Pekiringan,Kesambi,Kota Cirebon,3274,Jawa Barat,108.552947,-6.719688,1.4368
3274040002,Sunyaragi,Kesambi,Kota Cirebon,3274,Jawa Barat,108.539849,-6.731932,2.3147
3274050002,Kebonbaru,Kejaksan,Kota Cirebon,3274,Jawa Barat,108.560909,-6.706081,0.7605
3274050001,Kejaksan,Kejaksan,Kota Cirebon,3274,Jawa Barat,108.557165,-6.71265,0.6558
3274050004,Kesenden,Kejaksan,Kota Cirebon,3274,Jawa Barat,108.558089,-6.698479,1.4611
3274050003,Sukapura,Kejaksan,Kota Cirebon,3274,Jawa Barat,108.548559,-6.704229,1.4976
3275010010,Jatibening,Pondokgede,Kota Bekasi,3275,Jawa Barat,106.950197,-6.260874,3.3239
3275010012,Jatibening Baru,Pondokgede,Kota Bekasi,3275,Jawa Barat,106.935928,-6.262273,3.5809
3275010011,Jaticempaka,Pondokgede,Kota Bekasi,3275,Jawa Barat,106.916274,-6.260606,3.5069
3275010008,Jatimakmur,Pondokgede,Kota Bekasi,3275,Jawa Barat,106.92849,-6.282387,4.5353
3275010009,Jatiwaringin,Pondokgede,Kota Bekasi,3275,Jawa Barat,106.915962,-6.276348,2.7981
3275011001,Jatikarya,Jatisampurna,Kota Bekasi,3275,Jawa Barat,106.914099,-6.386555,4.8581
3275011006,Jatiraden,Jatisampurna,Kota Bekasi,3275,Jawa Barat,106.923536,-6.354074,3.2716
3275011003,Jatirangga,Jatisampurna,Kota Bekasi,3275,Jawa Barat,106.938059,-6.363268,4.2166
3275011004,Jatiranggon,Jatisampurna,Kota Bekasi,3275,Jawa Barat,106.92864,-6.339324,3.0246
3275011002,Jatisampurna,Jatisampurna,Kota Bekasi,3275,Jawa Barat,106.919233,-6.369558,4.0115
3275012002,Jatimelati,Pondokmelati,Kota Bekasi,3275,Jawa Barat,106.931334,-6.315623,3.0156
3275012001,Jatimurni,Pondokmelati,Kota Bekasi,3275,Jawa Barat,106.929949,-6.327762,2.8912
3275012004,Jatirahayu,Pondokmelati,Kota Bekasi,3275,Jawa Barat,106.920925,-6.292559,3.6298
3275012003,Jatiwarna,Pondokmelati,Kota Bekasi,3275,Jawa Barat,106.929326,-6.30534,1.8909
3275020004,Jatiasih,Jatiasih,Kota Bekasi,3275,Jawa Barat,106.956861,-6.299089,4.1005
3275020006,Jatikramat,Jatiasih,Kota Bekasi,3275,Jawa Barat,106.946712,-6.278061,3.3393
3275020002,Jatiluhur,Jatiasih,Kota Bekasi,3275,Jawa Barat,106.951503,-6.319575,3.886
3275020005,Jatimekar,Jatiasih,Kota Bekasi,3275,Jawa Barat,106.944942,-6.295706,4.2277
3275020003,Jatirasa,Jatiasih,Kota Bekasi,3275,Jawa Barat,106.96957,-6.296035,2.9814
3275020001,Jatisari,Jatiasih,Kota Bekasi,3275,Jawa Barat,106.948737,-6.337256,5.5994
3275030004,Bantargebang,Bantargebang,Kota Bekasi,3275,Jawa Barat,106.982252,-6.318587,4.0842
3275030001,Ciketingudik,Bantargebang,Kota Bekasi,3275,Jawa Barat,106.988778,-6.354671,4.5895
3275030003,Cikiwul,Bantargebang,Kota Bekasi,3275,Jawa Barat,106.988374,-6.338479,6.4294
3275030002,Sumur Batu,Bantargebang,Kota Bekasi,3275,Jawa Barat,107.009457,-6.346498,3.9968
3275031002,Cimuning,Mustikajaya,Kota Bekasi,3275,Jawa Barat,107.025422,-6.322565,5.6469
3275031003,Mustika Jaya,Mustikajaya,Kota Bekasi,3275,Jawa Barat,107.029494,-6.292639,6.7424
3275031004,Mustika Sari,Mustikajaya,Kota Bekasi,3275,Jawa Barat,107.009766,-6.291299,5.1817
3275031001,Padurenan,Mustikajaya,Kota Bekasi,3275,Jawa Barat,107.005134,-6.316459,8.7302
3275040008,Aren Jaya,Bekasi Timur,Kota Bekasi,3275,Jawa Barat,107.034482,-6.24052,2.8886
3275040006,Bekasi Jaya,Bekasi Timur,Kota Bekasi,3275,Jawa Barat,107.009971,-6.234792,3.5592
3275040007,Duren Jaya,Bekasi Timur,Kota Bekasi,3275,Jawa Barat,107.022341,-6.237722,3.6565
3275040005,Margahayu,Bekasi Timur,Kota Bekasi,3275,Jawa Barat,107.012554,-6.251089,4.6987
3275041001,Bojong Menteng,Rawalumbu,Kota Bekasi,3275,Jawa Barat,106.986105,-6.29735,3.9318
3275041002,Bojong Rawalumbu,Rawalumbu,Kota Bekasi,3275,Jawa Barat,106.992544,-6.280807,6.4102
3275041004,Pengasinan,Rawalumbu,Kota Bekasi,3275,Jawa Barat,107.009536,-6.27167,3.6071
3275041003,Sepanjang Jaya,Rawalumbu,Kota Bekasi,3275,Jawa Barat,106.99508,-6.264852,2.9998
3275050001,Jaka Mulya,Bekasi Selatan,Kota Bekasi,3275,Jawa Barat,106.960675,-6.268166,3.1392
3275050002,Jaka Setia,Bekasi Selatan,Kota Bekasi,3275,Jawa Barat,106.969306,-6.26499,3.8514
3275050007,Kayuringin Jaya,Bekasi Selatan,Kota Bekasi,3275,Jawa Barat,106.986247,-6.238752,2.8854
3275050004,Marga Jaya,Bekasi Selatan,Kota Bekasi,3275,Jawa Barat,106.995489,-6.24605,1.6384
3275050003,Pekayon Jaya,Bekasi Selatan,Kota Bekasi,3275,Jawa Barat,106.981841,-6.25899,4.3562
3275060002,Bintara,Bekasi Barat,Kota Bekasi,3275,Jawa Barat,106.958274,-6.227304,3.5165
3275060001,Bintara Jaya,Bekasi Barat,Kota Bekasi,3275,Jawa Barat,106.950885,-6.240162,2.6105
3275060008,Jaka Sampurna,Bekasi Barat,Kota Bekasi,3275,Jawa Barat,106.964672,-6.24362,5.0365
3275060005,Kota Baru,Bekasi Barat,Kota Bekasi,3275,Jawa Barat,106.967363,-6.214566,1.9405
3275060003,Kranji,Bekasi Barat,Kota Bekasi,3275,Jawa Barat,106.976126,-6.228217,1.7438
3275061001,Harapan Mulya,Medan Satria,Kota Bekasi,3275,Jawa Barat,106.988315,-6.227425,1.7739
3275061002,Kali Baru,Medan Satria,Kota Bekasi,3275,Jawa Barat,106.982633,-6.219167,1.4315
3275061003,Medan Satria,Medan Satria,Kota Bekasi,3275,Jawa Barat,106.974794,-6.193127,4.6367
3275061004,Pejuang,Medan Satria,Kota Bekasi,3275,Jawa Barat,106.986709,-6.185113,5.5254
3275070004,Harapan Baru,Bekasi Utara,Kota Bekasi,3275,Jawa Barat,107.016189,-6.215636,2.511
3275070001,Harapan Jaya,Bekasi Utara,Kota Bekasi,3275,Jawa Barat,106.990429,-6.208428,5.0209
3275070002,Kaliabang Tengah,Bekasi Utara,Kota Bekasi,3275,Jawa Barat,107.000021,-6.189,4.9019
3275070006,Marga Mulya,Bekasi Utara,Kota Bekasi,3275,Jawa Barat,107.002577,-6.22697,2.9827
3275070003,Perwira,Bekasi Utara,Kota Bekasi,3275,Jawa Barat,107.007809,-6.20825,2.3863
3275070005,Teluk Pucung,Bekasi Utara,Kota Bekasi,3275,Jawa Barat,107.028887,-6.209953,3.6417
3276010004,Bedahan,Sawangan,Kota Depok,3276,Jawa Barat,106.766868,-6.420998,5.7124
3276010014,Cinangka,Sawangan,Kota Depok,3276,Jawa Barat,106.757807,-6.370384,4.0205
3276010013,Kedaung,Sawangan,Kota Depok,3276,Jawa Barat,106.748885,-6.37277,2.2616
3276010005,Pasir Putih,Sawangan,Kota Depok,3276,Jawa Barat,106.780337,-6.422852,4.6316
3276010003,Pengasinan,Sawangan,Kota Depok,3276,Jawa Barat,106.753751,-6.42331,3.9467
3276010006,Sawangan Baru,Sawangan,Kota Depok,3276,Jawa Barat,106.769028,-6.401428,2.2432
3276010007,Sawangan Lama,Sawangan,Kota Depok,3276,Jawa Barat,106.756006,-6.396607,3.8598
3276011004,Bojongsari Baru,Bojongsari,Kota Depok,3276,Jawa Barat,106.74302,-6.390476,1.7576
3276011003,Bojongsari Lama,Bojongsari,Kota Depok,3276,Jawa Barat,106.74653,-6.398875,2.2274
3276011005,Curug,Bojongsari,Kota Depok,3276,Jawa Barat,106.734147,-6.397345,4.2357
3276011002,Duren Mekar,Bojongsari,Kota Depok,3276,Jawa Barat,106.742081,-6.41713,2.069
3276011001,Duren Seribu,Bojongsari,Kota Depok,3276,Jawa Barat,106.744224,-6.43009,2.7988
3276011006,Pondok Petir,Bojongsari,Kota Depok,3276,Jawa Barat,106.724165,-6.370798,3.1171
3276011007,Serua,Bojongsari,Kota Depok,3276,Jawa Barat,106.737944,-6.37157,3.2847
3276020011,Depok,Pancoran Mas,Kota Depok,3276,Jawa Barat,106.825205,-6.401315,3.7493
3276020010,Depok Jaya,Pancoran Mas,Kota Depok,3276,Jawa Barat,106.811012,-6.393515,1.1163
3276020008,Mampang,Pancoran Mas,Kota Depok,3276,Jawa Barat,106.796785,-6.39096,1.9323
3276020009,Pancoran Mas,Pancoran Mas,Kota Depok,3276,Jawa Barat,106.806277,-6.40214,3.5434
3276020007,Rangkapan Jaya,Pancoran Mas,Kota Depok,3276,Jawa Barat,106.789661,-6.399129,3.8495
3276020006,Rangkapan Jaya Baru,Pancoran Mas,Kota Depok,3276,Jawa Barat,106.779435,-6.40019,3.7925
3276021002,Bojong Pondok Terong,Cipayung,Kota Depok,3276,Jawa Barat,106.802016,-6.439478,2.4438
3276021005,Cipayung,Cipayung,Kota Depok,3276,Jawa Barat,106.795813,-6.421666,2.5899
3276021001,Cipayung Jaya,Cipayung,Kota Depok,3276,Jawa Barat,106.792715,-6.438577,2.2111
3276021003,Pondok Jaya,Cipayung,Kota Depok,3276,Jawa Barat,106.810799,-6.435156,1.0947
3276021004,Ratujaya,Cipayung,Kota Depok,3276,Jawa Barat,106.812317,-6.421067,2.6529
3276030009,Abadijaya,Sukma Jaya,Kota Depok,3276,Jawa Barat,106.848754,-6.396399,2.5688
3276030010,Bakti Jaya,Sukma Jaya,Kota Depok,3276,Jawa Barat,106.850961,-6.38094,2.7568
3276030011,Cisalak,Sukma Jaya,Kota Depok,3276,Jawa Barat,106.863112,-6.386632,2.6042
3276030008,Mekar Jaya,Sukma Jaya,Kota Depok,3276,Jawa Barat,106.837619,-6.390795,3.2789
3276030006,Sukmajaya,Sukma Jaya,Kota Depok,3276,Jawa Barat,106.841183,-6.414063,2.9417
3276030007,Tirtajaya,Sukma Jaya,Kota Depok,3276,Jawa Barat,106.827128,-6.41298,3.26
3276031004,Cilodong,Cilodong,Kota Depok,3276,Jawa Barat,106.843138,-6.430115,2.1902
3276031002,Jatimulya,Cilodong,Kota Depok,3276,Jawa Barat,106.83074,-6.448506,2.6857
3276031003,Kalibaru,Cilodong,Kota Depok,3276,Jawa Barat,106.835466,-6.436,3.2607
3276031001,Kalimulya,Cilodong,Kota Depok,3276,Jawa Barat,106.819434,-6.433582,3.082
3276031005,Sukamaju,Cilodong,Kota Depok,3276,Jawa Barat,106.85343,-6.41369,4.4309
3276040010,Cisalak Pasar,Cimanggis,Kota Depok,3276,Jawa Barat,106.872604,-6.376363,1.7528
3276040007,Curug,Cimanggis,Kota Depok,3276,Jawa Barat,106.870399,-6.389064,2.1493
3276040009,Harjamukti,Cimanggis,Kota Depok,3276,Jawa Barat,106.896168,-6.374915,6.12
3276040011,Mekarsari,Cimanggis,Kota Depok,3276,Jawa Barat,106.868458,-6.362683,3.9352
3276040013,Pasir Gunung Selatan,Cimanggis,Kota Depok,3276,Jawa Barat,106.846757,-6.345722,2.3505
3276040012,Tugu,Cimanggis,Kota Depok,3276,Jawa Barat,106.848898,-6.359573,5.409
3276041001,Cilangkap,Tapos,Kota Depok,3276,Jawa Barat,106.866078,-6.43019,7.1697
3276041002,Cimpaeun,Tapos,Kota Depok,3276,Jawa Barat,106.872972,-6.446062,4.7272
3276041005,Jatijajar,Tapos,Kota Depok,3276,Jawa Barat,106.864439,-6.417113,2.9248
3276041004,Leuwinaggung,Tapos,Kota Depok,3276,Jawa Barat,106.908439,-6.410316,4.6678
3276041006,Sukamaju Baru,Tapos,Kota Depok,3276,Jawa Barat,106.877475,-6.407419,3.207
3276041007,Sukatani,Tapos,Kota Depok,3276,Jawa Barat,106.887572,-6.39427,4.7699
3276041003,Tapos,Tapos,Kota Depok,3276,Jawa Barat,106.889266,-6.41799,6.2259
3276050001,Beji,Beji,Kota Depok,3276,Jawa Barat,106.815171,-6.380964,2.3428
3276050002,Beji Timur,Beji,Kota Depok,3276,Jawa Barat,106.823665,-6.380708,0.8408
3276050003,Kemirimuka,Beji,Kota Depok,3276,Jawa Barat,106.832626,-6.379898,2.4495
3276050005,Kukusan,Beji,Kota Depok,3276,Jawa Barat,106.817968,-6.365445,3.2242
3276050004,Pondok Cina,Beji,Kota Depok,3276,Jawa Barat,106.832618,-6.365197,2.3943
3276050006,Tanah Baru,Beji,Kota Depok,3276,Jawa Barat,106.803037,-6.376684,3.601
3276060002,Grogol,Limo,Kota Depok,3276,Jawa Barat,106.787594,-6.375552,3.0653
3276060003,Krukut,Limo,Kota Depok,3276,Jawa Barat,106.789263,-6.359025,1.9244
3276060004,Limo,Limo,Kota Depok,3276,Jawa Barat,106.778607,-6.360405,4.1584
3276060001,Meruyung,Limo,Kota Depok,3276,Jawa Barat,106.771281,-6.376542,2.8183
3276061001,Cinere,Cinere,Kota Depok,3276,Jawa Barat,106.780792,-6.33677,3.5568
3276061002,Gandul,Cinere,Kota Depok,3276,Jawa Barat,106.792478,-6.337597,3.028
3276061004,Pangkalanjati,Cinere,Kota Depok,3276,Jawa Barat,106.7892,-6.321216,2.4079
3276061003,Pangkalanjati Baru,Cinere,Kota Depok,3276,Jawa Barat,106.802685,-6.324018,1.5481
3277010005,Cibeber,Cimahi Selatan,Kota Cimahi,3277,Jawa Barat,107.520685,-6.893461,3.0398
3277010002,Cibeureum,Cimahi Selatan,Kota Cimahi,3277,Jawa Barat,107.559764,-6.90708,2.6058
3277010004,Leuwigajah,Cimahi Selatan,Kota Cimahi,3277,Jawa Barat,107.524846,-6.907309,3.7381
3277010001,Melong,Cimahi Selatan,Kota Cimahi,3277,Jawa Barat,107.554637,-6.922304,3.1442
3277010003,Utama,Cimahi Selatan,Kota Cimahi,3277,Jawa Barat,107.542533,-6.906756,4.0227
3277020001,Baros,Cimahi Tengah,Kota Cimahi,3277,Jawa Barat,107.535398,-6.892281,2.8149
3277020002,Cigugur Tengah,Cimahi Tengah,Kota Cimahi,3277,Jawa Barat,107.551459,-6.892762,2.3989
3277020006,Cimahi,Cimahi Tengah,Kota Cimahi,3277,Jawa Barat,107.545382,-6.872013,0.587
3277020003,Karangmekar,Cimahi Tengah,Kota Cimahi,3277,Jawa Barat,107.543993,-6.880638,1.3475
3277020005,Padasuka,Cimahi Tengah,Kota Cimahi,3277,Jawa Barat,107.52638,-6.876838,2.5801
3277020004,Setiamanah,Cimahi Tengah,Kota Cimahi,3277,Jawa Barat,107.535877,-6.879185,1.1456
3277030002,Cibabat,Cimahi Utara,Kota Cimahi,3277,Jawa Barat,107.556373,-6.874204,3.2645
3277030004,Cipageran,Cimahi Utara,Kota Cimahi,3277,Jawa Barat,107.540938,-6.850267,5.8666
3277030003,Citeureup,Cimahi Utara,Kota Cimahi,3277,Jawa Barat,107.55407,-6.859934,3.3852
3277030001,Pasirkaliki,Cimahi Utara,Kota Cimahi,3277,Jawa Barat,107.566245,-6.883277,1.4997
3278010007,Cibeuti,Kawalu,Kota Tasikmalaya,3278,Jawa Barat,108.188832,-7.384159,2.7309
3278010009,Cilamajang,Kawalu,Kota Tasikmalaya,3278,Jawa Barat,108.19797,-7.37232,1.9372
3278010004,Gununggede,Kawalu,Kota Tasikmalaya,3278,Jawa Barat,108.208603,-7.398762,3.5716
3278010003,Gunungtandala,Kawalu,Kota Tasikmalaya,3278,Jawa Barat,108.221004,-7.401313,5.5573
3278010008,Karanganyar,Kawalu,Kota Tasikmalaya,3278,Jawa Barat,108.180267,-7.37603,4.2747
3278010010,Karsamenak,Kawalu,Kota Tasikmalaya,3278,Jawa Barat,108.212663,-7.371841,3.231
3278010001,Leuwiliang,Kawalu,Kota Tasikmalaya,3278,Jawa Barat,108.192052,-7.421505,4.0587
3278010005,Talagasari,Kawalu,Kota Tasikmalaya,3278,Jawa Barat,108.199419,-7.395905,2.9784
3278010006,Tanjung,Kawalu,Kota Tasikmalaya,3278,Jawa Barat,108.189103,-7.398191,2.3554
3278010002,Urug,Kawalu,Kota Tasikmalaya,3278,Jawa Barat,108.211272,-7.430345,10.4934
3278020007,Mugarsari,Tamansari,Kota Tasikmalaya,3278,Jawa Barat,108.262561,-7.379264,2.7057
3278020005,Mulyasari,Tamansari,Kota Tasikmalaya,3278,Jawa Barat,108.226088,-7.371595,2.5707
3278020001,Setiamulya,Tamansari,Kota Tasikmalaya,3278,Jawa Barat,108.226577,-7.387866,3.098
3278020002,Setiawargi,Tamansari,Kota Tasikmalaya,3278,Jawa Barat,108.246535,-7.416975,11.0331
3278020006,Sukahurip,Tamansari,Kota Tasikmalaya,3278,Jawa Barat,108.240867,-7.373814,2.0194
3278020008,Sumelap,Tamansari,Kota Tasikmalaya,3278,Jawa Barat,108.252176,-7.372146,2.0921
3278020004,Tamanjaya,Tamansari,Kota Tasikmalaya,3278,Jawa Barat,108.242263,-7.394665,5.0901
3278020003,Tamansari,Tamansari,Kota Tasikmalaya,3278,Jawa Barat,108.266751,-7.403016,10.096
3278030004,Awipari,Cibeureum,Kota Tasikmalaya,3278,Jawa Barat,108.270649,-7.347604,1.676
3278030002,Ciakar,Cibeureum,Kota Tasikmalaya,3278,Jawa Barat,108.277567,-7.363692,2.9665
3278030001,Ciherang,Cibeureum,Kota Tasikmalaya,3278,Jawa Barat,108.265772,-7.364506,2.0215
3278030006,Kersanagara,Cibeureum,Kota Tasikmalaya,3278,Jawa Barat,108.241384,-7.360855,2.6921
3278030005,Kotabaru,Cibeureum,Kota Tasikmalaya,3278,Jawa Barat,108.257507,-7.357037,2.6182
3278030003,Margabakti,Cibeureum,Kota Tasikmalaya,3278,Jawa Barat,108.280128,-7.346608,1.4263
3278030007,Setiajaya,Cibeureum,Kota Tasikmalaya,3278,Jawa Barat,108.243547,-7.350692,2.2578
3278030009,Setianagara,Cibeureum,Kota Tasikmalaya,3278,Jawa Barat,108.259844,-7.343703,1.2866
3278030008,Setiaratu,Cibeureum,Kota Tasikmalaya,3278,Jawa Barat,108.235815,-7.343195,1.3571
3278031003,Purbaratu,Purbaratu,Kota Tasikmalaya,3278,Jawa Barat,108.258514,-7.335927,1.5045
3278031006,Singkup,Purbaratu,Kota Tasikmalaya,3278,Jawa Barat,108.288226,-7.338092,4.0006
3278031004,Sukaasih,Purbaratu,Kota Tasikmalaya,3278,Jawa Barat,108.245949,-7.323279,1.6272
3278031005,Sukajaya,Purbaratu,Kota Tasikmalaya,3278,Jawa Barat,108.268578,-7.326262,2.2278
3278031002,Sukamenak,Purbaratu,Kota Tasikmalaya,3278,Jawa Barat,108.257279,-7.326556,1.1824
3278031001,Sukanagara,Purbaratu,Kota Tasikmalaya,3278,Jawa Barat,108.245804,-7.337108,2.2024
3278040002,Cikalang,Tawang,Kota Tasikmalaya,3278,Jawa Barat,108.231946,-7.335238,1.4145
3278040003,Empangsari,Tawang,Kota Tasikmalaya,3278,Jawa Barat,108.225138,-7.328386,0.5853
3278040001,Kahuripan,Tawang,Kota Tasikmalaya,3278,Jawa Barat,108.226448,-7.347237,3.376
3278040005,Lengkongsari,Tawang,Kota Tasikmalaya,3278,Jawa Barat,108.232734,-7.326236,1.1448
3278040004,Tawangsari,Tawang,Kota Tasikmalaya,3278,Jawa Barat,108.219503,-7.323716,0.4331
3278050006,Argasari,Cihideung,Kota Tasikmalaya,3278,Jawa Barat,108.209382,-7.325029,0.686
3278050005,Cilembang,Cihideung,Kota Tasikmalaya,3278,Jawa Barat,108.213564,-7.32985,0.8578
3278050003,Nagarawangi,Cihideung,Kota Tasikmalaya,3278,Jawa Barat,108.220809,-7.334922,0.5469
3278050001,Tugujaya,Cihideung,Kota Tasikmalaya,3278,Jawa Barat,108.214301,-7.346913,1.46
3278050002,Tuguraja,Cihideung,Kota Tasikmalaya,3278,Jawa Barat,108.212906,-7.336337,1.4034
3278050004,Yudanagara,Cihideung,Kota Tasikmalaya,3278,Jawa Barat,108.219236,-7.328319,0.4487
3278060002,Cigantang,Mangkubumi,Kota Tasikmalaya,3278,Jawa Barat,108.188607,-7.360126,3.1656
3278060007,Cipari,Mangkubumi,Kota Tasikmalaya,3278,Jawa Barat,108.17382,-7.344266,3.0337
3278060008,Cipawitra,Mangkubumi,Kota Tasikmalaya,3278,Jawa Barat,108.162534,-7.331177,4.0622
3278060001,Karikil,Mangkubumi,Kota Tasikmalaya,3278,Jawa Barat,108.17262,-7.361877,2.5184
3278060005,Linggajaya,Mangkubumi,Kota Tasikmalaya,3278,Jawa Barat,108.195398,-7.334883,4.7895
3278060006,Mangkubumi,Mangkubumi,Kota Tasikmalaya,3278,Jawa Barat,108.191886,-7.345417,3.3426
3278060003,Sambongjaya,Mangkubumi,Kota Tasikmalaya,3278,Jawa Barat,108.21315,-7.359364,2.4246
3278060004,Sambongpari,Mangkubumi,Kota Tasikmalaya,3278,Jawa Barat,108.206126,-7.351959,1.7838
3278070008,Indihiang,Indihiang,Kota Tasikmalaya,3278,Jawa Barat,108.196761,-7.297127,1.6075
3278070005,Panyingkiran,Indihiang,Kota Tasikmalaya,3278,Jawa Barat,108.205773,-7.307447,0.9347
3278070006,Parakannyasag,Indihiang,Kota Tasikmalaya,3278,Jawa Barat,108.213796,-7.300627,2.0049
3278070007,Sirnagalih,Indihiang,Kota Tasikmalaya,3278,Jawa Barat,108.206786,-7.290981,1.0738
3278070013,Sukamajukaler,Indihiang,Kota Tasikmalaya,3278,Jawa Barat,108.188994,-7.278367,2.91
3278070012,Sukamajukidul,Indihiang,Kota Tasikmalaya,3278,Jawa Barat,108.188985,-7.288736,2.3752
3278071006,Bantarsari,Bungursari,Kota Tasikmalaya,3278,Jawa Barat,108.190414,-7.324741,2.0412
3278071003,Bungursari,Bungursari,Kota Tasikmalaya,3278,Jawa Barat,108.171201,-7.30278,3.366
3278071005,Cibunigeulis,Bungursari,Kota Tasikmalaya,3278,Jawa Barat,108.168346,-7.316571,2.8966
3278071004,Sukajaya,Bungursari,Kota Tasikmalaya,3278,Jawa Barat,108.183169,-7.313702,2.0977
3278071007,Sukalaksana,Bungursari,Kota Tasikmalaya,3278,Jawa Barat,108.168902,-7.294085,3.2985
3278071001,Sukamulya,Bungursari,Kota Tasikmalaya,3278,Jawa Barat,108.196941,-7.313132,1.3547
3278071002,Sukarindik,Bungursari,Kota Tasikmalaya,3278,Jawa Barat,108.192261,-7.303656,2.1238
3278080002,Cipedes,Cipedes,Kota Tasikmalaya,3278,Jawa Barat,108.209971,-7.31318,1.2741
3278080003,Nagarasari,Cipedes,Kota Tasikmalaya,3278,Jawa Barat,108.222735,-7.309514,2.8289
3278080001,Panglayungan,Cipedes,Kota Tasikmalaya,3278,Jawa Barat,108.208267,-7.318445,1.7009
3278080004,Sukamanah,Cipedes,Kota Tasikmalaya,3278,Jawa Barat,108.237621,-7.31642,3.1246
3279010004,Balokang,Banjar,Kota Banjar,3279,Jawa Barat,108.509995,-7.368244,4.7885
3279010005,Banjar,Banjar,Kota Banjar,3279,Jawa Barat,108.527446,-7.371023,3.8057
3279010003,Cibeureum,Banjar,Kota Banjar,3279,Jawa Barat,108.484174,-7.36811,3.8346
3279010007,Jajawar,Banjar,Kota Banjar,3279,Jawa Barat,108.492542,-7.358168,2.4706
3279010006,Mekarsari,Banjar,Kota Banjar,3279,Jawa Barat,108.531031,-7.379573,2.7876
3279010002,Neglasari,Banjar,Kota Banjar,3279,Jawa Barat,108.503777,-7.389167,4.9288
3279010001,Situbatu,Banjar,Kota Banjar,3279,Jawa Barat,108.482492,-7.381857,4.8415
3279020002,Karangpanimbal,Purwaharja,Kota Banjar,3279,Jawa Barat,108.551263,-7.362002,3.7005
3279020004,Mekarharja,Purwaharja,Kota Banjar,3279,Jawa Barat,108.579457,-7.346299,3.8715
3279020001,Purwaharja,Purwaharja,Kota Banjar,3279,Jawa Barat,108.545852,-7.34435,6.7125
3279020003,Raharja,Purwaharja,Kota Banjar,3279,Jawa Barat,108.564187,-7.352016,3.7139
3279030002,Batulawang,Pataruman,Kota Banjar,3279,Jawa Barat,108.564267,-7.415113,8.1345
3279030001,Binangun,Pataruman,Kota Banjar,3279,Jawa Barat,108.522551,-7.398345,7.4863
3279030006,Hegarsari,Pataruman,Kota Banjar,3279,Jawa Barat,108.546963,-7.381374,4.4329
3279030003,Karyamukti,Pataruman,Kota Banjar,3279,Jawa Barat,108.579522,-7.401787,8.6609
3279030004,Mulyasari,Pataruman,Kota Banjar,3279,Jawa Barat,108.592446,-7.382382,6.0233
3279030005,Pataruman,Pataruman,Kota Banjar,3279,Jawa Barat,108.562822,-7.37735,7.611
3279030008,Sinartanjung,Pataruman,Kota Banjar,3279,Jawa Barat,108.592154,-7.357184,6.5552
3279030007,Sukamukti,Pataruman,Kota Banjar,3279,Jawa Barat,108.544413,-7.407733,4.9664
3279040002,Bojongkantong,Langensari,Kota Banjar,3279,Jawa Barat,108.610219,-7.377579,3.7951
3279040001,Kujangsari,Langensari,Kota Banjar,3279,Jawa Barat,108.609384,-7.393271,3.8557
3279040004,Langensari,Langensari,Kota Banjar,3279,Jawa Barat,108.629645,-7.361891,4.5959
3279040005,Muktisari,Langensari,Kota Banjar,3279,Jawa Barat,108.641201,-7.373267,3.7378
3279040003,Rejasari,Langensari,Kota Banjar,3279,Jawa Barat,108.617778,-7.363007,8.4645
3279040006,Waringinsari,Langensari,Kota Banjar,3279,Jawa Barat,108.651293,-7.362104,7.776
3288888888,Waduk Cirata,Waduk Cirata,Waduk Cirata,3288,Jawa Barat,107.285713,-6.755225,57.7768
3603010014,Bojongloa,Cisoka,Tangerang,3603,Banten,106.403465,-6.24876,4.6739
3603010013,Carenang,Cisoka,Tangerang,3603,Banten,106.388219,-6.253594,4.7685
3603010015,Caringin,Cisoka,Tangerang,3603,Banten,106.432038,-6.254745,2.5451
3603010011,Cempaka,Cisoka,Tangerang,3603,Banten,106.406565,-6.270256,4.104
3603010017,Cibugel,Cisoka,Tangerang,3603,Banten,106.421563,-6.24725,2.1428
3603010009,Cisoka,Cisoka,Tangerang,3603,Banten,106.432079,-6.271885,4.1405
3603010008,Jeung Jing,Cisoka,Tangerang,3603,Banten,106.445982,-6.273275,3.7621
3603010012,Karangharja,Cisoka,Tangerang,3603,Banten,106.400774,-6.259672,2.8997
3603010016,Selapajang,Cisoka,Tangerang,3603,Banten,106.430822,-6.24044,2.6154
3603010010,Sukatani,Cisoka,Tangerang,3603,Banten,106.417748,-6.2738,2.2235
3603011003,Cikareo,Solear,Tangerang,3603,Banten,106.425547,-6.305475,3.5478
3603011001,Cikasungka,Solear,Tangerang,3603,Banten,106.42073,-6.33411,7.936
3603011002,Cikuya,Solear,Tangerang,3603,Banten,106.402557,-6.314044,7.4604
3603011004,Cireundeu,Solear,Tangerang,3603,Banten,106.41216,-6.30494,1.7997
3603011007,Munjul,Solear,Tangerang,3603,Banten,106.457507,-6.275965,4.3873
3603011006,Pasanggrahan,Solear,Tangerang,3603,Banten,106.428639,-6.289235,3.6447
3603011005,Solear,Solear,Tangerang,3603,Banten,106.404328,-6.288285,4.4146
3603020002,Bantar Panjang,Tigaraksa,Tangerang,3603,Banten,106.457159,-6.305419,5.3981
3603020001,Cileles,Tigaraksa,Tangerang,3603,Banten,106.441486,-6.308875,6.0317
3603020021,Cisereh,Tigaraksa,Tangerang,3603,Banten,106.460363,-6.219783,3.8362
3603020014,Kadu Agung,Tigaraksa,Tangerang,3603,Banten,106.48908,-6.265813,4.8638
3603020013,Marga Sari,Tigaraksa,Tangerang,3603,Banten,106.498551,-6.27826,3.8854
3603020015,Mata Gara,Tigaraksa,Tangerang,3603,Banten,106.482871,-6.2458,3.8723
3603020022,Pasir Bolang,Tigaraksa,Tangerang,3603,Banten,106.474289,-6.21074,2.3409
3603020020,Pasir Nangka,Tigaraksa,Tangerang,3603,Banten,106.469834,-6.238785,4.6807
3603020019,Pematang,Tigaraksa,Tangerang,3603,Banten,106.453548,-6.23731,3.5895
3603020017,Pete,Tigaraksa,Tangerang,3603,Banten,106.455642,-6.252432,2.4886
3603020003,Sodong,Tigaraksa,Tangerang,3603,Banten,106.47678,-6.280385,4.6787
3603020004,Tapos,Tigaraksa,Tangerang,3603,Banten,106.476342,-6.29356,3.7993
3603020018,Tegalsari,Tigaraksa,Tangerang,3603,Banten,106.444654,-6.24646,3.1953
3603020016,Tigaraksa,Tigaraksa,Tangerang,3603,Banten,106.468094,-6.263625,3.0354
3603021005,Ancol Pasir,Jambe,Tangerang,3603,Banten,106.507528,-6.312075,1.8302
3603021002,Daru,Jambe,Tangerang,3603,Banten,106.488855,-6.332179,2.6749
3603021008,Jambe,Jambe,Tangerang,3603,Banten,106.480598,-6.302965,2.9298
3603021009,Kutruk,Jambe,Tangerang,3603,Banten,106.498069,-6.296679,2.3422
3603021001,Mekarsari,Jambe,Tangerang,3603,Banten,106.489422,-6.347317,3.9412
3603021010,Pasir Barat,Jambe,Tangerang,3603,Banten,106.506752,-6.298885,1.671
3603021006,Rancabuaya,Jambe,Tangerang,3603,Banten,106.497717,-6.31323,2.3212
3603021003,Suka Manah,Jambe,Tangerang,3603,Banten,106.519316,-6.343329,4.5371
3603021004,Taban,Jambe,Tangerang,3603,Banten,106.505438,-6.33754,4.6031
3603021007,Tiparraya,Jambe,Tangerang,3603,Banten,106.485834,-6.315933,2.3272
3603030006,Bitung Jaya,Cikupa,Tangerang,3603,Banten,106.544588,-6.228098,2.206
3603030002,Bojong,Cikupa,Tangerang,3603,Banten,106.495228,-6.222145,3.432
3603030001,Budi Mulya,Cikupa,Tangerang,3603,Banten,106.488034,-6.232458,3.718
3603030007,Bunder,Cikupa,Tangerang,3603,Banten,106.551262,-6.20676,4.5441
3603030014,Cibadak,Cikupa,Tangerang,3603,Banten,106.479585,-6.19964,2.8219
3603030004,Cikupa,Cikupa,Tangerang,3603,Banten,106.521076,-6.237486,2.1783
3603030005,Dukuh,Cikupa,Tangerang,3603,Banten,106.531349,-6.232792,3.6915
3603030010,Pasir Gadung,Cikupa,Tangerang,3603,Banten,106.526747,-6.213496,2.0982
3603030009,Pasir Jaya,Cikupa,Tangerang,3603,Banten,106.530173,-6.203803,2.5004
3603030008,Suka Damai,Cikupa,Tangerang,3603,Banten,106.540536,-6.208594,4.1713
3603030003,Suka Mulya,Cikupa,Tangerang,3603,Banten,106.504879,-6.235624,3.4275
3603030013,Suka Nagara,Cikupa,Tangerang,3603,Banten,106.49186,-6.211232,2.0045
3603030012,Talaga,Cikupa,Tangerang,3603,Banten,106.507576,-6.211304,5.5597
3603030011,Talaga Sari,Cikupa,Tangerang,3603,Banten,106.519438,-6.213998,2.9655
3603040006,Ciakar,Panongan,Tangerang,3603,Banten,106.530832,-6.260975,6.9772
3603040007,Mekar Bakti,Panongan,Tangerang,3603,Banten,106.518729,-6.254905,4.0616
3603040002,Mekar Jaya,Panongan,Tangerang,3603,Banten,106.547751,-6.301053,3.3232
3603040004,Panongan,Panongan,Tangerang,3603,Banten,106.52829,-6.278765,4.3395
3603040008,Peusar,Panongan,Tangerang,3603,Banten,106.502371,-6.254565,4.0849
3603040001,Ranca Iyuh,Panongan,Tangerang,3603,Banten,106.525371,-6.305185,5.9607
3603040003,Ranca Kalapa,Panongan,Tangerang,3603,Banten,106.520141,-6.287785,4.6576
3603040005,Serdang Kulon,Panongan,Tangerang,3603,Banten,106.545603,-6.286083,3.2055
3603050007,Binong,Curug,Tangerang,3603,Banten,106.585815,-6.232225,3.7145
3603050004,Cukang Galih,Curug,Tangerang,3603,Banten,106.550805,-6.24817,4.2868
3603050001,Curug Kulon,Curug,Tangerang,3603,Banten,106.548414,-6.26115,2.6936
3603050002,Curug Wetan,Curug,Tangerang,3603,Banten,106.567865,-6.26615,3.9873
3603050006,Kadu,Curug,Tangerang,3603,Banten,106.569681,-6.228025,6.5274
3603050005,Kadu Jaya,Curug,Tangerang,3603,Banten,106.558938,-6.2224,4.542
3603050003,Suka Bakti,Curug,Tangerang,3603,Banten,106.574551,-6.25209,4.7688
3603051006,Bencongan,Kelapa Dua,Tangerang,3603,Banten,106.599537,-6.232565,4.7057
3603051005,Bencongan Indah,Kelapa Dua,Tangerang,3603,Banten,106.602835,-6.215521,2.3508
3603051001,Bojong Nangka,Kelapa Dua,Tangerang,3603,Banten,106.596153,-6.258435,6.0882
3603051002,Curug Sangereng,Kelapa Dua,Tangerang,3603,Banten,106.62231,-6.253705,3.9198
3603051004,Kelapa Dua,Kelapa Dua,Tangerang,3603,Banten,106.616346,-6.235745,4.5833
3603051003,Pakulonan Barat,Kelapa Dua,Tangerang,3603,Banten,106.631344,-6.236425,3.2927
3603060006,Babakan,Legok,Tangerang,3603,Banten,106.589717,-6.2963,2.145
3603060002,Babat,Legok,Tangerang,3603,Banten,106.547284,-6.32215,3.4535
3603060003,Bojong Kamal,Legok,Tangerang,3603,Banten,106.557055,-6.3264,3.1422
3603060005,Caringin,Legok,Tangerang,3603,Banten,106.58171,-6.314285,2.2794
3603060001,Ciangir,Legok,Tangerang,3603,Banten,106.526515,-6.321515,4.432
3603060004,Cirarab,Legok,Tangerang,3603,Banten,106.568943,-6.327565,3.5452
3603060007,Kamuning,Legok,Tangerang,3603,Banten,106.576121,-6.30206,3.2405
3603060011,Legok,Legok,Tangerang,3603,Banten,106.591146,-6.28248,3.1351
3603060008,Pala Sari,Legok,Tangerang,3603,Banten,106.561794,-6.30259,4.2497
3603060010,Rancagong,Legok,Tangerang,3603,Banten,106.576695,-6.279395,3.5992
3603060009,Serdang Wetan,Legok,Tangerang,3603,Banten,106.559687,-6.28317,5.9788
3603070007,Cicalengka,Pagedangan,Tangerang,3603,Banten,106.611062,-6.298249,2.1278
3603070012,Cihuni,Pagedangan,Tangerang,3603,Banten,106.641107,-6.260364,5.72
3603070009,Cijantra,Pagedangan,Tangerang,3603,Banten,106.609364,-6.285665,5.6518
3603070003,Jatake,Pagedangan,Tangerang,3603,Banten,106.593022,-6.32201,5.3875
3603070004,Kadu Sirung,Pagedangan,Tangerang,3603,Banten,106.604779,-6.319615,5.095
3603070001,Karang Tengah,Pagedangan,Tangerang,3603,Banten,106.585155,-6.342223,1.1091
3603070008,Lengkong Kulon,Pagedangan,Tangerang,3603,Banten,106.634807,-6.28349,6.2875
3603070002,Malang Nengah,Pagedangan,Tangerang,3603,Banten,106.5831,-6.32905,2.8411
3603070010,Medang,Pagedangan,Tangerang,3603,Banten,106.610212,-6.26167,5.1894
3603070006,Pagedangan,Pagedangan,Tangerang,3603,Banten,106.633527,-6.298694,4.6183
3603070005,Situ Gadung,Pagedangan,Tangerang,3603,Banten,106.627225,-6.31502,7.7561
3603081006,Cibogo,Cisauk,Tangerang,3603,Banten,106.64856,-6.33044,3.4029
3603081004,Cisauk,Cisauk,Tangerang,3603,Banten,106.624969,-6.331445,5.0674
3603081002,Dangdang,Cisauk,Tangerang,3603,Banten,106.617896,-6.350514,5.5031
3603081001,Mekarwangi,Cisauk,Tangerang,3603,Banten,106.596884,-6.35161,4.0272
3603081005,Sampora,Cisauk,Tangerang,3603,Banten,106.651902,-6.308925,4.7107
3603081003,Suradita,Cisauk,Tangerang,3603,Banten,106.640338,-6.349856,6.9186
3603120008,Gelam Jaya,Pasarkemis,Tangerang,3603,Banten,106.558433,-6.172713,3.6752
3603120009,Kuta Baru,Pasarkemis,Tangerang,3603,Banten,106.575607,-6.15367,1.4464
3603120010,Kuta Bumi,Pasarkemis,Tangerang,3603,Banten,106.56532,-6.14728,3.1486
3603120007,Kuta Jaya,Pasarkemis,Tangerang,3603,Banten,106.575724,-6.164796,2.8852
3603120011,Pangadegan,Pasarkemis,Tangerang,3603,Banten,106.555274,-6.142095,4.5908
3603120005,Pasar Kemis,Pasarkemis,Tangerang,3603,Banten,106.534971,-6.182995,2.3365
3603120012,Sindang Sari,Pasarkemis,Tangerang,3603,Banten,106.537294,-6.14443,4.7274
3603120004,Sukaasih,Pasarkemis,Tangerang,3603,Banten,106.536455,-6.16444,1.7028
3603120006,Sukamantri,Pasarkemis,Tangerang,3603,Banten,106.544569,-6.16734,6.9594
3603121007,Badak Anom,Sindang Jaya,Tangerang,3603,Banten,106.475037,-6.147917,2.9205
3603121005,Sindang Asih,Sindang Jaya,Tangerang,3603,Banten,106.491303,-6.168225,5.5406
3603121004,Sindang Jaya,Sindang Jaya,Tangerang,3603,Banten,106.506118,-6.15197,5.0292
3603121003,Sindang Panon,Sindang Jaya,Tangerang,3603,Banten,106.523795,-6.155903,5.1886
3603121006,Sindang Sono,Sindang Jaya,Tangerang,3603,Banten,106.478589,-6.174757,8.0266
3603121002,Suka Harja,Sindang Jaya,Tangerang,3603,Banten,106.519809,-6.184015,5.6791
3603121001,Wana Kerta,Sindang Jaya,Tangerang,3603,Banten,106.501769,-6.183165,8.1978
3603130006,Bala Raja,Balaraja,Tangerang,3603,Banten,106.456955,-6.19214,2.1632
3603130002,Cangkudu,Balaraja,Tangerang,3603,Banten,106.434709,-6.227661,3.9979
3603130001,Gembong,Balaraja,Tangerang,3603,Banten,106.413074,-6.224006,5.1034
3603130015,Saga,Balaraja,Tangerang,3603,Banten,106.458388,-6.174485,4.2418
3603130003,Sentul,Balaraja,Tangerang,3603,Banten,106.454062,-6.215552,4.1675
3603130004,Sentul Jaya,Balaraja,Tangerang,3603,Banten,106.440489,-6.210642,2.8717
3603130008,Suka Murni,Balaraja,Tangerang,3603,Banten,106.426344,-6.20525,3.3259
3603130005,Talagasari,Balaraja,Tangerang,3603,Banten,106.465267,-6.189937,2.5859
3603130007,Tobat,Balaraja,Tangerang,3603,Banten,106.441012,-6.191733,3.7461
3603131004,Cikande,Jayanti,Tangerang,3603,Banten,106.38305,-6.206792,2.9903
3603131007,Dang Deur,Jayanti,Tangerang,3603,Banten,106.40993,-6.199485,3.5271
3603131001,Jayanti,Jayanti,Tangerang,3603,Banten,106.384983,-6.218424,2.9311
3603131008,Pabuaran,Jayanti,Tangerang,3603,Banten,106.419037,-6.192285,2.3477
3603131006,Pangkat,Jayanti,Tangerang,3603,Banten,106.397299,-6.19554,2.451
3603131005,Pasir Gintung,Jayanti,Tangerang,3603,Banten,106.382439,-6.195428,2.2825
3603131002,Pasir Muncang,Jayanti,Tangerang,3603,Banten,106.395284,-6.224555,2.9918
3603131003,Sumur Bandung,Jayanti,Tangerang,3603,Banten,106.404351,-6.211801,3.2265
3603132007,Benda,Sukamulya,Tangerang,3603,Banten,106.441326,-6.150095,3.1778
3603132006,Bunar,Sukamulya,Tangerang,3603,Banten,106.458974,-6.153985,4.3158
3603132008,Buni Ayu,Sukamulya,Tangerang,3603,Banten,106.44262,-6.13646,3.6724
3603132004,Kali Asin,Sukamulya,Tangerang,3603,Banten,106.428789,-6.151815,2.5334
3603132001,Kubang,Sukamulya,Tangerang,3603,Banten,106.421417,-6.180032,4.276
3603132005,Merak,Sukamulya,Tangerang,3603,Banten,106.441254,-6.166115,2.063
3603132002,Parahu,Sukamulya,Tangerang,3603,Banten,106.438222,-6.17601,3.8529
3603132003,Suka Mulya,Sukamulya,Tangerang,3603,Banten,106.420185,-6.158085,3.8159
3603140006,Jengkol,Kresek,Tangerang,3603,Banten,106.414822,-6.14002,4.5957
3603140007,Kemuning,Kresek,Tangerang,3603,Banten,106.413762,-6.12766,4.3369
3603140001,Koper,Kresek,Tangerang,3603,Banten,106.401271,-6.178422,3.7635
3603140011,Kresek,Kresek,Tangerang,3603,Banten,106.375668,-6.123225,3.2524
3603140002,Pasir Ampo,Kresek,Tangerang,3603,Banten,106.40008,-6.166808,2.6914
3603140003,Patra Sana,Kresek,Tangerang,3603,Banten,106.404357,-6.15676,2.3852
3603140008,Ranca Ilat,Kresek,Tangerang,3603,Banten,106.429431,-6.12086,2.0852
3603140004,Renged,Kresek,Tangerang,3603,Banten,106.391127,-6.145005,2.397
3603140005,Talok,Kresek,Tangerang,3603,Banten,106.393381,-6.1353,2.8207
3603141002,Cibetok,Gunung Kaler,Tangerang,3603,Banten,106.387391,-6.117945,4.3495
3603141004,Cipaeh,Gunung Kaler,Tangerang,3603,Banten,106.36804,-6.08923,3.5773
3603141007,Gunung Kaler,Gunung Kaler,Tangerang,3603,Banten,106.351532,-6.079833,2.2562
3603141001,Kanda Wati,Gunung Kaler,Tangerang,3603,Banten,106.364695,-6.112505,2.88
3603141005,Kedung,Gunung Kaler,Tangerang,3603,Banten,106.350815,-6.067028,2.9226
3603141006,Onyam,Gunung Kaler,Tangerang,3603,Banten,106.357951,-6.099191,3.7111
3603141009,Ranca Gede,Gunung Kaler,Tangerang,3603,Banten,106.383155,-6.096545,3.9998
3603141008,Sidoko,Gunung Kaler,Tangerang,3603,Banten,106.373634,-6.07693,3.7049
3603141003,Tamiang,Gunung Kaler,Tangerang,3603,Banten,106.401946,-6.107815,5.3075
3603150003,Bakung,Kronjo,Tangerang,3603,Banten,106.427808,-6.09999,3.7313
3603150002,Blukbuk,Kronjo,Tangerang,3603,Banten,106.41815,-6.104357,2.9425
3603150005,Cirumpak,Kronjo,Tangerang,3603,Banten,106.443778,-6.10872,3.152
3603150017,Kronjo,Kronjo,Tangerang,3603,Banten,106.428662,-6.04711,6.8334
3603150016,Muncung,Kronjo,Tangerang,3603,Banten,106.410367,-6.044979,7.7683
3603150018,Pagedangan Ilir,Kronjo,Tangerang,3603,Banten,106.440679,-6.054325,8.3773
3603150006,Pagedangan Udik,Kronjo,Tangerang,3603,Banten,106.438379,-6.076685,3.726
3603150008,Pagenjahan,Kronjo,Tangerang,3603,Banten,106.413309,-6.086203,1.9616
3603150007,Pasilian,Kronjo,Tangerang,3603,Banten,106.420999,-6.07549,4.2033
3603150004,Pasir,Kronjo,Tangerang,3603,Banten,106.437028,-6.10254,3.2276
3603151006,Cijeruk,Mekar Baru,Tangerang,3603,Banten,106.370203,-6.060745,4.4708
3603151001,Ganda Ria,Mekar Baru,Tangerang,3603,Banten,106.409102,-6.097305,2.8494
3603151008,Jenggot,Mekar Baru,Tangerang,3603,Banten,106.388307,-6.041252,7.7581
3603151007,Kedaung,Mekar Baru,Tangerang,3603,Banten,106.363001,-6.050857,2.9979
3603151003,Klutuk,Mekar Baru,Tangerang,3603,Banten,106.404995,-6.072867,1.7874
3603151002,Kosambi Dalam,Mekar Baru,Tangerang,3603,Banten,106.396855,-6.083095,3.3995
3603151004,Mekar Baru,Mekar Baru,Tangerang,3603,Banten,106.390236,-6.069365,2.4974
3603151005,Waliwis,Mekar Baru,Tangerang,3603,Banten,106.392164,-6.05884,2.7621
3603160020,Banyu Asih,Mauk,Tangerang,3603,Banten,106.524735,-6.063905,1.5143
3603160007,Gunung Sari,Mauk,Tangerang,3603,Banten,106.500981,-6.077561,3.632
3603160011,Jati Waringin,Mauk,Tangerang,3603,Banten,106.540559,-6.084572,1.6324
3603160009,Kedung Dalem,Mauk,Tangerang,3603,Banten,106.528225,-6.080425,3.4484
3603160023,Ketapang,Mauk,Tangerang,3603,Banten,106.508019,-6.045025,4.5936
3603160024,Marga Mulya,Mauk,Tangerang,3603,Banten,106.529098,-6.032033,5.4816
3603160022,Mauk Barat,Mauk,Tangerang,3603,Banten,106.49598,-6.05826,6.7362
3603160021,Mauk Timur,Mauk,Tangerang,3603,Banten,106.511022,-6.061263,1.7653
3603160008,Sasak,Mauk,Tangerang,3603,Banten,106.513673,-6.076432,2.3454
3603160025,Tanjung Anom,Mauk,Tangerang,3603,Banten,106.541439,-6.025025,3.6566
3603160010,Tegal Kunir Kidul,Mauk,Tangerang,3603,Banten,106.535851,-6.066395,3.2378
3603160019,Tegal Kunir Lor,Mauk,Tangerang,3603,Banten,106.532939,-6.05238,3.3602
3603161006,Karang Anyar,Kemiri,Tangerang,3603,Banten,106.470062,-6.06812,4.4833
3603161004,Kelebet,Kemiri,Tangerang,3603,Banten,106.454236,-6.09561,6.2001
3603161003,Kemiri,Kemiri,Tangerang,3603,Banten,106.473256,-6.10136,4.6922
3603161001,Legok Sukamaju,Kemiri,Tangerang,3603,Banten,106.449903,-6.122632,3.8889
3603161007,Lontar,Kemiri,Tangerang,3603,Banten,106.457826,-6.059695,7.6994
3603161005,Patra Manggala,Kemiri,Tangerang,3603,Banten,106.479255,-6.06996,6.0454
3603161002,Ranca Labuh,Kemiri,Tangerang,3603,Banten,106.461241,-6.123256,2.9146
3603162001,Buaran Jati,Sukadiri,Tangerang,3603,Banten,106.548927,-6.08647,3.5021
3603162002,Gintung,Sukadiri,Tangerang,3603,Banten,106.554856,-6.098635,3.2997
3603162008,Karang Serang,Sukadiri,Tangerang,3603,Banten,106.558236,-6.03324,4.4261
3603162003,Kosambi,Sukadiri,Tangerang,3603,Banten,106.565133,-6.09843,2.7354
3603162004,Mekar Kondang,Sukadiri,Tangerang,3603,Banten,106.572691,-6.083795,2.7917
3603162005,Pekayon,Sukadiri,Tangerang,3603,Banten,106.549986,-6.059587,4.1586
3603162007,Rawa Kidang,Sukadiri,Tangerang,3603,Banten,106.562743,-6.06743,4.1746
3603162006,Sukadiri,Sukadiri,Tangerang,3603,Banten,106.561858,-6.052545,3.1282
3603170003,Daon,Rajeg,Tangerang,3603,Banten,106.48889,-6.141083,3.7349
3603170002,Jambu Karya,Rajeg,Tangerang,3603,Banten,106.473349,-6.126103,3.8798
3603170012,Lembang Sari,Rajeg,Tangerang,3603,Banten,106.511768,-6.096571,1.7505
3603170005,Mekarsari,Rajeg,Tangerang,3603,Banten,106.538014,-6.12568,4.4995
3603170010,Pangarengan,Rajeg,Tangerang,3603,Banten,106.486641,-6.105335,7.395
3603170008,Rajeg,Rajeg,Tangerang,3603,Banten,106.5111,-6.107915,2.6812
3603170007,Rajegmulya,Rajeg,Tangerang,3603,Banten,106.53078,-6.11105,4.8336
3603170011,Ranca Bango,Rajeg,Tangerang,3603,Banten,106.498181,-6.089436,3.7175
3603170009,Suka Manah,Rajeg,Tangerang,3603,Banten,106.500382,-6.11361,5.9381
3603170006,Suka Sari,Rajeg,Tangerang,3603,Banten,106.556536,-6.120145,3.7993
3603170004,Suka Tani,Rajeg,Tangerang,3603,Banten,106.512964,-6.135895,5.8537
3603170013,Tanjakan,Rajeg,Tangerang,3603,Banten,106.524275,-6.09504,2.3276
3603170014,Tanjakan Mekar,Rajeg,Tangerang,3603,Banten,106.535188,-6.094215,1.6541
3603180002,Karet,Sepatan,Tangerang,3603,Banten,106.584192,-6.149448,2.8487
3603180012,Kayu Agung,Sepatan,Tangerang,3603,Banten,106.586986,-6.096466,2.3662
3603180011,Kayu Bongkok,Sepatan,Tangerang,3603,Banten,106.576852,-6.09375,1.7223
3603180001,Mekar Jaya,Sepatan,Tangerang,3603,Banten,106.574238,-6.13181,2.8986
3603180009,Pisangan Jaya,Sepatan,Tangerang,3603,Banten,106.570345,-6.110684,3.07
3603180007,Pondok Jaya,Sepatan,Tangerang,3603,Banten,106.589685,-6.124985,1.5617
3603180010,Sarakan,Sepatan,Tangerang,3603,Banten,106.585528,-6.109589,1.5024
3603180008,Sepatan,Sepatan,Tangerang,3603,Banten,106.582031,-6.125808,2.5256
3603181006,Gempol Sari,Sepatan Timur,Tangerang,3603,Banten,106.614951,-6.109075,3.0832
3603181003,Jati Mulya,Sepatan Timur,Tangerang,3603,Banten,106.604263,-6.115145,1.1385
3603181008,Kampung Kelor,Sepatan Timur,Tangerang,3603,Banten,106.623937,-6.110335,1.7693
3603181002,Kedaung Barat,Sepatan Timur,Tangerang,3603,Banten,106.608049,-6.12665,2.7444
3603181001,Lebak Wangi,Sepatan Timur,Tangerang,3603,Banten,106.596634,-6.134906,5.1239
3603181007,Pondok Kelor,Sepatan Timur,Tangerang,3603,Banten,106.628159,-6.10673,1.5737
3603181005,Sangiang,Sepatan Timur,Tangerang,3603,Banten,106.603187,-6.10331,2.4001
3603181004,Tanah Merah,Sepatan Timur,Tangerang,3603,Banten,106.591407,-6.117037,1.3365
3603190006,Buaran Bambu,Pakuhaji,Tangerang,3603,Banten,106.606144,-6.071874,3.211
3603190009,Buaran Mangga,Pakuhaji,Tangerang,3603,Banten,106.580759,-6.058843,3.2365
3603190001,Bunisari,Pakuhaji,Tangerang,3603,Banten,106.596191,-6.090365,2.1037
3603190004,Gaga,Pakuhaji,Tangerang,3603,Banten,106.630496,-6.085657,3.8238
3603190013,Kalibaru,Pakuhaji,Tangerang,3603,Banten,106.622696,-6.056611,4.6744
3603190003,Kiara Payung,Pakuhaji,Tangerang,3603,Banten,106.619112,-6.08816,3.2955
3603190014,Kohod,Pakuhaji,Tangerang,3603,Banten,106.618652,-6.025475,9.3152
3603190012,Kramat,Pakuhaji,Tangerang,3603,Banten,106.600931,-6.046539,6.8401
3603190005,Laksana,Pakuhaji,Tangerang,3603,Banten,106.615238,-6.073228,3.8244
3603190008,Paku Alam,Pakuhaji,Tangerang,3603,Banten,106.588733,-6.0696,1.65
3603190007,Paku Haji,Pakuhaji,Tangerang,3603,Banten,106.587558,-6.078689,2.7734
3603190002,Rawa Boni,Pakuhaji,Tangerang,3603,Banten,106.602481,-6.083849,2.5459
3603190011,Sukawali,Pakuhaji,Tangerang,3603,Banten,106.587215,-6.04362,4.0993
3603190010,Surya Bahari,Pakuhaji,Tangerang,3603,Banten,106.575621,-6.04177,2.7496
3603200004,Babakan Asem,Teluknaga,Tangerang,3603,Banten,106.656591,-6.085604,1.9908
3603200001,Bojong Renged,Teluknaga,Tangerang,3603,Banten,106.646376,-6.10487,1.9461
3603200007,Kampung Besar,Teluknaga,Tangerang,3603,Banten,106.664905,-6.057183,4.3943
3603200006,Kampung Melayu Barat,Teluknaga,Tangerang,3603,Banten,106.645203,-6.07096,1.4124
3603200005,Kampung Melayu Timur,Teluknaga,Tangerang,3603,Banten,106.651629,-6.07339,2.133
3603200002,Kebon Cau,Teluknaga,Tangerang,3603,Banten,106.658552,-6.09387,2.5359
3603200008,Lemo,Teluknaga,Tangerang,3603,Banten,106.679801,-6.044085,5.4863
3603200013,Muara,Teluknaga,Tangerang,3603,Banten,106.687361,-6.02954,4.7414
3603200010,Pangkalan,Teluknaga,Tangerang,3603,Banten,106.646082,-6.053985,4.8889
3603200011,Tanjung Burung,Teluknaga,Tangerang,3603,Banten,106.63675,-6.037021,8.4099
3603200012,Tanjung Pasir,Teluknaga,Tangerang,3603,Banten,106.661572,-6.02749,6.5711
3603200009,Tegal Angus,Teluknaga,Tangerang,3603,Banten,106.660432,-6.04392,2.9576
3603200003,Teluk Naga,Teluknaga,Tangerang,3603,Banten,106.641687,-6.091201,3.3541
3603210003,Belimbing,Kosambi,Tangerang,3603,Banten,106.672582,-6.088767,2.8079
3603210008,Cengklong,Kosambi,Tangerang,3603,Banten,106.686695,-6.08079,1.9208
3603210005,Dadap,Kosambi,Tangerang,3603,Banten,106.712006,-6.085467,4.912
3603210004,Jatimulya,Kosambi,Tangerang,3603,Banten,106.684542,-6.09159,1.7031
3603210007,Kosambi Barat,Kosambi,Tangerang,3603,Banten,106.699604,-6.070095,2.7524
3603210006,Kosambi Timur,Kosambi,Tangerang,3603,Banten,106.702183,-6.07862,2.9739
3603210002,Rawa Burung,Kosambi,Tangerang,3603,Banten,106.663901,-6.104281,1.4781
3603210001,Rawa Rengas,Kosambi,Tangerang,3603,Banten,106.649771,-6.111276,1.1633
3603210010,Salembaran,Kosambi,Tangerang,3603,Banten,106.671427,-6.06422,8.4154
3603210009,Salembaran Jati,Kosambi,Tangerang,3603,Banten,106.687318,-6.066765,4.0573
3671010003,Paninggilan,Ciledug,Kota Tangerang,3671,Banten,106.712297,-6.247241,1.2364
3671010012,Paninggilan Utara,Ciledug,Kota Tangerang,3671,Banten,106.710883,-6.240404,0.9489
3671010002,Parung Serab,Ciledug,Kota Tangerang,3671,Banten,106.70265,-6.248795,1.4479
3671010014,Sudimara Barat,Ciledug,Kota Tangerang,3671,Banten,106.704363,-6.231487,1.0368
3671010015,Sudimara Jaya,Ciledug,Kota Tangerang,3671,Banten,106.709863,-6.231253,0.8699
3671010013,Sudimara Selatan,Ciledug,Kota Tangerang,3671,Banten,106.699705,-6.23497,1.111
3671010016,Sudimara Timur,Ciledug,Kota Tangerang,3671,Banten,106.717808,-6.232318,0.8944
3671010001,Tajur,Ciledug,Kota Tangerang,3671,Banten,106.692011,-6.237137,1.4515
3671011005,Cipadu,Larangan,Kota Tangerang,3671,Banten,106.735998,-6.23928,0.8247
3671011003,Cipadu Jaya,Larangan,Kota Tangerang,3671,Banten,106.741182,-6.245178,1.1857
3671011002,Gaga,Larangan,Kota Tangerang,3671,Banten,106.727446,-6.239833,1.0155
3671011006,Kereo,Larangan,Kota Tangerang,3671,Banten,106.73976,-6.22993,1.0096
3671011004,Kereo Selatan,Larangan,Kota Tangerang,3671,Banten,106.743635,-6.240134,0.922
3671011007,Larangan Indah,Larangan,Kota Tangerang,3671,Banten,106.731146,-6.228451,0.7709
3671011001,Larangan Selatan,Larangan,Kota Tangerang,3671,Banten,106.724946,-6.247952,1.1371
3671011008,Larangan Utara,Larangan,Kota Tangerang,3671,Banten,106.726704,-6.232301,1.288
3671012005,Karang Mulya,Karang Tengah,Kota Tangerang,3671,Banten,106.717107,-6.2012,2.4133
3671012003,Karang Tengah,Karang Tengah,Kota Tangerang,3671,Banten,106.709866,-6.215717,1.9331
3671012004,Karang Timur,Karang Tengah,Kota Tangerang,3671,Banten,106.714536,-6.219275,1.3492
3671012006,Parung Jaya,Karang Tengah,Kota Tangerang,3671,Banten,106.708497,-6.198408,1.0807
3671012001,Pedurenan,Karang Tengah,Kota Tangerang,3671,Banten,106.697593,-6.218121,0.9516
3671012007,Pondok Bahar,Karang Tengah,Kota Tangerang,3671,Banten,106.699009,-6.205505,1.3729
3671012002,Pondok Pucung,Karang Tengah,Kota Tangerang,3671,Banten,106.702001,-6.215154,0.8062
3671020013,Cipondoh,Cipondoh,Kota Tangerang,3671,Banten,106.675596,-6.192337,1.7629
3671020018,Cipondoh Indah,Cipondoh,Kota Tangerang,3671,Banten,106.688461,-6.179966,1.3414
3671020019,Cipondoh Makmur,Cipondoh,Kota Tangerang,3671,Banten,106.678822,-6.180192,1.4729
3671020015,Gondrong,Cipondoh,Kota Tangerang,3671,Banten,106.69573,-6.192861,1.7179
3671020014,Kenanga,Cipondoh,Kota Tangerang,3671,Banten,106.684781,-6.194214,2.0636
3671020017,Ketapang,Cipondoh,Kota Tangerang,3671,Banten,106.700031,-6.180647,1.4553
3671020016,Petir,Cipondoh,Kota Tangerang,3671,Banten,106.708674,-6.189628,2.3055
3671020021,Poris Plawad,Cipondoh,Kota Tangerang,3671,Banten,106.664913,-6.171584,1.8108
3671020012,Poris Plawad Indah,Cipondoh,Kota Tangerang,3671,Banten,106.659683,-6.191593,2.3133
3671020020,Poris Plawad Utara,Cipondoh,Kota Tangerang,3671,Banten,106.665649,-6.182265,1.3785
3671021011,Cipete,Pinang,Kota Tangerang,3671,Banten,106.659536,-6.203155,2.5091
3671021004,Kunciran,Pinang,Kota Tangerang,3671,Banten,106.665037,-6.223722,2.3135
3671021005,Kunciran Indah,Pinang,Kota Tangerang,3671,Banten,106.676989,-6.222674,1.7853
3671021009,Kunciran Jaya,Pinang,Kota Tangerang,3671,Banten,106.673431,-6.208263,2.8571
3671021008,Neroktog,Pinang,Kota Tangerang,3671,Banten,106.686066,-6.206585,2.3181
3671021010,Pakojan,Pinang,Kota Tangerang,3671,Banten,106.654142,-6.209158,1.3625
3671021002,Panunggangan,Pinang,Kota Tangerang,3671,Banten,106.640051,-6.225234,1.7087
3671021003,Panunggangan Timur,Pinang,Kota Tangerang,3671,Banten,106.654023,-6.222167,1.9164
3671021001,Panunggangan Utara,Pinang,Kota Tangerang,3671,Banten,106.640141,-6.218267,1.8992
3671021007,Pinang,Pinang,Kota Tangerang,3671,Banten,106.689029,-6.216078,1.8113
3671021006,Sudimara Pinang,Pinang,Kota Tangerang,3671,Banten,106.689596,-6.225898,1.2795
3671030006,Babakan,Tangerang,Kota Tangerang,3671,Banten,106.638203,-6.19089,1.8455
3671030015,Buaran Indah,Tangerang,Kota Tangerang,3671,Banten,106.651058,-6.180973,1.9547
3671030004,Cikokol,Tangerang,Kota Tangerang,3671,Banten,106.628187,-6.205749,2.9369
3671030005,Kelapa Indah,Tangerang,Kota Tangerang,3671,Banten,106.640379,-6.197273,3.3717
3671030017,Sukaasih,Tangerang,Kota Tangerang,3671,Banten,106.638149,-6.172375,0.8389
3671030018,Sukarasa,Tangerang,Kota Tangerang,3671,Banten,106.631667,-6.172609,0.742
3671030014,Sukasari,Tangerang,Kota Tangerang,3671,Banten,106.637274,-6.18194,1.2561
3671030016,Tanah Tinggi,Tangerang,Kota Tangerang,3671,Banten,106.650136,-6.173294,2.6146
3671031003,Bojongjaya,Karawaci,Kota Tangerang,3671,Banten,106.621013,-6.20334,1.0774
3671031007,Bugel,Karawaci,Kota Tangerang,3671,Banten,106.605716,-6.177906,0.9698
3671031006,Cimone,Karawaci,Kota Tangerang,3671,Banten,106.610461,-6.19072,0.8282
3671031005,Cimone Jaya,Karawaci,Kota Tangerang,3671,Banten,106.615754,-6.189715,0.794
3671031011,Gerendeng,Karawaci,Kota Tangerang,3671,Banten,106.623141,-6.173906,0.7557
3671031004,Karawaci,Karawaci,Kota Tangerang,3671,Banten,106.626185,-6.190387,1.277
3671031001,Karawaci Baru,Karawaci,Kota Tangerang,3671,Banten,106.613301,-6.20363,0.55
3671031012,Koangjaya,Karawaci,Kota Tangerang,3671,Banten,106.626756,-6.16117,1.1988
3671031008,Margasari,Karawaci,Kota Tangerang,3671,Banten,106.612443,-6.17739,0.9129
3671031016,Nambojaya,Karawaci,Kota Tangerang,3671,Banten,106.608953,-6.165756,0.6187
3671031002,Nusajaya,Karawaci,Kota Tangerang,3671,Banten,106.616947,-6.203105,0.7263
3671031009,Pabuaran,Karawaci,Kota Tangerang,3671,Banten,106.617641,-6.18181,0.7468
3671031015,Pabuaran Tumpeng,Karawaci,Kota Tangerang,3671,Banten,106.616302,-6.165859,0.7068
3671031013,Pasarbaru,Karawaci,Kota Tangerang,3671,Banten,106.621206,-6.165272,0.9752
3671031010,Sukajadi,Karawaci,Kota Tangerang,3671,Banten,106.625326,-6.180582,0.7368
3671031014,Sumur Pacing,Karawaci,Kota Tangerang,3671,Banten,106.616393,-6.174426,0.3694
3671040011,Alam Jaya,Jati Uwung,Kota Tangerang,3671,Banten,106.578452,-6.187602,1.3904
3671040003,Gandasari,Jati Uwung,Kota Tangerang,3671,Banten,106.587142,-6.208117,3.7527
3671040002,Jatake,Jati Uwung,Kota Tangerang,3671,Banten,106.573275,-6.201475,1.1049
3671040010,Kroncong,Jati Uwung,Kota Tangerang,3671,Banten,106.585962,-6.186462,1.7844
3671040001,Manis Jaya,Jati Uwung,Kota Tangerang,3671,Banten,106.573803,-6.21092,1.6533
3671040012,Pasir Jaya,Jati Uwung,Kota Tangerang,3671,Banten,106.564419,-6.19099,5.0045
3671041004,Cibodas,Cibodas,Kota Tangerang,3671,Banten,106.606385,-6.196828,1.3488
3671041003,Cibodas Baru,Cibodas,Kota Tangerang,3671,Banten,106.603555,-6.205791,0.8034
3671041002,Cibodasari,Cibodas,Kota Tangerang,3671,Banten,106.610064,-6.21069,1.0004
3671041006,Jatiuwung,Cibodas,Kota Tangerang,3671,Banten,106.592851,-6.195675,1.3634
3671041001,Panunggangan Barat,Cibodas,Kota Tangerang,3671,Banten,106.620456,-6.219105,2.8703
3671041005,Uwung Jaya,Cibodas,Kota Tangerang,3671,Banten,106.599738,-6.19344,1.6737
3671042002,Gebang Raya,Periuk,Kota Tangerang,3671,Banten,106.591847,-6.174711,2.3554
3671042001,Gembor,Periuk,Kota Tangerang,3671,Banten,106.580435,-6.17377,2.1172
3671042004,Periuk,Periuk,Kota Tangerang,3671,Banten,106.594264,-6.16006,2.88
3671042005,Periuk Jaya,Periuk,Kota Tangerang,3671,Banten,106.60652,-6.15949,2.8079
3671042003,Sangiang Jaya,Periuk,Kota Tangerang,3671,Banten,106.596963,-6.180693,1.3826
3671050005,Batuceper,Batuceper,Kota Tangerang,3671,Banten,106.668202,-6.159538,1.4996
3671050006,Batujaya,Batuceper,Kota Tangerang,3671,Banten,106.662968,-6.155451,1.2143
3671050007,Batusari,Batuceper,Kota Tangerang,3671,Banten,106.653518,-6.155935,1.4645
3671050004,Kebon Besar,Batuceper,Kota Tangerang,3671,Banten,106.681624,-6.15916,1.2006
3671050002,Poris Jaya,Batuceper,Kota Tangerang,3671,Banten,106.676918,-6.171862,0.8145
3671050003,Porisgaga,Batuceper,Kota Tangerang,3671,Banten,106.684632,-6.167766,1.4471
3671050001,Porisgaga Baru,Batuceper,Kota Tangerang,3671,Banten,106.671864,-6.173119,0.9655
3671051001,Karang Anyar,Neglasari,Kota Tangerang,3671,Banten,106.646185,-6.154502,2.0226
3671051002,Karang Sari,Neglasari,Kota Tangerang,3671,Banten,106.637255,-6.15632,2.3976
3671051005,Kedaung Baru,Neglasari,Kota Tangerang,3671,Banten,106.615764,-6.131396,1.2098
3671051006,Kedaung Wetan,Neglasari,Kota Tangerang,3671,Banten,106.624528,-6.13033,1.9662
3671051004,Mekarsari,Neglasari,Kota Tangerang,3671,Banten,106.620023,-6.154065,2.1792
3671051003,Neglasari,Neglasari,Kota Tangerang,3671,Banten,106.626252,-6.147242,2.3038
3671051007,Selapajang Jaya,Neglasari,Kota Tangerang,3671,Banten,106.631883,-6.1221,2.8213
3671060001,Belendung,Benda,Kota Tangerang,3671,Banten,106.660738,-6.144732,2.9593
3671060005,Benda,Benda,Kota Tangerang,3671,Banten,106.68846,-6.111099,3.1827
3671060003,Jurumudi,Benda,Kota Tangerang,3671,Banten,106.682897,-6.135152,2.7871
3671060002,Jurumudi Baru,Benda,Kota Tangerang,3671,Banten,106.679546,-6.148824,1.9579
3671060004,Pajang,Benda,Kota Tangerang,3671,Banten,106.660036,-6.125364,17.5883
3674010005,Babakan,Setu,Kota Tangerang Selatan,3674,Banten,106.693734,-6.352285,2.3214
3674010006,Bakti Jaya,Setu,Kota Tangerang Selatan,3674,Banten,106.709011,-6.35386,2.2853
3674010003,Kademangan,Setu,Kota Tangerang Selatan,3674,Banten,106.667507,-6.334545,2.3776
3674010001,Kranggan,Setu,Kota Tangerang Selatan,3674,Banten,106.653116,-6.34041,2.0288
3674010002,Muncul,Setu,Kota Tangerang Selatan,3674,Banten,106.666263,-6.348775,3.4455
3674010004,Setu,Setu,Kota Tangerang Selatan,3674,Banten,106.677464,-6.340585,4.4604
3674020009,Buaran,Serpong,Kota Tangerang Selatan,3674,Banten,106.693416,-6.34055,3.8323
3674020010,Ciater,Serpong,Kota Tangerang Selatan,3674,Banten,106.695062,-6.320235,5.3017
3674020018,Cilenggang,Serpong,Kota Tangerang Selatan,3674,Banten,106.666364,-6.30872,2.4244
3674020019,Lengkong Gudang,Serpong,Kota Tangerang Selatan,3674,Banten,106.66579,-6.293684,3.2353
3674020020,Lengkong Gudang Timur,Serpong,Kota Tangerang Selatan,3674,Banten,106.684875,-6.293735,2.5122
3674020021,Lengkong Wetan,Serpong,Kota Tangerang Selatan,3674,Banten,106.669454,-6.28231,2.8925
3674020012,Rawa Buntu,Serpong,Kota Tangerang Selatan,3674,Banten,106.6786,-6.311375,3.6343
3674020011,Rawa Mekar Jaya,Serpong,Kota Tangerang Selatan,3674,Banten,106.689589,-6.308447,2.5739
3674020013,Serpong,Serpong,Kota Tangerang Selatan,3674,Banten,106.665484,-6.318815,2.3314
3674030007,Bambu Apus,Pamulang,Kota Tangerang Selatan,3674,Banten,106.7321,-6.327762,2.4637
3674030008,Benda Baru,Pamulang,Kota Tangerang Selatan,3674,Banten,106.716755,-6.333635,3.2268
3674030006,Kedaung,Pamulang,Kota Tangerang Selatan,3674,Banten,106.738993,-6.31483,2.1556
3674030002,Pamulang Barat,Pamulang,Kota Tangerang Selatan,3674,Banten,106.733244,-6.34557,4.5135
3674030003,Pamulang Timur,Pamulang,Kota Tangerang Selatan,3674,Banten,106.745455,-6.346815,2.9063
3674030001,Pondok Benda,Pamulang,Kota Tangerang Selatan,3674,Banten,106.714094,-6.34279,4.5314
3674030005,Pondok Cabe Ilir,Pamulang,Kota Tangerang Selatan,3674,Banten,106.766805,-6.333212,3.3614
3674030004,Pondok Cabe Udik,Pamulang,Kota Tangerang Selatan,3674,Banten,106.760805,-6.350688,5.0032
3674040007,Cipayung,Ciputat,Kota Tangerang Selatan,3674,Banten,106.751596,-6.326475,2.8339
3674040006,Ciputat,Ciputat,Kota Tangerang Selatan,3674,Banten,106.74462,-6.31875,1.7134
3674040002,Jombang,Ciputat,Kota Tangerang Selatan,3674,Banten,106.705602,-6.296615,3.8313
3674040001,Sarua,Ciputat,Kota Tangerang Selatan,3674,Banten,106.71382,-6.31422,3.9221
3674040004,Sarua Indah,Ciputat,Kota Tangerang Selatan,3674,Banten,106.728152,-6.31484,2.6917
3674040005,Sawah,Ciputat,Kota Tangerang Selatan,3674,Banten,106.73462,-6.29649,3.3558
3674040003,Sawah Baru,Ciputat,Kota Tangerang Selatan,3674,Banten,106.720854,-6.29288,2.8732
3674050003,Cempaka Putih,Ciputat Timur,Kota Tangerang Selatan,3674,Banten,106.754318,-6.301945,2.3661
3674050002,Cireundeu,Ciputat Timur,Kota Tangerang Selatan,3674,Banten,106.766125,-6.304012,3.3005
3674050001,Pisangan,Ciputat Timur,Kota Tangerang Selatan,3674,Banten,106.775827,-6.316145,4.1488
3674050006,Pondok Ranji,Ciputat Timur,Kota Tangerang Selatan,3674,Banten,106.737095,-6.282281,3.6632
3674050004,Rempoa,Ciputat Timur,Kota Tangerang Selatan,3674,Banten,106.758625,-6.289341,2.4965
3674050005,Rengas,Ciputat Timur,Kota Tangerang Selatan,3674,Banten,106.749621,-6.282211,2.0736
3674060008,Jurang Manggu Barat,Pondok Aren,Kota Tangerang Selatan,3674,Banten,106.725643,-6.261875,2.5633
3674060009,Jurang Manggu Timur,Pondok Aren,Kota Tangerang Selatan,3674,Banten,106.734616,-6.260555,2.5223
3674060004,Perigi,Pondok Aren,Kota Tangerang Selatan,3674,Banten,106.700805,-6.274456,4.1281
3674060001,Perigi Baru,Pondok Aren,Kota Tangerang Selatan,3674,Banten,106.684322,-6.270515,3.391
3674060007,Pondok Aren,Pondok Aren,Kota Tangerang Selatan,3674,Banten,106.712561,-6.26054,2.4237
3674060011,Pondok Betung,Pondok Aren,Kota Tangerang Selatan,3674,Banten,106.750493,-6.262568,2.101
3674060006,Pondok Jaya,Pondok Aren,Kota Tangerang Selatan,3674,Banten,106.722704,-6.27654,2.2935
3674060002,Pondok Kacang Barat,Pondok Aren,Kota Tangerang Selatan,3674,Banten,106.682584,-6.25098,2.4703
3674060003,Pondok Kacang Timur,Pondok Aren,Kota Tangerang Selatan,3674,Banten,106.69649,-6.25603,2.5942
3674060010,Pondok Karya,Pondok Aren,Kota Tangerang Selatan,3674,Banten,106.741904,-6.26294,2.4593
3674060005,Pondok Pucung,Pondok Aren,Kota Tangerang Selatan,3674,Banten,106.709579,-6.283095,3.116
3674070002,Jelupang,Serpong Utara,Kota Tangerang Selatan,3674,Banten,106.667523,-6.265885,4.3089
3674070001,Lengkong Karya,Serpong Utara,Kota Tangerang Selatan,3674,Banten,106.654704,-6.27591,3.1391
3674070006,Paku Alam,Serpong Utara,Kota Tangerang Selatan,3674,Banten,106.651972,-6.23513,3.0274
3674070007,Paku Jaya,Serpong Utara,Kota Tangerang Selatan,3674,Banten,106.676073,-6.238497,3.4671
3674070005,Pakulonan,Serpong Utara,Kota Tangerang Selatan,3674,Banten,106.652262,-6.245043,2.7818
3674070003,Pondok Jagung,Serpong Utara,Kota Tangerang Selatan,3674,Banten,106.654384,-6.259431,2.7747
3674070004,Pondok Jagung Timur,Serpong Utara,Kota Tangerang Selatan,3674,Banten,106.668069,-6.25012,2.7352
