id,pop
3171010003,45783
3171010001,62611
3171010004,82991
3171010005,45180
3171010002,76048
3171010006,45297
3171020001,53650
3171020005,35990
3171020003,34168
3171020004,37360
3171020006,50458
3171020007,36791
3171020002,68319
3171030003,102454
3171030005,25297
3171030004,22539
3171030001,79066
3171030002,24360
3171040001,55848
3171040002,22222
3171040004,35249
3171040005,46848
3171040003,23408
3171050004,37276
3171050005,55431
3171050006,48548
3171050002,34034
3171050003,32413
3171050001,108352
3171060002,37560
3171060001,38328
3171060007,24076
3171060006,23526
3171060005,23390
3171060004,0
3171060003,0
3171060009,12798
3171060008,21582
3171060010,30789
3171070001,62204
3171070005,21403
3171070004,12898
3171070002,37208
3171070003,26099
3171080006,12197
3171080003,36340
3171080001,35972
3171080004,10125
3171080005,12214
3171080002,22666
3171090005,13477
3171090004,38004
3171090007,24616
3171090006,0
3171090001,54183
3171090002,12565
3171090003,23709
3171100007,9488
3171100004,0
3171100003,44594
3171100001,10930
3171100002,21503
3171100005,12815
3171100006,12693
3171100008,10887
3172010003,26958
3172010004,27518
3172010005,39914
3172010002,52566
3172010001,56305
3172020001,93546
3172020003,78933
3172020002,53975
3172020005,40312
3172020004,51752
3172030006,71632
3172030007,42620
3172030002,74429
3172030004,38506
3172030008,49607
3172030003,27361
3172030001,58636
3172030005,40752
3172040005,51264
3172040004,94249
3172040003,27381
3172040002,25768
3172040001,33760
3172050001,51833
3172050002,30053
3172050007,45205
3172050006,27029
3172050004,22980
3172050003,44060
3172050005,40965
3172060007,0
3172060001,13531
3172060003,27188
3172060005,13200
3172060002,26984
3172060004,43215
3172060008,0
3172060006,27496
3172070002,82949
3172070007,29898
3172070005,14911
3172070006,28015
3172070001,70364
3172070003,106840
3172070004,34048
3172080006,84242
3172080005,104485
3172080001,119590
3172080002,80337
3172080003,111797
3172080007,92233
3172080004,56124
3172090002,41523
3172090004,42444
3172090003,13720
3172090006,53579
3172090001,27592
3172090007,27881
3172090005,48844
3172100004,14987
3172100001,13886
3172100002,14987
3172100003,27785
3172100005,13739
3172100006,15056
3173010002,21863
3173010001,36865
3173010007,13854
3173010003,24103
3173010006,13691
3173010004,14104
3173010005,26420
3173020003,29485
3173020004,28169
3173020005,0
3173020001,38114
3173020002,28474
3173030006,14870
3173030001,14281
3173030003,29191
3173030004,0
3173030002,0
3173030005,12572
3173040004,15244
3173040001,29859
3173040002,0
3173040003,0
3173050003,14949
3173050002,28418
3173050001,26870
3173060002,29956
3173060008,25969
3173060001,0
3173060006,10936
3173060007,15126
3173060004,15459
3173060003,15251
3173060005,15440
3173070002,40382
3173070004,15344
3173070003,0
3173070005,29194
3173070001,26970
3173080001,14566
3173080006,13724
3173080003,48716
3173080004,13613
3173080002,14791
3173080005,29211
3174010001,72312
3174010005,80882
3174010006,81657
3174010003,78251
3174010004,66751
3174010002,108833
3174020005,73171
3174020004,71592
3174020006,72880
3174020007,72028
3174020003,30762
3174020001,13684
3174020002,36604
3174030006,34099
3174030003,71832
3174030005,18603
3174030004,0
3174030001,53989
3174030002,17022
3174040004,17606
3174040005,52185
3174040007,18822
3174040002,31929
3174040001,17242
3174040003,34055
3174040006,52307
3174050007,13407
3174050002,18628
3174050004,0
3174050006,15928
3174050008,18046
3174050001,18092
3174050005,19041
3174050011,17010
3174050010,0
3174050009,18870
3174050003,0
3174060007,0
3174060006,18992
3174060001,17386
3174060005,18671
3174060002,36032
3174060008,16912
3174060003,0
3174060004,0
3174070006,99701
3174070005,109826
3174070001,137131
3174070004,132174
3174070003,54884
3174070002,64368
3174080002,115580
3174080005,38806
3174080003,140822
3174080888,30007
3174080001,88380
3174080004,103813
3175010001,78579
3175010002,108973
3175010003,44879
3175010004,66390
3175010005,81689
3175020003,96096
3175020001,23409
3175020002,21474
3175030006,37626
3175030003,19640
3175030005,20317
3175030001,105882
3175030002,86271
3175030007,41400
3175030004,39654
3175040006,43566
3175040004,13699
3175040001,21063
3175040005,11599
3175040002,38515
3175040003,54739
3175050001,111898
3175050002,38981
3175050003,99270
3175060004,67176
3175060007,33444
3175060003,40062
3175060002,75501
3175060006,59258
3175060005,65217
3175060001,79696
3175555888,7562
3175888888,0
3201010002,18490
3201010011,5686
3201010003,18978
3201010004,10652
3201010008,6498
3201010009,6235
3201010001,13220
3201010005,6290
3201010006,10239
3201010010,5433
3201010007,5346
3201020006,11721
3201020016,13665
3201020007,12590
3201020005,15389
3201020019,12753
3201020003,11140
3201020018,15981
3201020017,10811
3201020004,9410
3201020001,16465
3201020002,8930
3201021005,7288
3201021008,5389
3201021007,3818
3201021003,12688
3201021006,6816
3201021002,11656
3201021004,10711
3201021001,6805
3201030004,9646
3201030003,7188
3201030008,12469
3201030010,7826
3201030011,6981
3201030001,17420
3201030015,2250
3201030007,11108
3201030006,10276
3201030014,11503
3201030009,16772
3201030005,19134
3201030012,12818
3201030013,7354
3201030002,7089
3201040007,8694
3201040014,12404
3201040004,8901
3201040005,9483
3201040003,5039
3201040015,7573
3201040011,3929
3201040010,7935
3201040009,7189
3201040008,5049
3201040012,4028
3201040013,7838
3201040002,6585
3201040001,14751
3201040006,12381
3201050018,14872
3201050012,5763
3201050016,4840
3201050019,7704
3201050004,7848
3201050017,13632
3201050015,9264
3201050009,8164
3201050010,12677
3201050014,14247
3201050013,10250
3201050008,14674
3201050011,11218
3201051005,5532
3201051006,8869
3201051002,1
3201051007,21246
3201051004,13906
3201051001,13524
3201051003,8539
3201060009,18833
3201060007,10218
3201060010,11195
3201060008,11474
3201060005,8462
3201060002,15071
3201060001,4730
3201060006,9100
3201060003,8242
3201060004,10189
3201070015,10794
3201070012,5265
3201070018,7663
3201070009,39733
3201070019,25399
3201070010,8782
3201070017,23644
3201070013,15684
3201070011,4180
3201070016,4753
3201070014,5872
3201071005,19131
3201071008,11470
3201071001,12039
3201071003,16586
3201071002,18142
3201071007,29398
3201071004,16167
3201071006,12977
3201080013,16798
3201080011,8935
3201080012,14699
3201080014,19551
3201080017,19089
3201080018,21031
3201080016,5575
3201080015,5059
3201080010,5401
3201081009,5674
3201081008,12293
3201081005,9098
3201081002,7021
3201081006,3414
3201081007,9284
3201081004,1921
3201081001,21048
3201081003,6135
3201090006,5796
3201090010,9274
3201090011,20745
3201090008,8574
3201090012,8539
3201090002,12613
3201090007,7167
3201090005,6432
3201090009,20897
3201090001,9768
3201090004,9867
3201090003,17231
3201100006,6245
3201100007,8057
3201100010,9901
3201100012,16298
3201100008,10240
3201100004,7529
3201100011,6640
3201100003,9365
3201100001,12361
3201100002,8528
3201100005,10098
3201100013,10043
3201100009,4621
3201110005,9647
3201110002,27089
3201110010,18867
3201110006,17123
3201110001,22656
3201110009,11962
3201110007,29537
3201110008,7650
3201110003,33222
3201110004,28070
3201120009,24136
3201120010,14927
3201120008,9561
3201120003,8911
3201120011,14884
3201120012,28536
3201120002,12765
3201120004,10691
3201120007,16561
3201120006,10866
3201120005,8922
3201120001,7069
3201130007,7485
3201130001,7364
3201130009,22072
3201130006,15049
3201130013,23025
3201130012,16535
3201130010,28379
3201130002,15302
3201130003,15927
3201130011,25268
3201130008,10879
3201130005,9186
3201130004,4093
3201140005,11997
3201140002,28055
3201140001,52648
3201140007,5389
3201140006,15618
3201140008,21249
3201140003,21464
3201140009,25682
3201140004,12831
3201150007,14916
3201150008,19186
3201150004,16845
3201150009,20124
3201150002,18285
3201150006,10568
3201150005,14387
3201150010,17702
3201150001,30892
3201150003,16957
3201160020,12408
3201160012,8911
3201160017,11436
3201160014,8792
3201160013,11393
3201160011,16146
3201160018,8357
3201160015,5765
3201160019,7230
3201160016,8331
3201161006,10016
3201161005,10105
3201161001,15318
3201161007,10546
3201161010,22182
3201161004,13053
3201161003,7007
3201161009,11296
3201161008,15761
3201161002,5238
3201170007,15101
3201170008,19823
3201170003,16791
3201170010,20756
3201170005,43662
3201170004,45460
3201170009,12951
3201170014,10186
3201170001,12863
3201170011,34091
3201170012,17528
3201170002,6841
3201170006,23325
3201170013,9856
3201180018,25860
3201180017,25595
3201180021,28146
3201180013,26736
3201180010,47282
3201180015,35705
3201180014,18981
3201180019,63769
3201180011,23741
3201180016,19259
3201180020,51249
3201180012,45474
3201181003,11514
3201181008,18493
3201181009,23719
3201181006,37881
3201181005,19946
3201181001,8720
3201181007,12395
3201181002,16958
3201181004,21898
3201190010,43204
3201190004,36469
3201190009,56993
3201190005,24806
3201190007,51744
3201190002,13269
3201190001,15377
3201190008,44723
3201190003,36404
3201190006,45286
3201200012,11086
3201200011,15312
3201200002,22338
3201200008,11283
3201200009,9955
3201200006,19175
3201200004,11009
3201200013,11667
3201200014,8067
3201200007,8002
3201200005,19317
3201200003,11440
3201200001,10376
3201200010,17583
3201210004,22863
3201210011,15256
3201210012,33891
3201210009,27835
3201210001,34802
3201210002,31522
3201210003,13873
3201210010,26853
3201210013,22819
3201210005,33246
3201210008,21095
3201210006,35836
3201210007,25706
3201220012,24970
3201220005,15882
3201220002,35929
3201220004,19712
3201220014,15380
3201220015,25471
3201220013,55493
3201220011,29309
3201220003,14433
3201221007,30028
3201221006,30297
3201221004,7584
3201221005,47716
3201221003,14015
3201221002,30031
3201221001,18834
3201230007,13020
3201230009,15805
3201230015,16091
3201230010,18999
3201230011,21536
3201230008,10391
3201230014,19779
3201230006,4423
3201230013,40214
3201231005,6992
3201231004,10515
3201231006,9745
3201231007,8748
3201231001,8199
3201231003,4533
3201231002,11436
3201240016,8561
3201240015,15695
3201240017,18242
3201240009,6717
3201240010,19505
3201240011,27088
3201240012,6212
3201240013,15619
3201240014,14104
3201241003,24279
3201241006,10382
3201241005,13908
3201241002,14729
3201241009,14422
3201241008,8133
3201241001,9769
3201241010,13116
3201241007,9121
3201241004,18944
3201250002,17813
3201250003,28999
3201250004,13545
3201250006,29987
3201250009,19273
3201250001,7763
3201250010,27107
3201250005,11590
3201250008,28414
3201250007,32121
3201260005,21337
3201260002,9748
3201260008,17417
3201260003,12437
3201260006,15902
3201260010,13973
3201260001,14152
3201260013,12956
3201260014,7112
3201260004,18178
3201260007,7957
3201260012,38792
3201260009,24191
3201260011,20108
3201270022,13329
3201270021,10561
3201270017,5401
3201270011,8299
3201270016,7521
3201270019,12996
3201270013,2458
3201270010,15091
3201270015,4580
3201270014,8759
3201270020,11001
3201270009,4504
3201270006,9745
3201270018,9778
3201270012,3754
3201271009,12165
3201271001,5449
3201271004,6354
3201271011,2405
3201271003,6179
3201271002,8931
3201271008,6517
3201271006,5477
3201271005,6267
3201271007,5709
3201271010,3008
3201280015,6163
3201280016,12547
3201280013,6587
3201280008,5020
3201280011,3677
3201280007,4217
3201280004,10701
3201280010,5454
3201280014,4265
3201280006,6597
3201280017,6438
3201280003,6106
3201280012,5313
3201280005,8233
3201280009,7415
3201280018,3970
3201290004,20494
3201290003,20061
3201290005,13430
3201290008,21831
3201290001,6455
3201290009,9844
3201290006,5717
3201290002,15105
3201290007,25436
3201300009,15874
3201300004,10819
3201300003,5016
3201300007,7551
3201300002,17902
3201300001,12868
3201300008,11680
3201300011,18184
3201300006,28956
3201300010,19940
3201300005,18176
3202010001,5507
3202010005,6135
3202010002,13667
3202010006,6425
3202010007,4914
3202010004,14583
3202010008,10389
3202010009,5135
3202010003,11513
3202020002,16723
3202020004,9087
3202020001,9429
3202020006,16058
3202020007,2690
3202020005,6621
3202020003,11158
3202020008,17154
3202021001,5431
3202021006,4189
3202021004,8825
3202021003,7015
3202021002,5428
3202021005,6638
3202030002,17422
3202030003,5054
3202030011,5461
3202030004,3638
3202030012,3499
3202030014,5379
3202030018,2606
3202030001,16844
3202030016,7455
3202030017,4552
3202030013,7818
3202030015,7404
3202031005,5065
3202031003,3536
3202031002,6354
3202031004,2381
3202031001,2636
3202031006,6085
3202040002,3310
3202040003,5958
3202040013,4386
3202040015,1060
3202040001,7556
3202040006,2094
3202040014,7212
3202040004,4803
3202040005,5571
3202040008,5329
3202040007,6771
3202041001,5325
3202041002,7649
3202041005,3777
3202041004,6886
3202041003,6717
3202041006,7930
3202050006,7594
3202050005,7225
3202050001,8640
3202050003,8291
3202050007,2681
3202050002,6857
3202050004,5725
3202060007,5045
3202060002,12282
3202060004,7001
3202060006,4647
3202060005,4331
3202060008,3257
3202060001,12755
3202060003,14301
3202070001,7264
3202070003,9133
3202070004,6490
3202070002,3464
3202070005,6246
3202080018,10441
3202080012,9524
3202080008,4130
3202080009,6019
3202080006,2995
3202080017,9386
3202080011,5323
3202080020,1870
3202080007,5673
3202080019,3748
3202080010,6302
3202080005,5167
3202081004,3909
3202081002,7798
3202081001,5022
3202081006,2123
3202081003,9810
3202081005,2013
3202082006,5812
3202082001,3513
3202082002,4898
3202082005,5631
3202082007,6990
3202082004,5402
3202082003,5949
3202090006,16805
3202090004,8470
3202090002,3009
3202090007,2433
3202090003,6017
3202090005,8562
3202090001,6943
3202100002,10821
3202100001,7968
3202100003,12468
3202100005,5059
3202100004,11345
3202110009,4484
3202110008,7328
3202110010,2474
3202110014,4767
3202110005,7161
3202110007,12806
3202110013,6662
3202110006,17262
3202110011,7885
3202110012,4708
3202111005,1597
3202111004,12761
3202111001,11407
3202111002,14270
3202111003,5562
3202111006,4057
3202111007,1948
3202120003,7159
3202120005,6135
3202120011,3391
3202120007,5190
3202120002,3806
3202120013,3815
3202120012,2776
3202120004,4349
3202120009,4553
3202120010,637
3202120006,5058
3202120008,8560
3202121003,7266
3202121001,3755
3202121002,5166
3202121007,4057
3202121006,1967
3202121005,6193
3202121004,2637
3202130013,5205
3202130001,4848
3202130012,6699
3202130009,7204
3202130010,9659
3202130014,4118
3202130011,3581
3202130018,8230
3202130015,7594
3202130016,10724
3202130017,10268
3202131002,12630
3202131007,8175
3202131006,3568
3202131003,4755
3202131001,11485
3202131005,9114
3202131004,14386
3202140005,15465
3202140006,14365
3202140010,5190
3202140002,4184
3202140007,12228
3202140008,11275
3202140004,13309
3202140003,12857
3202140001,8441
3202140009,10001
3202150005,5555
3202150006,4724
3202150010,6232
3202150001,8803
3202150003,10606
3202150004,6566
3202150009,6639
3202150002,8901
3202150007,5603
3202150008,9982
3202160006,6257
3202160007,7597
3202160001,4522
3202160004,6338
3202160003,9742
3202160005,8608
3202160002,5320
3202170015,5248
3202170017,9218
3202170016,6369
3202170021,6444
3202170012,10565
3202170018,5536
3202170011,4795
3202170014,5878
3202170013,10409
3202171005,6846
3202171003,4502
3202171002,4260
3202171004,5433
3202171001,5274
3202172003,12300
3202172004,5404
3202172001,5907
3202172002,7064
3202172005,4277
3202173004,12481
3202173555,0
3202173002,6273
3202173001,3398
3202173005,10812
3202173006,5913
3202173003,14644
3202180005,2262
3202180001,4582
3202180006,7402
3202180004,9737
3202180003,6399
3202180002,3499
3202190003,6172
3202190008,5103
3202190002,3250
3202190006,6238
3202190005,820
3202190555,0
3202190001,5476
3202190007,8492
3202190004,6867
3202190009,2547
3202200009,7036
3202200013,10000
3202200014,3163
3202200008,1789
3202200018,10103
3202200015,1391
3202200012,3272
3202200007,5322
3202200016,6033
3202200011,11687
3202200010,10833
3202200019,11240
3202200017,6974
3202201005,0
3202201006,8221
3202201004,8913
3202201003,7771
3202201002,11318
3202201007,7894
3202201001,4044
3202210009,6223
3202210011,18784
3202210015,6963
3202210010,10755
3202210001,4078
3202210014,3111
3202210003,7578
3202210013,9227
3202210002,5110
3202210012,5991
3202211002,8025
3202211005,6082
3202211003,10059
3202211008,5550
3202211004,1874
3202211001,9861
3202211006,10614
3202211007,5223
3202212004,4187
3202212005,3946
3202212001,5037
3202212008,5162
3202212002,6837
3202212009,7124
3202212006,4891
3202212007,4136
3202212003,8485
3202220008,3655
3202220002,6919
3202220010,4680
3202220001,11025
3202220006,9260
3202220007,9019
3202220005,11539
3202220003,5944
3202220004,12672
3202220009,5021
3202221006,2153
3202221002,6135
3202221005,7198
3202221003,7510
3202221001,7922
3202221004,5681
3202230005,2474
3202230012,9110
3202230004,3301
3202230009,6846
3202230006,7937
3202230013,12065
3202230001,5879
3202230010,4643
3202230002,4700
3202230008,10031
3202230003,4641
3202230011,6575
3202230007,4172
3202240004,5960
3202240007,4393
3202240008,5066
3202240006,8793
3202240002,3828
3202240001,6574
3202240003,0
3202240005,7833
3202250004,7754
3202250003,5175
3202250005,8118
3202250006,2176
3202250002,10739
3202250001,6391
3202260012,5117
3202260009,2401
3202260010,1061
3202260008,2028
3202260002,8112
3202260004,3104
3202260011,6867
3202260003,8851
3202261001,8302
3202261003,9048
3202261002,10249
3202261004,5974
3202261005,3881
3202270006,7607
3202270004,3873
3202270003,8441
3202270005,9853
3202270002,5074
3202270007,14205
3202270001,5476
3202280009,6054
3202280010,8200
3202280002,2786
3202280012,3624
3202280005,10447
3202280003,5948
3202280006,5946
3202280004,4081
3202280007,7607
3202280008,10556
3202280001,2563
3202280011,5334
3202290017,5231
3202290013,4686
3202290002,5184
3202290014,5985
3202290003,6478
3202290015,4643
3202290016,3097
3202290004,6520
3202290001,6287
3202290012,5443
3202290018,2138
3202290020,4121
3202290019,5331
3202291002,9648
3202291004,3675
3202291001,3820
3202291009,2997
3202291008,2673
3202291006,1691
3202291005,5604
3202291007,5449
3202291003,6799
3202300006,227
3202300005,13016
3202300004,12077
3202300003,12177
3202300001,4508
3202300002,16304
3203010002,7394
3203010010,4232
3203010007,2546
3203010011,10684
3203010009,3856
3203010008,3730
3203010001,10149
3203010003,5765
3203010012,8498
3203010004,10252
3203010013,5589
3203011010,4161
3203011011,1478
3203011002,3252
3203011008,3937
3203011005,6125
3203011001,2270
3203011012,2760
3203011009,2305
3203011003,4089
3203011004,5086
3203011006,6886
3203011007,5669
3203020009,4193
3203020001,5990
3203020002,8144
3203020007,11112
3203020011,3753
3203020003,7362
3203020010,5195
3203020008,10969
3203020006,11663
3203020005,11468
3203020004,9134
3203030011,6831
3203030006,9037
3203030008,5576
3203030003,9308
3203030009,8041
3203030014,4364
3203030004,8391
3203030007,11752
3203030001,7547
3203030005,11864
3203030013,4420
3203030010,5982
3203030012,5786
3203030002,10743
3203040010,4716
3203040001,5482
3203040005,3553
3203040011,5437
3203040003,5690
3203040007,4596
3203040009,4464
3203040006,5043
3203040008,5479
3203040002,6354
3203040004,5626
3203050008,7598
3203050022,4833
3203050009,7510
3203050016,15971
3203050005,9725
3203050003,5609
3203050021,2045
3203050020,3863
3203050015,8148
3203050004,7671
3203050001,7402
3203050006,8878
3203050007,7610
3203050002,4726
3203051004,11123
3203051007,4876
3203051005,5376
3203051009,3977
3203051003,2920
3203051006,10558
3203051001,7131
3203051002,6394
3203051010,2198
3203051008,5391
3203060011,6334
3203060008,4050
3203060001,4442
3203060005,5620
3203060009,3115
3203060012,7258
3203060010,3703
3203060007,4742
3203060002,2919
3203060006,4890
3203060003,3583
3203060004,5454
3203061003,10436
3203061004,2619
3203061006,7585
3203061008,6060
3203061002,6582
3203061001,2196
3203061009,3927
3203061007,6905
3203061005,5067
3203070017,2246
3203070022,4301
3203070012,2607
3203070014,6669
3203070010,3902
3203070023,2619
3203070015,5741
3203070016,3502
3203070011,4676
3203070021,5736
3203070018,3948
3203070013,3116
3203070020,7681
3203070019,7171
3203071004,4417
3203071008,2357
3203071007,4719
3203071006,3754
3203071001,2282
3203071009,4375
3203071003,3994
3203071002,5106
3203071005,4202
3203071010,2791
3203080006,8714
3203080007,4017
3203080009,5127
3203080008,6964
3203080003,9326
3203080004,9795
3203080005,11077
3203080002,7807
3203080001,8211
3203090002,4914
3203090007,6713
3203090001,3841
3203090008,4518
3203090009,4750
3203090003,4130
3203090005,4455
3203090010,11595
3203090006,6111
3203090004,6446
3203100009,11449
3203100008,7775
3203100016,6501
3203100014,3867
3203100001,6373
3203100017,5036
3203100003,6626
3203100002,4724
3203100010,8466
3203100012,9171
3203100015,5085
3203100013,9207
3203100011,10125
3203100018,2969
3203110011,7030
3203110010,9302
3203110004,9632
3203110005,8430
3203110003,6540
3203110008,7718
3203110009,7588
3203110002,8716
3203110007,9086
3203110006,5712
3203110001,6618
3203111002,7865
3203111001,7936
3203111004,7152
3203111003,8446
3203111005,8436
3203120008,6926
3203120016,6436
3203120001,9226
3203120005,1135
3203120004,5527
3203120010,4559
3203120003,4086
3203120011,4895
3203120009,5941
3203120002,12195
3203120017,9370
3203120012,5356
3203120013,9386
3203120007,6984
3203120018,5925
3203120015,6884
3203120006,6460
3203120014,4319
3203130015,5404
3203130016,3810
3203130017,3841
3203130004,3104
3203130002,3860
3203130018,8913
3203130012,4570
3203130013,3068
3203130003,3779
3203130019,3712
3203130014,4779
3203131004,2387
3203131006,3479
3203131002,3380
3203131001,6167
3203131007,11268
3203131008,6375
3203131005,4338
3203131003,5325
3203140006,9037
3203140005,9839
3203140004,7467
3203140009,3780
3203140008,6068
3203140010,5773
3203140003,6846
3203140007,16301
3203140002,9394
3203140001,8791
3203150005,6201
3203150008,5670
3203150001,4853
3203150002,10355
3203150007,5326
3203150010,6141
3203150003,5720
3203150004,10628
3203150009,7914
3203150006,5422
3203160008,3325
3203160006,4675
3203160003,4724
3203160013,2143
3203160007,7172
3203160004,7158
3203160005,6614
3203160012,5772
3203160002,3448
3203160001,5610
3203160009,7351
3203161001,9629
3203161007,5435
3203161004,5760
3203161006,5214
3203161005,3521
3203161008,3877
3203161003,3099
3203161002,6121
3203170009,5546
3203170011,11257
3203170005,5786
3203170004,1013
3203170006,5240
3203170010,2957
3203170012,8220
3203170007,9048
3203170008,5214
3203180009,13802
3203180005,7566
3203180010,2553
3203180006,16404
3203180007,5521
3203180003,6981
3203180002,2153
3203180012,3805
3203180001,4595
3203180008,3289
3203180011,8461
3203180004,4057
3203190009,6441
3203190007,9811
3203190010,6699
3203190008,8878
3203190003,5614
3203190005,6895
3203190006,12871
3203190002,5613
3203190015,3890
3203190011,3332
3203190001,7847
3203190013,5417
3203190014,2288
3203190012,2498
3203190004,4951
3203190016,8227
3203200011,6809
3203200006,6038
3203200009,5792
3203200010,10300
3203200005,11680
3203200001,9958
3203200007,9097
3203200008,12166
3203200003,7264
3203200004,2976
3203200002,7289
3203210006,3841
3203210013,7191
3203210003,3834
3203210014,6498
3203210004,6820
3203210011,7115
3203210007,5437
3203210009,2694
3203210012,2939
3203210001,10202
3203210008,8931
3203210002,4185
3203210015,5514
3203210010,8480
3203210005,5386
3203210016,6589
3203220004,12676
3203220002,9885
3203220003,22373
3203220001,14913
3203220005,11282
3203220014,15355
3203220008,8559
3203221007,21165
3203221006,10116
3203221005,21357
3203221002,2951
3203221004,19257
3203221001,11478
3203221003,7823
3203230006,13884
3203230008,5716
3203230011,8919
3203230002,12442
3203230004,7421
3203230005,7234
3203230009,4354
3203230001,5528
3203230007,2619
3203230010,6775
3203230003,9945
3203240018,6506
3203240007,2925
3203240002,7569
3203240016,3896
3203240004,6386
3203240015,1699
3203240013,2713
3203240006,4639
3203240017,3680
3203240009,5927
3203240011,7703
3203240008,6068
3203240003,6921
3203240012,4189
3203240001,6037
3203240005,4215
3203240010,3104
3203240014,5209
3204010002,10838
3204010004,30830
3204010006,8918
3204010001,12567
3204010003,12174
3204010005,17926
3204010007,13190
3204011005,24314
3204011001,16492
3204011003,6969
3204011004,10760
3204011002,14543
3204020006,9428
3204020010,9561
3204020004,15636
3204020007,10640
3204020002,18015
3204020009,6814
3204020005,9672
3204020008,9508
3204020001,16885
3204020003,7501
3204030005,13547
3204030001,8526
3204030004,11843
3204030003,10916
3204030007,14904
3204030008,7349
3204030002,11131
3204030006,8928
3204030009,11178
3204030010,10562
3204040002,6823
3204040888,2461
3204040013,16107
3204040003,16083
3204040007,11667
3204040009,17874
3204040011,9748
3204040010,25106
3204040006,13511
3204040004,12705
3204040008,18651
3204040012,8508
3204040001,4818
3204040005,10383
3204050005,15208
3204050006,6320
3204050004,6914
3204050001,9984
3204050008,5245
3204050002,7064
3204050007,13610
3204050003,16003
3204060004,16813
3204060001,6315
3204060009,5826
3204060012,4513
3204060002,10265
3204060006,11444
3204060007,7028
3204060010,7921
3204060011,6941
3204060005,18354
3204060008,14494
3204060003,9678
3204060013,7385
3204070007,10988
3204070002,10899
3204070003,14129
3204070009,6064
3204070004,11930
3204070010,6957
3204070005,9779
3204070001,6600
3204070008,16357
3204070006,7661
3204070011,4388
3204070012,5762
3204080012,6635
3204080008,8830
3204080003,18222
3204080010,5852
3204080002,16918
3204080011,7447
3204080001,12081
3204080007,3728
3204080004,10970
3204080006,6529
3204080005,11425
3204080009,8170
3204090004,10569
3204090005,7725
3204090008,12220
3204090002,4397
3204090007,10533
3204090006,10585
3204090003,11373
3204090001,23260
3204090009,7171
3204100010,5575
3204100009,0
3204100004,10703
3204100005,5832
3204100011,6445
3204100003,14351
3204100001,15235
3204100002,7322
3204100007,11679
3204100012,10297
3204100008,8990
3204100006,19639
3204101002,8026
3204101004,7953
3204101003,7263
3204101006,14242
3204101008,12327
3204101001,13024
3204101005,963
3204101007,7691
3204110005,15868
3204110011,6484
3204110012,15563
3204110009,2149
3204110006,16098
3204110007,9623
3204110013,15730
3204110014,4540
3204110003,3362
3204110004,11424
3204110010,5324
3204110001,8681
3204110008,5557
3204110002,4354
3204120006,18479
3204120011,5307
3204120010,3781
3204120009,5877
3204120008,9490
3204120001,7198
3204120003,14385
3204120005,12228
3204120007,6930
3204120004,15351
3204120002,11470
3204121007,14411
3204121003,10506
3204121004,12381
3204121002,2202
3204121001,9875
3204121006,12336
3204121005,17722
3204130001,9633
3204130014,19853
3204130012,8081
3204130002,12095
3204130007,8589
3204130011,4915
3204130005,6627
3204130013,17063
3204130006,8322
3204130004,12129
3204130009,7545
3204130010,2186
3204130003,5324
3204130008,9909
3204140004,10381
3204140003,43982
3204140006,9936
3204140001,20736
3204140005,4566
3204140002,24438
3204140007,20727
3204140008,15634
3204150011,7000
3204150007,21371
3204150004,13772
3204150001,2908
3204150005,13557
3204150002,12780
3204150003,7938
3204150009,14913
3204150008,22342
3204150010,9086
3204150006,9232
3204160009,6368
3204160002,22967
3204160003,12638
3204160008,3166
3204160007,1044
3204160006,9275
3204160001,9152
3204160005,16135
3204160011,8643
3204160004,11746
3204160010,11943
3204161003,9946
3204161006,7785
3204161005,11274
3204161001,8027
3204161002,13094
3204161004,13770
3204161007,9713
3204170006,10426
3204170001,5458
3204170002,10391
3204170004,15600
3204170005,3042
3204170003,12237
3204180008,7957
3204180006,14734
3204180004,5886
3204180005,8446
3204180007,15714
3204180009,24598
3204180010,11033
3204190021,16314
3204190006,7171
3204190008,16258
3204190005,9338
3204190019,8625
3204190002,7554
3204190020,2132
3204190007,14859
3204190003,9240
3204190004,12121
3204191002,9042
3204191007,5913
3204191001,7916
3204191010,5355
3204191008,8601
3204191009,12846
3204191006,7441
3204191005,10262
3204191003,9053
3204191011,3951
3204191004,4852
3204250004,11399
3204250006,41309
3204250005,13850
3204250002,21439
3204250001,8182
3204250003,27019
3204260004,6083
3204260005,19883
3204260003,13263
3204260002,29427
3204260001,14609
3204270001,45585
3204270002,24942
3204270005,10355
3204270004,11300
3204270003,28054
3204270006,15953
3204280001,17212
3204280002,12647
3204280005,27052
3204280004,67417
3204280003,9742
3204280006,23036
3204290001,10064
3204290006,17684
3204290004,30005
3204290005,40779
3204290003,19639
3204290002,27505
3204300006,8027
3204300004,6663
3204300005,9390
3204300001,10578
3204300002,17669
3204300003,14667
3204310001,24577
3204310009,17247
3204310004,16912
3204310007,18668
3204310003,8919
3204310006,15233
3204310008,7885
3204310002,8919
3204310005,2613
3205010007,10543
3205010009,6265
3205010010,5177
3205010012,1798
3205010013,2143
3205010011,3528
3205010008,5165
3205010014,6774
3205010006,8235
3205011004,8757
3205011001,9559
3205011002,6770
3205011003,10839
3205011006,8339
3205011005,11704
3205020002,6463
3205020003,7993
3205020007,2968
3205020001,2973
3205020006,8901
3205020005,10826
3205020004,11968
3205030013,11036
3205030011,10798
3205030012,10587
3205030010,4770
3205030015,1805
3205030008,7242
3205030016,1856
3205030009,5053
3205030014,8247
3205030007,8114
3205030001,6839
3205030005,5119
3205030006,9430
3205031002,5092
3205031004,6918
3205031001,6869
3205031003,5163
3205031005,2199
3205040002,8545
3205040001,6298
3205040004,6457
3205040005,7075
3205040003,5831
3205050007,9801
3205050011,9062
3205050013,4280
3205050001,11451
3205050005,8481
3205050009,7880
3205050008,7630
3205050006,6097
3205050012,13210
3205050003,9357
3205050002,3234
3205050004,6605
3205050010,10049
3205060011,2171
3205060001,11266
3205060002,2939
3205060003,8685
3205060008,3372
3205060009,4059
3205060006,5498
3205060007,6522
3205060005,9354
3205060004,11044
3205060010,2567
3205070006,3955
3205070008,1008
3205070007,6252
3205070001,4497
3205070003,3123
3205070005,6668
3205070002,11355
3205070004,5722
3205080008,1640
3205080003,4486
3205080002,4623
3205080005,3497
3205080009,3686
3205080001,9990
3205080010,6890
3205080011,6242
3205080004,10388
3205080006,12046
3205080007,2678
3205090003,4569
3205090004,7620
3205090006,4434
3205090001,4546
3205090005,5353
3205090009,2916
3205090011,8051
3205090008,4971
3205090010,5838
3205090007,4298
3205090002,4734
3205100001,3394
3205100005,6264
3205100006,2061
3205100004,5511
3205100003,5538
3205100002,5999
3205110008,4803
3205110013,3205
3205110012,5590
3205110006,4942
3205110007,7016
3205110010,8045
3205110005,10654
3205110011,6554
3205110009,8380
3205111003,10330
3205111001,3207
3205111002,7659
3205111004,12296
3205120005,5893
3205120006,1265
3205120010,10171
3205120001,6337
3205120004,7121
3205120003,6154
3205120012,7578
3205120011,11510
3205120002,8933
3205120008,10576
3205120007,7084
3205120009,10019
3205130004,14870
3205130003,6152
3205130001,5754
3205130002,4730
3205130007,5220
3205130011,4730
3205130006,7368
3205130009,6418
3205130005,5895
3205130010,4237
3205130008,13325
3205140007,8518
3205140011,7490
3205140010,4434
3205140005,6813
3205140016,3907
3205140006,3126
3205140015,7741
3205140009,9542
3205140013,3242
3205140004,8364
3205140017,3686
3205140018,1847
3205140008,3732
3205140014,15860
3205140002,8165
3205140012,8017
3205140001,10928
3205140003,10001
3205150021,6641
3205150009,11205
3205150007,3889
3205150011,1386
3205150019,6741
3205150010,6779
3205150015,2929
3205150012,4249
3205150022,4803
3205150020,2660
3205150008,0
3205150006,5377
3205150013,9286
3205150017,2697
3205150016,7011
3205150023,4258
3205150014,3630
3205150018,5082
3205151001,16915
3205151002,8905
3205151005,7489
3205151004,6123
3205151003,6052
3205160007,6558
3205160003,7122
3205160017,5653
3205160014,3142
3205160004,8571
3205160005,10198
3205160006,4743
3205160011,1699
3205160015,7197
3205160013,4923
3205160012,14918
3205160010,9118
3205160009,12717
3205160016,434
3205160002,13901
3205160001,15508
3205160008,6937
3205161004,6180
3205161006,7788
3205161003,6622
3205161005,1284
3205161007,10715
3205161001,9985
3205161002,10890
3205170020,4258
3205170017,4600
3205170018,4027
3205170019,4156
3205170013,7876
3205170014,3307
3205170021,8148
3205170016,2845
3205170023,6336
3205170015,8535
3205170022,4932
3205170024,6015
3205170025,2097
3205171012,7262
3205171001,8305
3205171006,3520
3205171011,5524
3205171005,4868
3205171009,3842
3205171007,8388
3205171004,5089
3205171010,6770
3205171002,6541
3205171008,6586
3205171003,5949
3205181002,3556
3205181007,13273
3205181008,11620
3205181006,7676
3205181001,3916
3205181011,8712
3205181009,6143
3205181003,5395
3205181010,15148
3205181005,2956
3205181004,4600
3205181012,8980
3205182009,8147
3205182010,5930
3205182008,4988
3205182006,4249
3205182002,10937
3205182012,11130
3205182005,2874
3205182013,4814
3205182007,7818
3205182001,15582
3205182003,1117
3205182004,4613
3205182011,8970
3205190003,9108
3205190009,6577
3205190005,15758
3205190004,7417
3205190001,15794
3205190006,8333
3205190010,0
3205190007,5477
3205190008,6014
3205190011,6281
3205190002,10983
3205200014,6088
3205200005,7195
3205200017,5764
3205200018,7944
3205200008,9662
3205200013,2338
3205200001,5865
3205200003,5395
3205200020,2513
3205200016,5238
3205200006,7788
3205200015,2392
3205200007,5606
3205200009,5838
3205200011,2457
3205200012,5847
3205200010,5200
3205200002,8534
3205200019,6374
3205200004,7232
3205210012,5698
3205210007,2281
3205210017,1635
3205210008,7861
3205210005,6498
3205210016,8036
3205210013,3196
3205210014,6337
3205210015,803
3205211003,2642
3205211001,6669
3205211007,2198
3205211002,2253
3205211005,3944
3205211006,4637
3205211004,4047
3205212002,3048
3205212005,8304
3205212004,6170
3205212006,0
3205212007,2032
3205212001,4783
3205212008,6151
3205212003,0
3205220010,3964
3205220015,2225
3205220007,5477
3205220014,1857
3205220001,7382
3205220009,3201
3205220011,5376
3205220013,6208
3205220006,5995
3205220012,4537
3205220008,2384
3205221004,3153
3205221002,3757
3205221003,6176
3205221001,6982
3205230009,5719
3205230011,5514
3205230012,5006
3205230016,4535
3205230008,9430
3205230013,5403
3205230015,4794
3205230014,4110
3205230005,8174
3205230004,3216
3205230017,5663
3205230010,6181
3205230003,6880
3205230007,6613
3205230006,7703
3205240011,9819
3205240006,5007
3205240004,5027
3205240001,10823
3205240009,6132
3205240002,6914
3205240005,3769
3205240008,4046
3205240003,5960
3205240010,10318
3205240007,0
3205240012,5590
3205250003,2088
3205250006,3519
3205250005,5071
3205250008,10207
3205250002,4386
3205250001,6115
3205250007,8147
3205250004,8525
3205260001,7334
3205260007,9487
3205260009,4720
3205260004,5192
3205260006,7011
3205260002,5144
3205260015,5670
3205260005,3465
3205260016,8305
3205260008,4665
3205260003,4091
3205261002,6059
3205261003,6493
3205261006,5117
3205261004,10936
3205261001,5275
3205261005,4498
3205270003,10419
3205270002,5792
3205270001,8333
3205270005,9248
3205270004,6659
3205280010,4859
3205280011,3251
3205280007,1331
3205280014,2964
3205280003,7879
3205280008,4119
3205280005,7178
3205280006,5487
3205280002,6668
3205280012,5154
3205280009,2476
3205280001,11482
3205280004,11879
3205280013,5551
3205290003,5533
3205290002,7881
3205290012,4944
3205290008,1487
3205290009,2908
3205290005,1765
3205290006,4397
3205290007,7751
3205290010,6083
3205290013,9707
3205290004,7131
3205290015,2710
3205290014,5033
3205290011,2791
3205300001,6190
3205300005,7959
3205300003,3695
3205300007,3427
3205300002,5912
3205300006,4154
3205300004,7786
3205310021,4300
3205310022,5015
3205310006,4554
3205310013,7068
3205310008,6447
3205310005,4749
3205310019,10175
3205310004,6456
3205310015,4814
3205310009,7731
3205310024,6208
3205310003,5265
3205310001,4009
3205310010,1238
3205310014,7897
3205310020,4794
3205310018,10502
3205310016,4350
3205310002,3473
3205310017,4380
3205310023,4951
3205310007,4306
3205310012,3786
3205310011,4037
3206010010,5637
3206010003,10260
3206010001,12264
3206010006,9453
3206010002,2738
3206010004,7336
3206010009,6100
3206010007,5862
3206010013,4979
3206010012,2816
3206010008,3312
3206010014,2866
3206010005,10224
3206010015,3828
3206010011,6666
3206020004,6008
3206020010,9735
3206020009,9326
3206020001,5658
3206020005,6560
3206020013,9074
3206020006,6833
3206020012,2804
3206020008,10901
3206020007,14310
3206020002,5643
3206020014,7829
3206020003,5694
3206020011,7776
3206030007,8234
3206030008,4785
3206030010,4350
3206030002,7672
3206030003,3692
3206030013,6884
3206030012,7612
3206030009,4078
3206030001,7285
3206030006,6637
3206030011,5097
3206030005,7054
3206030004,8528
3206040007,6811
3206040002,5548
3206040008,4085
3206040005,5495
3206040001,4183
3206040010,6382
3206040011,7072
3206040004,3804
3206040003,4267
3206040009,6436
3206040006,4159
3206050008,7231
3206050002,6336
3206050005,7738
3206050001,9179
3206050006,4051
3206050003,5366
3206050004,10503
3206050009,5553
3206050007,7004
3206060005,3698
3206060003,7750
3206060001,8561
3206060004,3834
3206060002,11725
3206060014,4324
3206061006,4549
3206061008,4730
3206061007,5458
3206061003,8079
3206061002,5713
3206061005,4383
3206061001,5796
3206061004,6756
3206070004,4746
3206070009,5381
3206070010,3007
3206070003,6353
3206070002,5498
3206070016,4924
3206070017,3089
3206070008,4218
3206071002,6472
3206071004,2788
3206071001,5657
3206071005,3217
3206071003,3088
3206071006,3592
3206072001,7970
3206072003,6410
3206072002,4989
3206072004,6211
3206072005,2601
3206080006,4016
3206080002,8217
3206080001,4836
3206080008,4112
3206080010,4512
3206080005,5824
3206080007,4824
3206080004,5029
3206080009,3087
3206080003,4509
3206090008,7903
3206090009,5973
3206090001,6119
3206090007,9239
3206090011,2506
3206090012,4842
3206090010,6302
3206090003,4077
3206090005,5155
3206090004,3285
3206090006,6303
3206090002,3438
3206100001,4917
3206100005,7792
3206100006,5043
3206100007,3853
3206100009,2204
3206100008,8176
3206100003,2202
3206100004,5309
3206100002,4436
3206110010,5156
3206110017,7898
3206110012,2373
3206110014,6785
3206110019,4598
3206110016,2418
3206110018,1082
3206110020,2793
3206110009,5471
3206110011,9002
3206110015,3427
3206110013,5299
3206111007,4536
3206111006,3636
3206111001,3951
3206111004,5807
3206111008,3912
3206111005,7446
3206111003,6424
3206111002,4338
3206120006,6938
3206120001,9224
3206120007,3218
3206120005,3879
3206120002,9497
3206120003,4929
3206120004,6094
3206130003,4183
3206130006,11502
3206130007,7210
3206130008,6525
3206130001,6751
3206130002,9822
3206130004,7597
3206130005,3431
3206140010,7395
3206140004,6517
3206140018,2636
3206140008,4864
3206140007,4061
3206140003,4500
3206140009,7489
3206140005,2247
3206140006,7503
3206141003,11529
3206141004,6039
3206141007,6474
3206141002,3026
3206141010,2881
3206141011,3999
3206141001,3051
3206141006,5668
3206141005,7027
3206141008,5289
3206141009,5005
3206150014,6082
3206150010,7085
3206150008,5648
3206150007,1539
3206150011,9278
3206150001,3256
3206150012,3621
3206150009,3223
3206150006,2052
3206150013,10915
3206151001,2484
3206151003,3221
3206151004,6187
3206151002,3073
3206160007,3135
3206160011,1921
3206160008,5232
3206160017,7323
3206160012,3579
3206160010,5062
3206160014,2787
3206160015,6121
3206160013,4515
3206160016,4685
3206160018,7925
3206160009,7363
3206161007,3554
3206161001,4072
3206161003,3036
3206161005,4393
3206161004,2071
3206161002,2080
3206161006,4879
3206190022,12929
3206190021,7031
3206190008,6673
3206190020,9206
3206190013,5127
3206190011,1330
3206190010,3571
3206190007,0
3206190009,4023
3206190012,5204
3206191004,3553
3206191003,5316
3206191005,2417
3206191006,7346
3206191001,5177
3206191002,3130
3206192005,7716
3206192006,6595
3206192001,5513
3206192004,5288
3206192002,4427
3206192003,7370
3206200015,5330
3206200013,4527
3206200006,1828
3206200002,4693
3206200007,5259
3206200009,6143
3206200004,5448
3206200016,1103
3206200014,2390
3206200005,4482
3206200001,4227
3206200011,3350
3206200012,3053
3206200010,3830
3206200003,5256
3206200008,2452
3206210003,6022
3206210007,4990
3206210017,5358
3206210008,5392
3206210016,3103
3206210015,3140
3206210018,4460
3206211005,3377
3206211006,1827
3206211002,2334
3206211004,1148
3206211003,3140
3206211001,4686
3206211008,4827
3206211007,3316
3206212001,11073
3206212003,6396
3206212005,7959
3206212004,6005
3206212002,9147
3206221002,17463
3206221005,3344
3206221008,7524
3206221007,4581
3206221004,4110
3206221003,7575
3206221006,10031
3206221001,4526
3206230009,1231
3206230011,2330
3206230002,6777
3206230005,4637
3206230007,4946
3206230008,4034
3206230010,4283
3206230001,3522
3206230003,5027
3206230014,3714
3206230006,3482
3206230013,4743
3206230004,5289
3206231001,5751
3206231002,1992
3206231003,2572
3206231007,4245
3206231004,2782
3206231006,5639
3206231005,3884
3206240002,4951
3206240004,7015
3206240007,5354
3206240001,2699
3206240003,4233
3206240005,999
3206240006,5365
3206240008,3288
3206250003,1264
3206250002,2379
3206250008,3024
3206250006,4466
3206250007,2958
3206250001,4834
3206250004,8550
3206250005,2461
3206260003,4731
3206260006,2478
3206260007,6117
3206260002,2673
3206260001,3323
3206260008,3902
3206260004,3725
3206260009,4708
3206260005,5956
3206260011,4145
3206260010,2069
3206261002,4837
3206261005,6424
3206261004,2772
3206261006,4214
3206261003,2627
3206261001,4669
3206270007,3346
3206270016,7510
3206270017,5253
3206270012,4675
3206270011,3842
3206270014,2457
3206270013,3146
3206270010,5635
3206270018,4238
3206270015,5465
3206271006,2815
3206271002,5044
3206271001,4084
3206271003,3514
3206271007,3222
3206271005,4155
3206271004,1998
3206271008,4808
3207100013,4695
3207100012,5692
3207100020,5274
3207100018,4018
3207100021,1486
3207100011,6304
3207100017,1682
3207100019,4256
3207100016,6955
3207100015,4376
3207100014,4639
3207100009,3890
3207101004,4779
3207101003,4039
3207101007,4794
3207101001,6766
3207101005,3387
3207101002,3014
3207101009,3034
3207101006,6968
3207101008,4850
3207101010,3560
3207110007,7167
3207110008,4894
3207110010,6730
3207110003,3325
3207110005,6394
3207110002,4546
3207110006,9906
3207110001,5999
3207110004,5077
3207110009,4782
3207111002,1813
3207111007,4121
3207111001,2224
3207111009,4666
3207111003,3771
3207111004,5584
3207111005,4138
3207111006,6263
3207111008,3828
3207120010,4089
3207120012,3112
3207120006,5752
3207120002,3069
3207120014,3522
3207120003,5543
3207120004,5055
3207120013,4537
3207120009,4333
3207120001,3137
3207120005,5998
3207120007,2475
3207120011,4150
3207120008,4388
3207130003,2428
3207130002,3486
3207130005,3719
3207130004,4051
3207130001,2550
3207130006,1757
3207140003,7486
3207140001,4534
3207140004,4543
3207140005,1579
3207140002,3848
3207150003,6437
3207150002,8916
3207150006,4070
3207150008,4082
3207150001,6531
3207150011,5130
3207150004,7631
3207150005,4998
3207150010,7915
3207150007,5879
3207150009,4504
3207160009,5893
3207160005,8048
3207160001,3792
3207160010,1253
3207160011,5236
3207160003,3798
3207160004,8866
3207160002,2790
3207160008,2244
3207160007,3691
3207160006,2537
3207170006,5228
3207170002,3547
3207170003,5225
3207170004,1961
3207170005,3940
3207170001,4344
3207180002,3804
3207180004,4689
3207180003,5032
3207180010,1149
3207180012,817
3207180011,1638
3207180001,4003
3207180006,5210
3207180005,6784
3207180009,990
3207180007,5758
3207180008,6115
3207180013,1133
3207190008,3823
3207190007,4461
3207190004,4061
3207190005,3088
3207190006,3811
3207190009,2346
3207190011,3689
3207190003,6047
3207190002,6416
3207190001,5084
3207190010,6666
3207200002,8908
3207200001,4900
3207200003,4962
3207200004,3542
3207200006,4089
3207200005,6213
3207210009,4149
3207210008,8651
3207210010,6788
3207210002,3299
3207210003,4465
3207210001,1670
3207210011,8558
3207210007,6269
3207210012,3556
3207210005,4779
3207210006,2415
3207210004,7548
3207211004,4073
3207211008,6684
3207211007,3802
3207211002,4376
3207211005,6210
3207211006,2025
3207211003,3400
3207211001,2783
3207211009,3353
3207220003,4896
3207220008,5376
3207220005,6582
3207220009,4512
3207220004,4041
3207220002,2985
3207220006,4732
3207220001,3714
3207220007,5356
3207221004,3659
3207221003,3144
3207221005,5076
3207221006,4195
3207221001,4480
3207221002,5388
3207221008,2968
3207221007,5146
3207221009,1651
3207230008,5970
3207230005,3441
3207230555,88
3207230010,2288
3207230011,3140
3207230009,3334
3207230002,4033
3207230003,2810
3207230004,2177
3207230001,3313
3207230006,1379
3207230007,3527
3207240005,3918
3207240008,624
3207240004,1423
3207240001,3891
3207240006,4741
3207240002,2256
3207240007,4763
3207240003,5479
3207250008,3847
3207250003,6058
3207250013,3994
3207250009,3587
3207250007,5225
3207250012,4014
3207250005,6859
3207250002,3963
3207250001,9961
3207250004,4619
3207250011,5117
3207250010,9961
3207250006,8006
3207260002,3582
3207260001,7734
3207260004,7266
3207260003,6334
3207260006,2654
3207260005,4691
3207270013,2101
3207270010,4894
3207270011,4383
3207270014,2898
3207270003,2583
3207270009,2847
3207270002,3371
3207270015,2074
3207270001,3420
3207270018,4480
3207270008,1469
3207270007,3148
3207270006,2718
3207270016,2132
3207270017,2161
3207270004,5533
3207270012,1888
3207270005,5824
3207280010,4825
3207280003,7190
3207280002,0
3207280004,3542
3207280011,1522
3207280007,2141
3207280009,3076
3207280006,2582
3207280001,4033
3207280005,5258
3207280008,5125
3207281003,4006
3207281001,534
3207281005,3345
3207281004,2137
3207281006,2199
3207281007,2914
3207281008,5145
3207281002,1347
3207290007,2706
3207290003,3713
3207290008,4989
3207290002,4559
3207290001,2073
3207290005,7095
3207290006,9117
3207290004,4148
3207291003,5436
3207291005,3295
3207291004,4227
3207291002,4261
3207291001,1953
3207300010,2655
3207300014,128
3207300006,3181
3207300009,4512
3207300004,259
3207300001,3172
3207300002,4424
3207300012,4163
3207300011,4565
3207300013,4630
3207300007,2607
3207300008,2196
3207300005,2439
3207300003,1498
3208010014,1014
3208010003,3482
3208010010,0
3208010001,3171
3208010008,3249
3208010012,698
3208010016,1927
3208010013,2868
3208010015,3768
3208010018,965
3208010009,1326
3208010007,1188
3208010011,1
3208010019,1991
3208010005,3085
3208010004,2164
3208010017,298
3208010006,3129
3208010002,2861
3208010888,5386
3208020014,1799
3208020015,3190
3208020017,4094
3208020010,556
3208020013,1144
3208020019,692
3208020009,3543
3208020003,1144
3208020011,680
3208020004,1724
3208020018,575
3208020012,4669
3208021008,0
3208021006,4632
3208021001,4818
3208021007,1577
3208021005,1731
3208021002,1639
3208021004,2232
3208021003,1169
3208030013,2647
3208030014,2498
3208030011,4172
3208030009,1434
3208030016,1366
3208030017,1384
3208030012,1992
3208030010,1114
3208030015,6153
3208031002,3849
3208031004,555
3208031006,2553
3208031003,1757
3208031008,3055
3208031007,235
3208031005,170
3208031001,2970
3208040005,528
3208040001,4859
3208040003,3037
3208040006,2165
3208040004,2431
3208040007,1386
3208040002,3154
3208050010,1602
3208050011,2581
3208050004,3451
3208050002,3130
3208050012,3394
3208050009,5014
3208050001,1600
3208051003,2648
3208051004,2590
3208051007,1638
3208051005,2544
3208051002,3549
3208051001,2802
3208051006,2809
3208060017,2461
3208060016,3078
3208060009,2720
3208060018,1250
3208060001,2388
3208060010,7379
3208060014,4113
3208060013,3884
3208060008,800
3208060011,1039
3208060006,1031
3208060007,2954
3208061009,3060
3208061002,2337
3208061004,1910
3208061003,4020
3208061001,2053
3208061005,2645
3208061008,2004
3208061007,4013
3208061006,2858
3208070018,2660
3208070002,3088
3208070012,4947
3208070003,7939
3208070017,1335
3208070013,3265
3208070014,3570
3208070005,2789
3208070004,4155
3208070011,6473
3208071005,5561
3208071001,6238
3208071002,260
3208071006,4100
3208071007,1688
3208071003,4044
3208071004,1174
3208071008,2214
3208080016,1317
3208080005,1527
3208080015,7042
3208080010,2943
3208080008,4186
3208080013,2325
3208080002,1218
3208080012,2270
3208080014,5009
3208080006,106
3208080007,3215
3208080011,3431
3208080004,1601
3208080009,1948
3208080001,1706
3208080003,7197
3208081009,3333
3208081001,4113
3208081007,3730
3208081005,4352
3208081006,2893
3208081008,3036
3208081004,7006
3208081012,2839
3208081010,1473
3208081011,1897
3208090006,1181
3208090016,1081
3208090003,2875
3208090008,5658
3208090001,2250
3208090002,7729
3208090017,2608
3208090005,2127
3208090018,716
3208090004,2381
3208090007,2213
3208090009,1664
3208091003,2301
3208091001,4997
3208091002,3209
3208091005,4767
3208091004,2077
3208091006,2813
3208100015,5250
3208100019,4971
3208100027,2337
3208100026,3865
3208100034,4046
3208100002,1923
3208100033,2177
3208100003,3278
3208100009,5392
3208100011,1830
3208100008,7587
3208100016,1490
3208100010,426
3208100018,2869
3208100007,1844
3208100006,1038
3208100028,4216
3208100031,557
3208100005,1064
3208100017,2034
3208100014,1453
3208100004,6258
3208100032,3323
3208100029,4645
3208101007,4766
3208101005,1557
3208101002,2659
3208101006,854
3208101001,1886
3208101008,3673
3208101009,1719
3208101010,3000
3208101004,2359
3208101003,3524
3208110028,2720
3208110014,3295
3208110015,587
3208110016,2158
3208110019,1008
3208110017,3574
3208110018,2764
3208110025,1991
3208110029,3716
3208110024,3895
3208110023,2417
3208110026,2561
3208110027,1341
3208111013,1268
3208111007,3004
3208111001,7874
3208111014,575
3208111012,1262
3208111004,4026
3208111003,0
3208111002,2052
3208111011,1373
3208111009,0
3208111015,847
3208111010,5324
3208111016,2406
3208111005,3870
3208111006,2901
3208111008,1558
3208120012,0
3208120001,1002
3208120017,0
3208120009,1620
3208120002,2987
3208120005,3035
3208120010,1936
3208120003,1849
3208120007,3284
3208120016,2498
3208120014,1954
3208120004,1555
3208120008,3054
3208120011,749
3208120015,1323
3208120013,890
3208120006,1775
3208121010,2764
3208121006,3283
3208121011,3555
3208121002,2863
3208121001,3035
3208121004,5949
3208121008,3630
3208121007,854
3208121005,1645
3208121003,2652
3208121012,1299
3208121009,1966
3208130011,5176
3208130014,4910
3208130001,3069
3208130007,5565
3208130008,5843
3208130010,1490
3208130013,3946
3208130002,4991
3208130003,4563
3208130015,1614
3208130012,3680
3208130005,12404
3208130016,1979
3208130006,9201
3208130004,7191
3208130009,0
3208140005,2294
3208140001,1873
3208140007,11816
3208140003,6133
3208140010,1589
3208140006,7137
3208140009,1886
3208140004,1925
3208140002,2275
3208140008,2189
3208150010,0
3208150013,866
3208150011,5175
3208150007,1781
3208150009,2380
3208150003,0
3208150014,4216
3208150005,2306
3208150015,2133
3208150017,1329
3208150012,5497
3208150001,1088
3208150002,1979
3208150008,56
3208160004,1887
3208160014,1039
3208160003,4847
3208160010,5596
3208160011,1873
3208160017,544
3208160013,3172
3208160007,2387
3208160009,3958
3208160005,1332
3208160006,1199
3208160008,3406
3208160002,3085
3208160016,4044
3208160001,1936
3208161008,3518
3208161009,5120
3208161007,1701
3208161002,4347
3208161003,1143
3208161004,3920
3208161010,1261
3208161001,2146
3208161005,736
3208161006,501
3208170001,4548
3208170002,5318
3208170012,6177
3208170020,7270
3208170024,799
3208170017,3357
3208170022,3932
3208170016,1120
3208170015,4372
3208170013,1787
3208170014,3228
3208170021,6456
3208170023,2952
3208171007,315
3208171006,1613
3208171011,1868
3208171010,884
3208171005,1657
3208171003,2535
3208171004,1836
3208171009,4817
3208171002,2845
3208171001,2571
3208171008,6605
3208180012,1440
3208180008,310
3208180014,575
3208180013,4966
3208180010,550
3208180004,921
3208180002,2346
3208180007,6282
3208180003,760
3208180009,3257
3208180011,4718
3208180001,1132
3208181005,0
3208181002,3519
3208181010,1528
3208181007,3511
3208181003,2773
3208181009,1354
3208181013,800
3208181001,3890
3208181006,1002
3208181004,3284
3208181008,1731
3208181012,2633
3208181011,3859
3208190001,22
3208190004,934
3208190010,925
3208190009,2399
3208190007,2219
3208190006,2
3208190008,1999
3208190002,4384
3208190005,2781
3208190003,1923
3209010012,2972
3209010018,801
3209010017,7049
3209010016,1810
3209010019,5412
3209010013,4465
3209010014,3929
3209010015,2329
3209010010,93
3209010011,3224
3209010008,4375
3209010009,7567
3209011007,6893
3209011006,1359
3209011004,2701
3209011003,1529
3209011005,5493
3209011002,5227
3209011001,6750
3209020017,2120
3209020013,9943
3209020015,7816
3209020016,0
3209020014,3856
3209020010,28
3209020011,0
3209020012,11962
3209020008,4896
3209020009,0
3209021006,591
3209021007,7923
3209021005,1401
3209021002,6158
3209021004,6695
3209021003,4303
3209021001,1774
3209030017,4380
3209030009,2824
3209030010,6097
3209030015,8729
3209030016,8494
3209030011,3602
3209030013,4440
3209030014,1846
3209030012,4848
3209030018,5130
3209031001,6889
3209031008,673
3209031004,5475
3209031003,20
3209031006,1498
3209031007,1719
3209031009,2310
3209031010,1492
3209031011,3357
3209031005,3350
3209031002,1692
3209031013,7594
3209031012,2302
3209040008,5785
3209040011,8096
3209040003,3611
3209040001,4119
3209040012,2137
3209040014,4184
3209040010,1555
3209040004,4894
3209040006,0
3209040009,1
3209040013,3157
3209040002,3884
3209040005,0
3209040007,5042
3209041001,6357
3209041002,1083
3209041005,2437
3209041008,300
3209041010,8340
3209041007,13991
3209041011,4123
3209041009,2495
3209041004,3384
3209041003,1838
3209041006,3621
3209041013,4275
3209041012,5684
3209050017,3947
3209050018,2175
3209050019,3583
3209050021,4984
3209050015,1255
3209050016,3614
3209050020,291
3209050008,2510
3209051007,2646
3209051003,3
3209051005,37
3209051009,2
3209051006,5088
3209051008,436
3209051004,4285
3209051001,4424
3209051002,1009
3209060007,5448
3209060021,4075
3209060013,4192
3209060015,4430
3209060017,0
3209060016,5594
3209060006,3767
3209060005,609
3209060019,3358
3209060018,4740
3209060014,7514
3209060020,3011
3209060022,1837
3209061012,3529
3209061013,4739
3209061005,792
3209061004,3229
3209061002,3948
3209061003,2311
3209061001,1548
3209061011,1874
3209061010,2448
3209061007,3748
3209061008,3266
3209061009,954
3209061006,1783
3209070001,7752
3209070006,4389
3209070007,4313
3209070009,4274
3209070010,3302
3209070008,6256
3209070002,2648
3209070003,4608
3209070005,1917
3209070004,4249
3209080011,3239
3209080008,3230
3209080016,6794
3209080017,3933
3209080010,6941
3209080009,5166
3209080015,3146
3209080006,5376
3209080007,10444
3209080004,8661
3209080005,1082
3209081001,5175
3209081006,4659
3209081004,2055
3209081009,7585
3209081008,1792
3209081003,4401
3209081007,4873
3209081002,16723
3209081005,16990
3209090007,2811
3209090010,12543
3209090006,973
3209090004,11058
3209090003,1664
3209090008,12071
3209090011,13117
3209090002,4267
3209090001,9523
3209090012,1511
3209090009,0
3209090005,5022
3209100011,10802
3209100004,4924
3209100008,5738
3209100010,3657
3209100009,3265
3209100013,10032
3209100012,2098
3209100003,1589
3209100002,3869
3209100001,4578
3209101014,7733
3209101006,3785
3209101001,9069
3209101003,6903
3209101015,4055
3209101005,3884
3209101007,2910
3209101002,2546
3209101017,3020
3209101555,3421
3209101016,2220
3209111012,3238
3209111002,15915
3209111004,11980
3209111003,0
3209111013,2466
3209111005,673
3209111014,2833
3209111001,13551
3209111015,2002
3209111006,8631
3209111007,7932
3209120014,2784
3209120019,5949
3209120023,7658
3209120017,4930
3209120025,7732
3209120010,5668
3209120022,6777
3209120020,5622
3209120016,4567
3209120018,5376
3209120011,6466
3209120015,12544
3209120024,6994
3209120021,10178
3209121009,0
3209121001,6395
3209121007,5857
3209121002,8716
3209121011,4281
3209121004,5375
3209121010,7448
3209121012,3265
3209121013,3651
3209121008,3975
3209121003,5512
3209121005,4029
3209121006,9424
3209130007,4384
3209130009,2037
3209130017,3101
3209130016,5103
3209130006,1519
3209130003,3739
3209130015,2920
3209130011,5530
3209130008,3666
3209130014,12453
3209130010,2665
3209130018,4576
3209140019,0
3209140020,10242
3209140006,5613
3209140029,1601
3209140021,0
3209140023,9514
3209140022,5812
3209140026,2647
3209140028,4339
3209140017,8461
3209140018,11570
3209140007,4102
3209140027,2010
3209140024,4712
3209140025,0
3209141001,6340
3209141010,2865
3209141004,8341
3209141003,3402
3209141011,6495
3209141012,11270
3209141006,8831
3209141005,5239
3209141002,3239
3209141009,3138
3209141008,4148
3209141007,4958
3209150005,7823
3209150006,12388
3209150007,10724
3209150008,8887
3209150011,11306
3209150009,6613
3209150012,14854
3209150010,0
3209150015,11388
3209151009,7650
3209151005,1101
3209151007,5085
3209151001,5567
3209151010,5321
3209151004,5148
3209151008,7068
3209151003,0
3209151002,9
3209151006,5812
3209161002,13836
3209161006,6341
3209161005,9905
3209161003,746
3209161007,36
3209161008,3211
3209161004,3847
3209161001,1264
3209162001,5494
3209162005,11433
3209162002,7059
3209162004,1565
3209162006,6649
3209162008,5149
3209162007,12762
3209162003,17292
3209171001,6340
3209171006,0
3209171010,137
3209171011,4940
3209171009,4520
3209171003,5412
3209171005,11252
3209171007,2738
3209171004,10033
3209171012,3120
3209171015,5613
3209171002,5039
3209171013,4494
3209171014,5503
3209171008,4610
3209180010,8314
3209180021,5764
3209180016,6559
3209180018,3258
3209180020,8787
3209180017,5058
3209180011,7398
3209180012,9860
3209180015,7815
3209181006,6813
3209181003,6441
3209181005,870
3209181004,3147
3209181002,7259
3209181009,4257
3209181007,1973
3209181001,46
3209181008,3120
3209190013,4193
3209190003,4840
3209190008,109
3209190009,8132
3209190002,5549
3209190012,3012
3209190007,6039
3209190001,3093
3209190011,7096
3209191017,7013
3209191018,5476
3209191015,3529
3209191014,1
3209191004,5685
3209191016,4402
3209191005,2192
3209191006,6259
3209200011,13307
3209200016,2028
3209200017,3037
3209200010,8087
3209200002,6031
3209200015,4529
3209200018,6421
3209200013,0
3209200001,4121
3209200012,10533
3209200014,7286
3209201006,2602
3209201001,1964
3209201008,27
3209201009,983
3209201007,3502
3209201005,3432
3209201002,2775
3209201004,3466
3209201003,7395
3209210005,9825
3209210010,7759
3209210006,2793
3209210004,3029
3209210011,3849
3209210008,9105
3209210009,4275
3209210007,8588
3209211002,3393
3209211001,2339
3209211005,4330
3209211006,0
3209211007,6602
3209211004,14119
3209211003,2092
3209211008,5149
3209220005,9979
3209220009,2639
3209220004,4066
3209220012,4692
3209220010,4203
3209220003,16110
3209220006,3102
3209220008,6586
3209220007,5395
3209220001,8095
3209220011,6757
3209220002,1747
3209230007,7803
3209230008,1165
3209230012,3851
3209230019,7522
3209230018,4758
3209230011,1
3209230017,9059
3209230021,4515
3209230022,4803
3209230020,4153
3209230009,3785
3209230010,5275
3209230023,3157
3209230016,2566
3209231008,5495
3209231009,4407
3209231001,3539
3209231004,6359
3209231005,783
3209231003,3256
3209231002,2693
3209231006,5140
3209231007,3378
3210010003,912
3210010002,3342
3210010004,2047
3210010009,2537
3210010001,3384
3210010019,1305
3210010018,3276
3210010008,2590
3210010014,3276
3210010005,7277
3210010017,3210
3210010007,4540
3210010015,3301
3210010010,2380
3210010012,5961
3210010006,3626
3210010011,5373
3210010013,3508
3210010016,1768
3210020017,4622
3210020016,3372
3210020019,2249
3210020012,2216
3210020020,2268
3210020010,2823
3210020018,4084
3210020021,491
3210020013,2464
3210020014,2589
3210020009,3120
3210020022,4052
3210020015,2681
3210021004,5074
3210021001,1872
3210021006,2252
3210021007,4393
3210021010,3831
3210021005,2791
3210021011,0
3210021008,3820
3210021003,3978
3210021009,6761
3210021002,3939
3210030024,1648
3210030020,4895
3210030017,3297
3210030016,5903
3210030026,306
3210030028,1961
3210030014,1783
3210030025,3911
3210030027,2007
3210030019,1283
3210030021,5343
3210030015,1581
3210030018,2724
3210030022,3247
3210030023,1045
3210031003,2007
3210031012,2198
3210031008,1649
3210031010,6645
3210031002,3738
3210031009,1462
3210031013,490
3210031004,5560
3210031011,455
3210031006,2762
3210031005,3935
3210031001,5030
3210031007,3672
3210040012,2799
3210040006,3052
3210040002,651
3210040005,828
3210040003,1375
3210040014,1649
3210040013,3119
3210040004,1553
3210040016,1149
3210040007,2786
3210040001,3090
3210040017,1378
3210040008,3253
3210040011,0
3210040015,2365
3210040009,3058
3210040010,6843
3210041009,2515
3210041011,3417
3210041004,544
3210041001,2522
3210041013,1992
3210041002,508
3210041010,836
3210041008,836
3210041012,671
3210041006,3163
3210041003,1978
3210041007,2774
3210041005,1053
3210050009,3046
3210050008,1499
3210050002,2286
3210050014,3585
3210050011,3449
3210050010,1409
3210050013,970
3210050012,636
3210050006,1605
3210050001,667
3210050007,2663
3210050005,2881
3210050004,1350
3210050003,1671
3210060004,2240
3210060014,836
3210060003,2347
3210060016,232
3210060011,2253
3210060001,6008
3210060005,493
3210060012,895
3210060008,3231
3210060009,2738
3210060006,1082
3210060018,653
3210060017,994
3210060015,3806
3210060010,1478
3210060013,1433
3210060007,1798
3210060002,2194
3210070001,7466
3210070002,3485
3210070006,2014
3210070011,4606
3210070010,1284
3210070004,2350
3210070003,4746
3210070012,8305
3210070007,7148
3210070013,5501
3210070014,2231
3210070005,5644
3210070009,2074
3210070008,7925
3210080008,3663
3210080009,2441
3210080007,3879
3210080003,2276
3210080010,8090
3210080001,1037
3210080006,4418
3210080004,3679
3210080002,1939
3210080005,4866
3210090013,3813
3210090001,2507
3210090012,4410
3210090016,2106
3210090014,2156
3210090002,417
3210090019,1509
3210090020,2111
3210090010,2635
3210090015,5222
3210090017,5813
3210090011,2671
3210090018,3313
3210091007,1225
3210091002,1940
3210091006,3278
3210091004,2898
3210091001,1447
3210091003,1471
3210091005,2813
3210100005,2000
3210100012,5992
3210100013,2290
3210100007,5037
3210100001,3686
3210100003,576
3210100010,1313
3210100008,6745
3210100011,2059
3210100006,1224
3210100004,2768
3210100009,1761
3210100002,3666
3210110010,5415
3210110001,2513
3210110007,724
3210110005,6857
3210110004,0
3210110003,4616
3210110009,5477
3210110002,4536
3210110006,5768
3210110008,4284
3210120011,5879
3210120010,4008
3210120009,4155
3210120002,0
3210120005,4402
3210120012,2529
3210120003,3419
3210120013,4822
3210120006,1701
3210120001,7557
3210120014,1478
3210120007,3776
3210120004,4373
3210120008,4432
3210130006,1783
3210130012,6559
3210130005,4680
3210130010,3544
3210130013,4819
3210130007,4477
3210130008,3083
3210130004,6148
3210130011,791
3210130003,6013
3210130002,4604
3210130009,8702
3210130001,4439
3210140006,3910
3210140009,7700
3210140008,15975
3210140004,3127
3210140015,3792
3210140007,2850
3210140013,3105
3210140011,8372
3210140005,3655
3210140016,8088
3210140010,4530
3210140001,396
3210140002,1090
3210140003,8432
3210140012,104
3210140014,1380
3210150018,6723
3210150016,5418
3210150011,6022
3210150012,4872
3210150014,5402
3210150013,105
3210150020,2111
3210150017,2894
3210150019,1306
3210150021,2933
3210150015,5290
3210151010,4469
3210151003,5648
3210151008,8454
3210151004,5417
3210151001,3105
3210151009,2231
3210151002,2462
3210151007,5545
3210151006,5964
3210151005,6388
3210160004,970
3210160006,5518
3210160001,2777
3210160003,2820
3210160005,2715
3210160008,7894
3210160007,4084
3210160009,1500
3210160002,3651
3210170005,1417
3210170003,3425
3210170002,4932
3210170004,5685
3210170006,6002
3210170001,8178
3210170007,1986
3210180006,7903
3210180011,4016
3210180007,7744
3210180008,5201
3210180005,3452
3210180001,12630
3210180009,7726
3210180003,4618
3210180002,5612
3210180012,4136
3210180014,1452
3210180013,3502
3210180010,8605
3210180004,2597
3210190010,1115
3210190001,4022
3210190012,3480
3210190008,4448
3210190009,3434
3210190015,6536
3210190003,3604
3210190004,4572
3210190002,4806
3210190011,5936
3210190007,4604
3210190005,3753
3210190006,2313
3210190013,2954
3210190014,5798
3210200014,5917
3210200013,1075
3210200007,3942
3210200004,8314
3210200006,3484
3210200001,2642
3210200003,3208
3210200017,7200
3210200019,5552
3210200002,2238
3210200016,4362
3210200015,2388
3210200018,4493
3210200010,1865
3210200009,5768
3210200011,8827
3210200012,5731
3210200005,3850
3210200008,3231
3210210003,3731
3210210010,3141
3210210009,4298
3210210012,4597
3210210002,5253
3210210014,0
3210210013,6597
3210210015,2187
3210210005,3470
3210210007,8935
3210210011,7389
3210210006,3674
3210210008,1567
3210210004,2246
3210210001,5133
3211010010,9547
3211010009,3275
3211010012,5608
3211010011,4553
3211010004,8120
3211010001,9378
3211010005,7779
3211010008,17194
3211010006,0
3211010007,3017
3211010003,8024
3211010002,9290
3211020004,5018
3211020005,7476
3211020008,9396
3211020001,7835
3211020011,3578
3211020002,3004
3211020006,9573
3211020007,5691
3211020010,6056
3211020003,3621
3211020009,8039
3211030027,5311
3211030001,9327
3211030015,5540
3211030008,3781
3211030011,4040
3211030025,5751
3211030012,3949
3211030009,7446
3211030014,4607
3211030018,3535
3211030002,8710
3211030010,3966
3211031006,2851
3211031007,6116
3211031003,2412
3211031005,2474
3211031004,7393
3211031001,5873
3211031002,8236
3211032006,14368
3211032005,7235
3211032002,8419
3211032003,3165
3211032004,5022
3211032008,7385
3211032009,4090
3211032007,8402
3211032001,8155
3211032010,9204
3211032011,10824
3211040012,5323
3211040014,4183
3211040011,6890
3211040008,3326
3211040013,6586
3211040006,8132
3211040007,5872
3211040010,5906
3211040009,3812
3211040002,5323
3211050008,3208
3211050014,8872
3211050010,5083
3211050003,2387
3211050004,2020
3211050007,6415
3211050012,6736
3211050016,5268
3211050002,3862
3211050015,3344
3211050013,6773
3211050011,4035
3211050009,1721
3211050001,7835
3211060002,6655
3211060008,8377
3211060007,5478
3211060009,2399
3211060011,11380
3211060005,4770
3211060006,10086
3211060003,4484
3211060004,5595
3211060013,5609
3211060001,3258
3211060010,6712
3211060012,3781
3211061001,4147
3211061004,2239
3211061008,1486
3211061003,1517
3211061006,3541
3211061007,2689
3211061005,1869
3211061002,2005
3211070016,2203
3211070001,1238
3211070023,1884
3211070011,3627
3211070015,3768
3211070013,2936
3211070019,4368
3211070002,2980
3211070014,2258
3211070021,1949
3211070012,3849
3211070022,2955
3211070018,3727
3211070020,3763
3211070017,4547
3211071007,6162
3211071009,3159
3211071002,1369
3211071003,3689
3211071006,1845
3211071004,4090
3211071010,5085
3211071008,4164
3211071005,4307
3211071001,3004
3211080016,110
3211080012,3511
3211080011,1591
3211080017,974
3211080008,1148
3211080006,1541
3211080007,2838
3211080005,104
3211080018,4793
3211080015,16
3211080003,2739
3211080019,2038
3211080020,6743
3211080004,864
3211080014,2091
3211080013,5855
3211090001,4498
3211090003,5780
3211090006,5992
3211090002,2067
3211090007,2968
3211090005,5424
3211090004,3871
3211100012,4836
3211100013,2438
3211100001,6942
3211100004,7827
3211100017,3719
3211100003,7902
3211100011,3967
3211100015,544
3211100002,7019
3211100016,2714
3211100014,4634
3211101005,6736
3211101003,4567
3211101002,8222
3211101001,5259
3211101009,3842
3211101006,11641
3211101008,5237
3211101004,6899
3211101007,2838
3211111011,3089
3211111008,2346
3211111009,3980
3211111003,4892
3211111004,4066
3211111010,2232
3211111006,2134
3211111012,3393
3211111013,2657
3211111007,2191
3211111002,3597
3211111001,88
3211120010,2416
3211120003,2838
3211120004,2351
3211120005,1501
3211120009,2557
3211120006,2661
3211120011,1204
3211120007,3624
3211120008,6510
3211130009,11895
3211130001,2394
3211130003,1481
3211130004,3123
3211130002,3072
3211130006,2992
3211130008,4043
3211130005,2942
3211130007,7146
3211140008,6846
3211140010,1267
3211140006,1283
3211140012,1929
3211140003,4923
3211140004,5379
3211140005,685
3211140002,1708
3211140011,6070
3211140001,3231
3211140007,5526
3211140009,1414
3211150007,4145
3211150004,4073
3211150010,1289
3211150009,2351
3211150001,7322
3211150002,1277
3211150006,6206
3211150008,2505
3211150003,4657
3211150005,2294
3211160012,6254
3211160011,3620
3211160017,2060
3211160014,6366
3211160001,2122
3211160021,5725
3211160016,5997
3211160022,7360
3211160013,4342
3211160020,3121
3211160019,3702
3211160023,2874
3211160015,1783
3211160018,10000
3211161004,1690
3211161006,2412
3211161007,1937
3211161001,1648
3211161003,3331
3211161005,3042
3211161002,5669
3211170020,4165
3211170007,1320
3211170019,3536
3211170004,1690
3211170006,2431
3211170005,3795
3211170016,3903
3211170017,2283
3211170008,1685
3211170009,6643
3211170003,7815
3211170018,2239
3211171004,5034
3211171008,7621
3211171007,6014
3211171005,5472
3211171003,5017
3211171006,3843
3211171009,1942
3211171002,3287
3211171001,4208
3211180005,5525
3211180008,4220
3211180015,4199
3211180003,1511
3211180004,2567
3211180002,4533
3211180010,2152
3211180009,3069
3211180012,2357
3211180014,2628
3211180011,3287
3211180006,3349
3211180007,1467
3211180001,3665
3211181009,2061
3211181003,2290
3211181006,1216
3211181007,2534
3211181008,1933
3211181004,4411
3211181005,1369
3211181001,1980
3211181002,1245
3212010013,5322
3212010008,7367
3212010007,6286
3212010011,11028
3212010012,9350
3212010014,9462
3212010015,9047
3212010009,6609
3212010016,8982
3212010010,9490
3212011006,9377
3212011001,5030
3212011004,10651
3212011003,17939
3212011007,6281
3212011002,15033
3212011005,12091
3212020008,5039
3212020003,7862
3212020005,3432
3212020001,12942
3212020009,3919
3212020004,8421
3212020002,10887
3212020006,9835
3212020007,5627
3212030002,7170
3212030010,5365
3212030009,11739
3212030003,10193
3212030008,7888
3212030005,2762
3212030001,4728
3212030007,6267
3212030006,3426
3212030004,4183
3212040004,6583
3212040007,6786
3212040012,5925
3212040006,4927
3212040005,5082
3212040003,7009
3212040013,5258
3212041007,3110
3212041001,16775
3212041003,9977
3212041002,8424
3212041006,5389
3212041008,4436
3212041009,5627
3212041004,6774
3212041005,6978
3212050010,4902
3212050007,1463
3212050009,4447
3212050003,3928
3212050005,2762
3212050008,5382
3212050006,6583
3212050004,3313
3212050011,2531
3212050002,6156
3212050001,5875
3212060015,3790
3212060016,2846
3212060017,6307
3212060020,5342
3212060008,1498
3212060021,3558
3212060018,4737
3212060019,3257
3212061001,2052
3212061007,3212
3212061002,4370
3212061006,4051
3212061004,5231
3212061012,3612
3212061013,732
3212061008,1826
3212061003,6436
3212061010,4901
3212061005,9530
3212061009,4516
3212061011,7030
3212070006,7374
3212070010,4742
3212070008,723
3212070016,2544
3212070012,5463
3212070015,593
3212070011,4593
3212070013,2932
3212070014,5153
3212070007,1273
3212080011,4415
3212080008,7461
3212080014,4196
3212080015,4171
3212080017,1575
3212080012,323
3212080010,4031
3212080019,2517
3212080009,5236
3212080016,9900
3212080013,3434
3212080018,6980
3212080007,7168
3212081002,9485
3212081006,2681
3212081001,2464
3212081007,1720
3212081003,12460
3212081004,7327
3212081005,4236
3212090004,4568
3212090009,10577
3212090002,4900
3212090006,4290
3212090010,7691
3212090008,9001
3212090001,3506
3212090003,5427
3212090007,7326
3212090011,2821
3212090005,4734
3212100011,3685
3212100015,7236
3212100016,3018
3212100007,5192
3212100014,8097
3212100013,3584
3212100017,4573
3212100010,5705
3212100012,3452
3212100008,2655
3212100009,1126
3212101006,5569
3212101007,8460
3212101005,857
3212101002,5119
3212101003,9948
3212101004,6110
3212101001,5032
3212110005,3538
3212110004,10672
3212110007,6886
3212110006,1430
3212110003,4916
3212110012,3524
3212110011,5323
3212110008,3125
3212110009,3710
3212110002,8225
3212110001,6340
3212110010,3770
3212120009,6780
3212120016,2556
3212120006,1165
3212120007,4440
3212120010,3116
3212120001,3523
3212120005,3492
3212120008,3637
3212120011,6763
3212120003,1350
3212120002,4461
3212120004,5456
3212120013,7057
3212120012,2871
3212130004,9586
3212130005,738
3212130006,4249
3212130003,6009
3212130009,2372
3212130010,5436
3212130012,4560
3212130007,3625
3212130011,10
3212130014,4685
3212130015,1568
3212130013,2121
3212130008,6130
3212130002,3636
3212130001,1528
3212140007,13330
3212140005,1100
3212140010,2551
3212140004,5245
3212140008,5265
3212140009,1450
3212140002,7742
3212140003,2556
3212140001,3005
3212140006,3314
3212150008,3070
3212150003,3611
3212150011,11952
3212150010,3057
3212150016,3404
3212150009,6833
3212150013,9455
3212150012,0
3212150014,2418
3212150017,9666
3212150015,8427
3212150007,5752
3212150004,7709
3212150002,8198
3212150006,10297
3212150005,5397
3212150018,4651
3212150001,5589
3212160015,3670
3212160012,4764
3212160010,5805
3212160007,1263
3212160009,7585
3212160014,2411
3212160008,3202
3212160013,1834
3212160011,5494
3212160016,3393
3212161001,3102
3212161002,4322
3212161003,224
3212161007,6242
3212161006,8063
3212161005,3919
3212161004,2022
3212162003,5928
3212162006,5734
3212162004,6739
3212162001,2064
3212162002,7667
3212162005,2294
3212170008,4651
3212170001,4638
3212170002,4421
3212170004,4724
3212170003,4579
3212170005,5997
3212170007,6556
3212170009,7043
3212170010,3306
3212170015,11682
3212170011,283
3212170006,2569
3212171002,2749
3212171003,4600
3212171008,9001
3212171004,2932
3212171007,6333
3212171006,3603
3212171001,4759
3212171005,2022
3212180013,8723
3212180006,4140
3212180007,7261
3212180002,8760
3212180010,8842
3212180011,8767
3212180008,10002
3212180004,4989
3212180003,4322
3212180005,1973
3212180001,2461
3212180012,7786
3212190008,6874
3212190001,2714
3212190012,8598
3212190011,4888
3212190009,5087
3212190005,11861
3212190004,2987
3212190013,5350
3212190007,7672
3212190002,1786
3212190010,1744
3212190003,7936
3212190006,1692
3212200005,6775
3212200006,6674
3212200001,5258
3212200004,7939
3212200007,6736
3212200003,7503
3212200008,2832
3212200002,6544
3212210010,3644
3212210009,3360
3212210013,3349
3212210003,5988
3212210002,3199
3212210011,3625
3212210012,3057
3212210005,6898
3212210008,4869
3212210007,3650
3212210001,10129
3212210004,7017
3212210006,5067
3212220001,2086
3212220008,3841
3212220002,7909
3212220005,5649
3212220006,4843
3212220007,4205
3212220004,6292
3212220003,3553
3212221003,6660
3212221005,4942
3212221001,2609
3212221008,2833
3212221002,6313
3212221007,4002
3212221006,8176
3212221004,8420
3213010004,7523
3213010013,4032
3213010006,8111
3213010011,2686
3213010005,4400
3213010012,2004
3213010003,4167
3213011003,5061
3213011002,3789
3213011004,3092
3213011001,5996
3213011005,6653
3213011006,3417
3213020016,7746
3213020007,11996
3213020015,7972
3213020013,3767
3213020008,3826
3213020014,4274
3213020017,4996
3213021001,8654
3213021003,791
3213021004,2650
3213021007,8638
3213021002,6216
3213021006,6656
3213021005,5095
3213030010,5813
3213030002,4939
3213030009,4449
3213030001,6153
3213030008,2671
3213030003,5559
3213030004,5944
3213030014,5659
3213030005,3949
3213031003,7246
3213031008,7099
3213031007,2158
3213031006,4181
3213031001,7422
3213031002,6523
3213031005,4099
3213031004,3705
3213040001,5336
3213040008,3282
3213040003,3627
3213040004,3891
3213040011,5271
3213040006,5890
3213040010,2455
3213040009,6149
3213040005,3002
3213040002,2369
3213050007,2749
3213050002,4787
3213050005,5475
3213050004,3903
3213050003,4639
3213050001,5123
3213050006,6841
3213050008,5246
3213060009,5719
3213060008,2606
3213060005,7553
3213060006,8040
3213060010,5215
3213060007,3198
3213060004,10373
3213060002,5900
3213060003,5574
3213070005,16503
3213070006,22499
3213070004,19160
3213070001,7577
3213070002,14283
3213070003,6452
3213070007,17382
3213070012,4794
3213080017,3656
3213080019,5820
3213080020,5525
3213080018,5889
3213080016,6160
3213080007,15426
3213080008,9685
3213080006,19371
3213080005,10159
3213080004,4097
3213081010,3414
3213081003,7898
3213081008,3999
3213081007,4814
3213081001,7030
3213081009,5371
3213081002,4376
3213081006,5265
3213081004,2951
3213081005,3586
3213090003,10295
3213090005,13245
3213090008,10448
3213090009,3669
3213090004,11208
3213090007,10571
3213090006,15011
3213100011,5463
3213100002,4358
3213100006,9586
3213100008,8500
3213100004,8324
3213100007,15130
3213100005,13638
3213100003,10019
3213110005,8047
3213110006,9602
3213110003,7134
3213110010,3873
3213110009,12453
3213110008,7665
3213110007,5716
3213110004,12446
3213110002,7896
3213110001,7516
3213120002,6439
3213120001,7253
3213120005,4906
3213120011,6028
3213120006,6896
3213120009,10941
3213120008,5777
3213120007,5116
3213120010,2451
3213120003,11441
3213130004,6722
3213130003,3851
3213130006,8071
3213130001,6324
3213130007,11250
3213130005,3010
3213130002,9622
3213130008,9363
3213130009,4202
3213140014,2735
3213140005,4366
3213140006,4618
3213140004,4322
3213140018,4534
3213140017,7105
3213140015,4505
3213140016,5372
3213140007,7732
3213140013,7274
3213141001,3681
3213141007,2200
3213141002,2905
3213141003,5516
3213141006,1430
3213141008,5020
3213141005,6143
3213141004,6916
3213141009,3419
3213150008,7655
3213150009,6000
3213150006,7665
3213150007,7168
3213150005,7184
3213150003,9851
3213150002,9303
3213150010,4913
3213150004,12060
3213150001,5035
3213160007,10712
3213160008,3446
3213160004,6527
3213160006,4668
3213160003,7027
3213160005,5254
3213160001,4653
3213160002,3233
3213170006,5023
3213170002,4577
3213170005,3304
3213170004,4666
3213170018,1822
3213170007,7417
3213170003,4913
3213170008,4979
3213170001,2656
3213171008,5341
3213171007,7016
3213171003,4702
3213171005,6649
3213171004,3979
3213171009,1680
3213171006,7988
3213171001,3396
3213171002,6143
3213180007,5983
3213180008,7289
3213180006,3560
3213180002,13790
3213180003,8208
3213180004,8175
3213180010,7121
3213180009,8462
3213180001,17831
3213190014,4514
3213190009,6396
3213190012,3178
3213190007,7183
3213190008,1203
3213190010,3170
3213190013,3740
3213190006,10135
3213191006,5843
3213191003,4620
3213191002,3845
3213191001,4421
3213191007,6374
3213191005,7740
3213191004,4301
3213200010,7304
3213200011,2776
3213200012,3352
3213200015,4716
3213200014,9394
3213200009,9683
3213200013,5946
3213201001,3135
3213201002,5596
3213201003,4344
3213201004,5756
3213201006,5828
3213201007,3797
3213201008,4706
3213201005,3862
3213210007,2801
3213210008,1237
3213210005,6584
3213210004,2244
3213210003,556
3213210006,4814
3213210002,5030
3213220006,9325
3213220002,7078
3213220001,1413
3213220005,6785
3213220007,2875
3213220008,9398
3213220003,4188
3213220004,5290
3213220009,8186
3214010018,6598
3214010011,11314
3214010007,5419
3214010009,6126
3214010016,4000
3214010008,6218
3214010006,3268
3214010010,15435
3214010017,9471
3214010015,4920
3214011003,4285
3214011004,3518
3214011005,8246
3214011001,5630
3214011002,3657
3214020004,2105
3214020007,4567
3214020003,6919
3214020005,6106
3214020006,2389
3214020002,7292
3214020008,3553
3214020001,5245
3214030006,6873
3214030004,5173
3214030003,4993
3214030011,4749
3214030005,1299
3214030010,3553
3214030002,3806
3214030013,4164
3214030001,4598
3214030012,7017
3214030008,4189
3214030007,3954
3214030009,2091
3214040014,2321
3214040006,2888
3214040015,3970
3214040004,2552
3214040009,5963
3214040010,0
3214040003,2246
3214040002,3188
3214040011,2399
3214040013,6970
3214040005,3530
3214040012,3098
3214040007,0
3214040001,2903
3214040016,5202
3214040008,5502
3214050002,4161
3214050005,2082
3214050004,3814
3214050015,5321
3214050008,3575
3214050010,1731
3214050007,4612
3214050013,8605
3214050003,2934
3214050012,3678
3214050014,7225
3214050009,5247
3214050006,8526
3214050011,7504
3214060016,6196
3214060013,5328
3214060007,6200
3214060012,2343
3214060008,4269
3214060015,2293
3214060004,5576
3214060009,4112
3214060017,8368
3214060002,10544
3214060003,4448
3214060001,6586
3214060014,5083
3214060005,6535
3214060006,4003
3214070006,4679
3214070002,6345
3214070001,9979
3214070004,1260
3214070005,4337
3214070013,3575
3214070012,7835
3214070014,3501
3214070007,2635
3214070003,4575
3214070009,5097
3214070011,7432
3214070010,2508
3214070008,2486
3214080009,5105
3214080018,2031
3214080005,1188
3214080017,3567
3214080004,1517
3214080001,4173
3214080007,613
3214080003,3768
3214080002,1111
3214080019,791
3214080006,791
3214080021,2106
3214080020,4646
3214080016,1851
3214080008,2270
3214081005,2170
3214081003,2716
3214081009,142
3214081004,4456
3214081008,4083
3214081007,2301
3214081002,3122
3214081001,6440
3214081006,1746
3214081010,3673
3214090010,2627
3214090009,881
3214090016,2321
3214090014,5680
3214090015,3366
3214090019,3830
3214090020,4829
3214090011,1672
3214090012,4387
3214090013,1202
3214090018,5695
3214090017,2329
3214091001,2098
3214091004,1970
3214091011,2134
3214091009,84
3214091002,1716
3214091007,2455
3214091010,2038
3214091003,3680
3214091008,2895
3214091005,1879
3214091006,3232
3214100008,6695
3214100013,22137
3214100011,9307
3214100012,17719
3214100009,15881
3214100006,9440
3214100007,6044
3214100016,4157
3214100005,9315
3214100010,11613
3214101005,5141
3214101008,10371
3214101004,9346
3214101009,10724
3214101002,12808
3214101007,3466
3214101006,5150
3214101001,4186
3214101003,12599
3214110010,7303
3214110011,6671
3214110012,6000
3214110027,10336
3214110023,5941
3214110026,13018
3214110025,5261
3214110001,4179
3214110024,4337
3214110028,6444
3214111009,5545
3214111003,4554
3214111002,1699
3214111010,10545
3214111005,2292
3214111007,5224
3214111006,7522
3214111004,5607
3214111008,3172
3214111001,3268
3214112003,4873
3214112002,13038
3214112010,6698
3214112004,3843
3214112008,10963
3214112007,6362
3214112001,6561
3214112005,9405
3214112009,4732
3214112006,8442
3214888888,8898
3215010012,2578
3215010015,6754
3215010014,6243
3215010011,20145
3215010001,8901
3215010013,12153
3215010017,13875
3215010016,17876
3215011002,3534
3215011005,6910
3215011007,1955
3215011006,5192
3215011001,4383
3215011009,7579
3215011008,8368
3215011003,6104
3215011004,8054
3215020006,18763
3215020004,37669
3215020005,12937
3215020003,16048
3215020002,13368
3215020007,37973
3215020001,4008
3215031002,6882
3215031009,13656
3215031004,18086
3215031001,31912
3215031006,14124
3215031005,29966
3215031008,13034
3215031003,13025
3215031007,11229
3215032006,7544
3215032007,6406
3215032005,25983
3215032004,7780
3215032009,11525
3215032008,9901
3215032010,4585
3215032001,10279
3215032002,7690
3215032003,13744
3215040008,11441
3215040016,16035
3215040012,20673
3215040003,11831
3215040002,18044
3215040013,14187
3215040007,15235
3215040001,17998
3215040006,2703
3215040011,14390
3215040014,10060
3215040004,9056
3215040005,18886
3215050011,12232
3215050009,5747
3215050007,6653
3215050008,3643
3215050006,4383
3215050014,6196
3215050013,20004
3215050012,9487
3215050001,35613
3215050002,13948
3215051008,12065
3215051007,7014
3215051006,4004
3215051001,10561
3215051003,13685
3215051004,10948
3215051002,5122
3215051005,3590
3215060009,4664
3215060010,4320
3215060005,13000
3215060008,4085
3215060003,8502
3215060002,7252
3215060011,5732
3215060007,4339
3215060004,4566
3215060006,2079
3215070006,8405
3215070004,5334
3215070013,3767
3215070012,4980
3215070016,6274
3215070014,4525
3215070011,7270
3215070015,1522
3215070009,4939
3215070010,3521
3215070019,3432
3215070005,5074
3215070018,3054
3215070017,4004
3215071009,4902
3215071002,5157
3215071003,8634
3215071007,2966
3215071006,4374
3215071005,3034
3215071004,9151
3215071012,2905
3215071008,4646
3215071001,4611
3215071010,1760
3215071011,4197
3215072009,12119
3215072002,9546
3215072003,14159
3215072006,10226
3215072004,11863
3215072005,9892
3215072008,21368
3215072001,6204
3215072007,15516
3215081002,3626
3215081001,5774
3215081006,10518
3215081005,6767
3215081012,6445
3215081011,6311
3215081009,10030
3215081010,8387
3215081008,6952
3215081007,8897
3215081003,6126
3215081004,4215
3215082002,6794
3215082003,3996
3215082001,5570
3215082004,4364
3215082011,9064
3215082009,6168
3215082008,9148
3215082006,3081
3215082007,6196
3215082005,5702
3215082012,10923
3215082010,4877
3215090001,7955
3215090004,5826
3215090007,8168
3215090005,4329
3215090006,4683
3215090010,6486
3215090003,5245
3215090008,7814
3215090009,3766
3215090011,4193
3215090002,5209
3215100009,4515
3215100003,3327
3215100004,8036
3215100007,5579
3215100010,6618
3215100008,6082
3215100014,3471
3215100005,6283
3215100013,3933
3215100012,2359
3215100001,6627
3215100006,2799
3215100002,6013
3215100011,8844
3215111005,19626
3215111003,1012
3215111006,8060
3215111002,5096
3215111001,10860
3215111007,6354
3215111004,6268
3215112001,23604
3215112005,13844
3215112003,17258
3215112004,7604
3215112007,8406
3215112006,17283
3215112008,7402
3215112002,13509
3215113001,8194
3215113006,22689
3215113003,10368
3215113007,9496
3215113002,18973
3215113005,19807
3215113004,15242
3215113008,20886
3215120006,4850
3215120003,4268
3215120012,2447
3215120002,4252
3215120008,5253
3215120010,5351
3215120005,2580
3215120001,4295
3215120007,4656
3215120009,2262
3215120004,12152
3215120011,2209
3215120013,4075
3215130011,5917
3215130010,3567
3215130001,9963
3215130008,3566
3215130003,8782
3215130002,3133
3215130005,5607
3215130004,1966
3215130006,4571
3215130013,9196
3215130007,4754
3215130012,8011
3215130014,7941
3215130009,8310
3215140006,6556
3215140012,5925
3215140005,5376
3215140011,4902
3215140010,2332
3215140004,660
3215140008,5686
3215140001,3679
3215140002,3707
3215140003,4409
3215140009,5351
3215140007,2236
3215150005,19954
3215150009,8056
3215150004,2220
3215150001,13713
3215150002,8142
3215150003,8207
3215150008,13172
3215150006,22877
3215150007,12841
3215151006,5808
3215151004,2826
3215151003,6443
3215151008,11596
3215151001,5156
3215151005,5350
3215151002,7735
3215151007,12058
3215160017,3389
3215160001,6566
3215160007,8432
3215160016,2921
3215160009,8582
3215160006,7034
3215160012,6505
3215160008,4322
3215160010,8476
3215160018,4015
3215160011,3114
3215160015,6897
3215161006,3441
3215161002,7051
3215161005,6813
3215161008,7692
3215161004,6480
3215161009,3495
3215161010,4311
3215161007,2023
3215161001,4609
3215161003,3831
3215170010,6056
3215170003,4964
3215170009,2201
3215170008,3770
3215170006,4138
3215170007,6276
3215170005,5323
3215170002,6055
3215170004,7304
3215170011,11145
3215170001,4357
3215180007,3001
3215180004,3275
3215180006,3423
3215180001,6864
3215180002,9126
3215180003,8052
3215180005,2482
3215180008,7278
3215180009,9099
3215180011,14572
3215180010,10573
3215190008,16308
3215190007,4464
3215190006,8370
3215190002,11588
3215190003,7664
3215190001,7737
3215190009,9587
3215190010,6318
3215190005,10889
3215190004,4644
3215200004,9089
3215200001,4024
3215200003,7607
3215200005,4300
3215200006,5081
3215200007,9213
3215200002,18892
3215200008,3451
3216010007,53206
3216010009,44049
3216010012,37875
3216010004,31645
3216010008,26367
3216010003,20797
3216010013,11507
3216010002,15175
3216010001,22639
3216010006,36266
3216010005,31756
3216021006,33417
3216021001,35367
3216021008,43031
3216021004,23208
3216021005,22582
3216021003,36393
3216021002,41151
3216021007,45552
3216022001,46850
3216022005,23825
3216022006,34706
3216022003,35777
3216022004,19325
3216022002,48689
3216023002,42092
3216023006,64662
3216023007,53198
3216023004,38511
3216023003,35419
3216023005,60953
3216023001,19499
3216030001,19122
3216030002,20571
3216030006,17941
3216030007,9528
3216030003,26691
3216030005,17981
3216030004,23999
3216031003,23225
3216031001,8759
3216031002,21110
3216031004,10338
3216031006,20144
3216031005,12395
3216041003,31529
3216041002,13975
3216041005,10825
3216041004,27469
3216041008,17898
3216041007,13366
3216041001,28444
3216041006,20656
3216050002,4023
3216050007,4208
3216050009,7473
3216050005,21187
3216050003,19617
3216050008,7051
3216050004,13681
3216061007,5959
3216061002,33753
3216061009,29448
3216061008,19575
3216061010,27524
3216061004,31288
3216061003,39637
3216061005,21002
3216061006,11019
3216061011,18053
3216061001,43725
3216062006,18699
3216062007,7289
3216062005,16731
3216062002,9355
3216062004,15680
3216062008,22040
3216062003,14266
3216062001,39129
3216070006,31819
3216070016,18191
3216070017,20516
3216070018,4608
3216070015,29450
3216070014,41367
3216070013,75348
3216071002,25513
3216071006,17801
3216071005,26420
3216071007,19262
3216071003,35949
3216071011,33948
3216071004,45540
3216071008,67172
3216071009,19986
3216071010,30573
3216071001,34143
3216081001,61794
3216081003,22918
3216081002,29804
3216081009,44155
3216081007,15628
3216081005,12761
3216081006,49857
3216081010,57135
3216081004,24399
3216081008,22615
3216082003,11431
3216082001,66183
3216082002,20310
3216082004,23544
3216082005,29016
3216082007,8252
3216082008,17975
3216082006,9841
3216090003,42524
3216090001,73407
3216090006,16768
3216090009,10366
3216090002,34966
3216090005,24224
3216090004,22353
3216090007,30748
3216090008,7258
3216100003,23025
3216100006,12113
3216100001,34132
3216100008,15963
3216100007,21522
3216100005,42121
3216100002,39390
3216100004,16495
3216110007,8479
3216110003,10580
3216110009,4119
3216110006,6543
3216110004,5752
3216110005,11951
3216110008,4510
3216111003,9198
3216111002,10111
3216111005,12054
3216111001,14945
3216111006,10898
3216111007,7846
3216111004,2866
3216120003,10366
3216120001,8262
3216120007,5624
3216120004,18638
3216120005,19134
3216120006,21728
3216120002,20397
3216121006,12937
3216121001,16254
3216121004,4491
3216121005,8048
3216121003,10633
3216121002,10047
3216121007,12717
3216130002,11529
3216130001,4736
3216130013,18385
3216130005,6326
3216130008,9852
3216130006,18387
3216130007,11141
3216130012,11192
3216130004,11686
3216130003,12017
3216130010,8106
3216130009,8432
3216130011,9079
3216140001,13248
3216140004,9767
3216140006,11840
3216140008,10744
3216140007,8868
3216140005,11595
3216140002,7560
3216140003,5072
3216150006,19756
3216150001,25046
3216150003,7953
3216150005,15599
3216150004,12077
3216150002,17255
3217010004,5602
3217010005,9219
3217010002,8084
3217010008,10894
3217010001,9024
3217010006,12761
3217010003,10272
3217010007,12827
3217020003,12149
3217020006,11225
3217020001,17114
3217020005,16978
3217020002,8676
3217020004,17336
3217020008,8860
3217020009,11207
3217020007,9237
3217030004,8421
3217030008,16071
3217030005,5158
3217030007,5948
3217030001,9106
3217030010,6892
3217030009,3422
3217030006,9569
3217030011,9477
3217030003,8801
3217030002,4050
3217040006,8234
3217040005,5922
3217040018,4045
3217040007,4822
3217040019,9167
3217040008,6265
3217040001,7371
3217040010,5182
3217040003,12332
3217040002,6263
3217040004,3440
3217050016,6707
3217050014,3435
3217050015,10853
3217050021,8060
3217050017,7813
3217050013,8741
3217050009,5989
3217050012,8167
3217050020,4768
3217050011,5900
3217060014,11983
3217060011,4541
3217060006,3465
3217060012,11066
3217060005,8699
3217060001,9639
3217060008,11762
3217060004,6156
3217060002,5022
3217060009,4517
3217060003,5954
3217060010,9194
3217060013,8490
3217060007,4165
3217060888,0
3217070002,2244
3217070003,15041
3217070007,2663
3217070005,8949
3217070004,18278
3217070006,8550
3217070001,7881
3217071001,4021
3217071002,4487
3217071004,5510
3217071003,6904
3217071005,5855
3217071006,12870
3217080003,10797
3217080002,11783
3217080006,7623
3217080004,17906
3217080005,13420
3217080009,6718
3217080011,7024
3217080012,7498
3217080007,7217
3217080001,15610
3217080010,5373
3217080008,7190
3217090010,9118
3217090008,10009
3217090002,5325
3217090003,18195
3217090005,13031
3217090004,11033
3217090007,7737
3217090001,13624
3217090006,15388
3217090009,11116
3217100011,8513
3217100005,17261
3217100010,7779
3217100001,7066
3217100002,6743
3217100006,6295
3217100007,4086
3217100008,5673
3217100004,5883
3217100009,4325
3217100003,15460
3217110003,9711
3217110005,10874
3217110006,15698
3217110002,15083
3217110001,19108
3217110007,10949
3217110004,12904
3217120015,11853
3217120011,10160
3217120008,11404
3217120013,7544
3217120012,11008
3217120001,8292
3217120010,9687
3217120006,12642
3217120005,9825
3217120007,10405
3217120004,3799
3217120003,7831
3217120009,18609
3217120016,8408
3217120014,9095
3217120002,14654
3217130007,7173
3217130002,12016
3217130004,12901
3217130003,14803
3217130001,9232
3217130006,21311
3217130008,8024
3217130005,7588
3217140008,12493
3217140004,12243
3217140007,8741
3217140012,8320
3217140005,10666
3217140001,8815
3217140006,13552
3217140002,12389
3217140003,7617
3217140010,11269
3217140009,14569
3217140011,11315
3217140013,4694
3217150005,8334
3217150010,9375
3217150007,6061
3217150012,10088
3217150004,8448
3217150008,10159
3217150001,5081
3217150002,7825
3217150006,4983
3217150011,8129
3217150003,6582
3217150009,8647
3217888888,33587
3218010005,3313
3218010006,3923
3218010002,2243
3218010008,7562
3218010001,6767
3218010003,4525
3218010007,4490
3218010004,4399
3218010009,5702
3218010010,9416
3218010011,6252
3218020004,4576
3218020001,4357
3218020002,4806
3218020005,6126
3218020003,6371
3218020006,2606
3218020007,4296
3218030002,4458
3218030005,3398
3218030004,4537
3218030003,4632
3218030007,2320
3218030001,4181
3218030006,2181
3218040010,5827
3218040002,2833
3218040006,7120
3218040014,4038
3218040005,2777
3218040009,900
3218040008,4403
3218040004,4607
3218040001,4944
3218040012,4001
3218040007,2132
3218040011,2634
3218040015,2865
3218040013,4387
3218040003,2091
3218050006,5174
3218050005,7404
3218050004,4129
3218050009,5673
3218050008,5577
3218050003,8253
3218050001,5615
3218050010,5970
3218050002,2965
3218050007,6465
3218060005,4229
3218060002,5224
3218060007,6049
3218060006,3573
3218060003,5675
3218060004,6269
3218060001,6477
3218070004,12086
3218070008,3043
3218070002,7203
3218070003,3881
3218070006,6521
3218070007,9961
3218070005,3681
3218070001,6046
3218080003,3572
3218080007,7688
3218080006,3531
3218080009,5424
3218080002,3445
3218080005,5723
3218080004,6290
3218080001,4701
3218080008,4165
3218090002,2371
3218090013,2164
3218090003,3798
3218090012,4349
3218090009,5478
3218090006,7977
3218090011,5134
3218090008,7109
3218090010,5233
3218090007,7888
3218090001,3787
3218090014,7868
3218090005,3227
3218090004,9224
3218100004,6684
3218100002,6879
3218100003,6424
3218100005,9614
3218100001,7371
3271010013,0
3271010007,20890
3271010014,10776
3271010016,8048
3271010011,8947
3271010015,18314
3271010004,26916
3271010008,21740
3271010005,20068
3271010012,9892
3271010009,16728
3271010001,46448
3271010010,19093
3271010002,19903
3271010006,12636
3271010003,15976
3271020005,29721
3271020004,39120
3271020002,8797
3271020001,12204
3271020006,11105
3271020003,0
3271030001,19424
3271030006,25404
3271030005,19852
3271030004,33677
3271030008,16636
3271030007,17370
3271030003,40514
3271030002,32192
3271040005,19304
3271040003,7059
3271040008,10850
3271040011,9486
3271040002,11240
3271040010,0
3271040007,10820
3271040001,13354
3271040009,0
3271040006,0
3271040004,9861
3271050011,11429
3271050013,20568
3271050008,19783
3271050007,21162
3271050016,8797
3271050015,9382
3271050004,26227
3271050005,8708
3271050010,8228
3271050006,37451
3271050003,6340
3271050002,8572
3271050001,9361
3271050014,15142
3271050009,25357
3271050012,9005
3271060008,35819
3271060009,29374
3271060003,20337
3271060005,25283
3271060002,10326
3271060001,21012
3271060011,31890
3271060010,22576
3271060007,17295
3271060006,13158
3271060004,10596
3272010009,25145
3272010007,5935
3272010008,5996
3272010006,7535
3272011004,10686
3272011003,9758
3272011001,16072
3272011005,5972
3272011002,9610
3272012003,9225
3272012004,11396
3272012002,9416
3272012001,4616
3272020001,13605
3272020003,8096
3272020002,12541
3272020004,5532
3272020005,0
3272030004,7290
3272030001,14619
3272030003,14338
3272030005,19112
3272030002,0
3272040002,7059
3272040004,14556
3272040001,10098
3272040003,6571
3272050003,13890
3272050005,7633
3272050001,0
3272050002,7784
3272050004,3756
3272050006,10347
3273010005,38412
3273010007,20462
3273010002,17480
3273010003,14382
3273010004,12223
3273010008,16739
3273010001,10431
3273010006,0
3273020005,40903
3273020004,19618
3273020002,20082
3273020003,40902
3273020001,12628
3273020006,41531
3273030003,0
3273030004,20957
3273030005,19891
3273030001,20875
3273030002,41613
3273040004,0
3273040001,18634
3273040002,0
3273040005,78855
3273040003,37924
3273040006,40821
3273050005,0
3273050006,20739
3273050001,0
3273050003,20656
3273050004,0
3273050002,0
3273060003,41039
3273060007,39974
3273060005,15246
3273060004,20493
3273060001,17405
3273060002,19071
3273060006,0
3273070005,19891
3273070001,20465
3273070006,0
3273070003,18634
3273070004,0
3273070007,20492
3273070002,61340
3273080003,40274
3273080004,20711
3273080002,33962
3273080001,7487
3273090001,38334
3273090004,50247
3273090002,54072
3273090003,35684
3273100002,33826
3273100001,37761
3273100005,56996
3273100006,16230
3273101004,27752
3273101003,50966
3273101001,30471
3273101002,6084
3273110004,38520
3273110006,23537
3273110005,19761
3273110003,6667
3273111002,15762
3273111004,17814
3273111003,23990
3273111001,47925
3273120006,24309
3273120003,16813
3273120007,6538
3273120005,18923
3273120004,3764
3273121002,26585
3273121001,13731
3273121003,24093
3273121004,0
3273130002,9833
3273130005,30629
3273130001,49591
3273130003,27815
3273141001,38170
3273141004,0
3273141002,36067
3273141003,11311
3273142001,26932
3273142002,16778
3273142004,5601
3273142003,14024
3273150004,20629
3273150005,18661
3273150006,30254
3273150001,20656
3273150003,0
3273150002,30521
3273160002,20328
3273160005,19318
3273160001,20930
3273160007,0
3273160003,16585
3273160008,39263
3273160004,0
3273160006,19973
3273170004,35957
3273170001,0
3273170002,0
3273170003,39564
3273180001,32159
3273180005,21011
3273180004,21093
3273180003,18525
3273180006,38854
3273180002,19501
3273190001,17979
3273190005,51537
3273190004,16557
3273190003,0
3273190002,18907
3273190006,31986
3273200003,18607
3273200002,35629
3273200001,19372
3273210002,0
3273210003,20629
3273210004,19690
3273210005,10245
3273210001,19591
3273210006,17013
3273220004,47121
3273220001,20109
3273220003,17472
3273220002,20028
3273230001,19291
3273230006,75599
3273230003,20356
3273230002,31749
3273230004,18060
3273230005,20847
3273240004,0
3273240005,37952
3273240003,20219
3273240002,59919
3273240001,16818
3273250003,56629
3273250004,15427
3273250001,18085
3273250002,36621
3273260002,65905
3273260001,34126
3273260003,23567
3274010001,35115
3274010003,17390
3274010002,68380
3274010004,35153
3274010005,17803
3274020002,16398
3274020003,13103
3274020004,8448
3274020001,51659
3274030001,0
3274030004,8560
3274030003,0
3274030002,14207
3274040003,13577
3274040001,45347
3274040004,14871
3274040005,6567
3274040002,10633
3274050002,6231
3274050001,6567
3274050004,5558
3274050003,12380
3275010010,44127
3275010012,43520
3275010011,57328
3275010008,61116
3275010009,45083
3275011001,53836
3275011006,37973
3275011003,33957
3275011004,54629
3275011002,56053
3275012002,38350
3275012001,27691
3275012004,54160
3275012003,33150
3275020004,54907
3275020006,46319
3275020002,45451
3275020005,49870
3275020003,39797
3275020001,68041
3275030004,33809
3275030001,33149
3275030003,71367
3275030002,37612
3275031002,89834
3275031003,107932
3275031004,48208
3275031001,96248
3275040008,66503
3275040006,61607
3275040007,57212
3275040005,50912
3275041001,57356
3275041002,101153
3275041004,64572
3275041003,35819
3275050001,41746
3275050002,39449
3275050007,33463
3275050004,29009
3275050003,46377
3275060002,57121
3275060001,21292
3275060008,74090
3275060005,24043
3275060003,50204
3275061001,31814
3275061002,27576
3275061003,60442
3275061004,119308
3275070004,37232
3275070001,77546
3275070002,92303
3275070006,26653
3275070003,42982
3275070005,77736
3276010004,48360
3276010014,45503
3276010013,22641
3276010005,55647
3276010003,60056
3276010006,19338
3276010007,43272
3276011004,22792
3276011003,15338
3276011005,45253
3276011002,25513
3276011001,31535
3276011006,39914
3276011007,54018
3276020011,64363
3276020010,12801
3276020008,35067
3276020009,71394
3276020007,40429
3276020006,45228
3276021002,44498
3276021005,38183
3276021001,12852
3276021003,10878
3276021004,44615
3276030009,51988
3276030010,45364
3276030011,34760
3276030008,36446
3276030006,48224
3276030007,30471
3276031004,50183
3276031002,29306
3276031003,47387
3276031001,41734
3276031005,57520
3276040010,23934
3276040007,19287
3276040009,90680
3276040011,71539
3276040013,25516
3276040012,87167
3276041001,79939
3276041002,39218
3276041005,42095
3276041004,35177
3276041006,41825
3276041007,80268
3276041003,37025
3276050001,49332
3276050002,22027
3276050003,34318
3276050005,34567
3276050004,31423
3276050006,55925
3276060002,50335
3276060003,17414
3276060004,60736
3276060001,19627
3276061001,51964
3276061002,42441
3276061004,40744
3276061003,20288
3277010005,24182
3277010002,38926
3277010004,33975
3277010001,56091
3277010003,45717
3277020001,48426
3277020002,42309
3277020006,14654
3277020003,44647
3277020005,10464
3277020004,20630
3277030002,72982
3277030004,47152
3277030003,63028
3277030001,15794
3278010007,9105
3278010009,4994
3278010004,8228
3278010003,6490
3278010008,13109
3278010010,22165
3278010001,7547
3278010005,7799
3278010006,5721
3278010002,8519
3278020007,8362
3278020005,17645
3278020001,10065
3278020002,16861
3278020006,10131
3278020008,9625
3278020004,9526
3278020003,10344
3278030004,4670
3278030002,7826
3278030001,10418
3278030006,14620
3278030005,13915
3278030003,4495
3278030007,7844
3278030009,4180
3278030008,3873
3278031003,5060
3278031006,6004
3278031004,5467
3278031005,3597
3278031002,4158
3278031001,8085
3278040002,10352
3278040003,7448
3278040001,28392
3278040005,10824
3278040004,0
3278050006,13706
3278050005,0
3278050003,6391
3278050001,5743
3278050002,11077
3278050004,0
3278060002,10538
3278060007,10803
3278060008,14991
3278060001,6574
3278060005,26975
3278060006,16995
3278060003,10571
3278060004,6006
3278070008,8646
3278070005,12518
3278070006,14799
3278070007,3575
3278070013,12655
3278070012,13257
3278071006,5754
3278071003,9779
3278071005,10890
3278071004,4158
3278071007,8712
3278071001,12608
3278071002,9186
3278080002,4994
3278080003,10516
3278080001,19614
3278080004,21512
3279010004,10680
3279010005,16316
3279010003,4426
3279010007,4365
3279010006,10819
3279010002,3666
3279010001,9031
3279020002,807
3279020004,4873
3279020001,7850
3279020003,6859
3279030002,2943
3279030001,1996
3279030006,6293
3279030003,3234
3279030004,9198
3279030005,14152
3279030008,6261
3279030007,2032
3279040002,11934
3279040001,7407
3279040004,12904
3279040005,4986
3279040003,11416
3279040006,15096
3288888888,19256
3603010014,17300
3603010013,9921
3603010015,9458
3603010011,19512
3603010017,18990
3603010009,19565
3603010008,17534
3603010012,10205
3603010016,11183
3603010010,21608
3603011003,14609
3603011001,30647
3603011002,28820
3603011004,8957
3603011007,19943
3603011006,20397
3603011005,16185
3603020002,24300
3603020001,21461
3603020021,20909
3603020014,28642
3603020013,16762
3603020015,18072
3603020022,9164
3603020020,35312
3603020019,25267
3603020017,10388
3603020003,19564
3603020004,19735
3603020018,8638
3603020016,26686
3603021005,3364
3603021002,10065
3603021008,13239
3603021009,12419
3603021001,15670
3603021010,6301
3603021006,8638
3603021003,13493
3603021004,14010
3603021007,10205
3603030006,17435
3603030002,29121
3603030001,10755
3603030007,32057
3603030014,14769
3603030004,12774
3603030005,18573
3603030010,17814
3603030009,15452
3603030008,21548
3603030003,24851
3603030013,16909
3603030012,34090
3603030011,27835
3603040006,49161
3603040007,39741
3603040002,16283
3603040004,26245
3603040008,31359
3603040001,31814
3603040003,22771
3603040005,18024
3603050007,27579
3603050004,28044
3603050001,29132
3603050002,23395
3603050006,43351
3603050005,42931
3603050003,41613
3603051006,32134
3603051005,42179
3603051001,46201
3603051002,47390
3603051004,46773
3603051003,45966
3603060006,13667
3603060002,16445
3603060003,14083
3603060005,18048
3603060001,17375
3603060004,17826
3603060007,17045
3603060011,16189
3603060008,11855
3603060010,17142
3603060009,23725
3603070007,7811
3603070012,29651
3603070009,19404
3603070003,19748
3603070004,19731
3603070001,6002
3603070008,34765
3603070002,24421
3603070010,33359
3603070006,42545
3603070005,21394
3603081006,25534
3603081004,31615
3603081002,20025
3603081001,12907
3603081005,42489
3603081003,39276
3603120008,23640
3603120009,9568
3603120010,32511
3603120007,27673
3603120011,15687
3603120005,8700
3603120012,36596
3603120004,12259
3603120006,47437
3603121007,10816
3603121005,22305
3603121004,15233
3603121003,22000
3603121006,21339
3603121002,25265
3603121001,40928
3603130006,15343
3603130002,30111
3603130001,20653
3603130015,32412
3603130003,22282
3603130004,28143
3603130008,9996
3603130005,14952
3603130007,14169
3603131004,5405
3603131007,12113
3603131001,18476
3603131008,7341
3603131006,7870
3603131005,9318
3603131002,13899
3603131003,17239
3603132007,13937
3603132006,12651
3603132008,12552
3603132004,13789
3603132001,22524
3603132005,7818
3603132002,25315
3603132003,13019
3603140006,15100
3603140007,14976
3603140001,7038
3603140011,10287
3603140002,3963
3603140003,9104
3603140008,10424
3603140004,9262
3603140005,7549
3603141002,8796
3603141004,7133
3603141007,5506
3603141001,2459
3603141005,3109
3603141006,11195
3603141009,8579
3603141008,8736
3603141003,17950
3603150003,13778
3603150002,10277
3603150005,7954
3603150017,7419
3603150016,6413
3603150018,12420
3603150006,11417
3603150008,4943
3603150007,9517
3603150004,5567
3603151006,10340
3603151001,12554
3603151008,8929
3603151007,3777
3603151003,1835
3603151002,10902
3603151004,6056
3603151005,5531
3603160020,1786
3603160007,5127
3603160011,4980
3603160009,11684
3603160023,11171
3603160024,11451
3603160022,4771
3603160021,4356
3603160008,5446
3603160025,7536
3603160010,6008
3603160019,4575
3603161006,8639
3603161004,22389
3603161003,18465
3603161001,2997
3603161007,6817
3603161005,4843
3603161002,12335
3603162001,9434
3603162002,14120
3603162008,9384
3603162003,15148
3603162004,6876
3603162005,7122
3603162007,6209
3603162006,7659
3603170003,11537
3603170002,8822
3603170012,8528
3603170005,32093
3603170010,23212
3603170008,13923
3603170007,29071
3603170011,10437
3603170009,32118
3603170006,11268
3603170004,25241
3603170013,13116
3603170014,5126
3603180002,34712
3603180012,7916
3603180011,12014
3603180001,21779
3603180009,15197
3603180007,13582
3603180010,9801
3603180008,10730
3603181006,20201
3603181003,9801
3603181008,8479
3603181002,19222
3603181001,26012
3603181007,15111
3603181005,10755
3603181004,6718
3603190006,9983
3603190009,2129
3603190001,13067
3603190004,18927
3603190013,15151
3603190003,13679
3603190014,17593
3603190012,8320
3603190005,13777
3603190008,9763
3603190007,6180
3603190002,10143
3603190011,6118
3603190010,11171
3603200004,12333
3603200001,11540
3603200007,12825
3603200006,11012
3603200005,16542
3603200002,16665
3603200008,13937
3603200013,4174
3603200010,10364
3603200011,10522
3603200012,9229
3603200009,14976
3603200003,13998
3603210003,11364
3603210008,12921
3603210005,48375
3603210004,24666
3603210007,13289
3603210006,20665
3603210002,8273
3603210001,2499
3603210010,21027
3603210009,9825
3671010003,17320
3671010012,18728
3671010002,18303
3671010014,0
3671010015,8803
3671010013,8913
3671010016,10234
3671010001,15075
3671011005,13094
3671011003,27465
3671011002,23086
3671011006,12338
3671011004,11913
3671011007,11885
3671011001,14591
3671011008,36063
3671012005,34782
3671012003,27113
3671012004,23182
3671012006,0
3671012001,8737
3671012007,20446
3671012002,8869
3671020013,27488
3671020018,29425
3671020019,12390
3671020015,17298
3671020014,20026
3671020017,25137
3671020016,31030
3671020021,20995
3671020012,32351
3671020020,22095
3671021011,30172
3671021004,17826
3671021005,33429
3671021009,19917
3671021008,34638
3671021010,19169
3671021002,25484
3671021003,29621
3671021001,26475
3671021007,16484
3671021006,9398
3671030006,19323
3671030015,42276
3671030004,60805
3671030005,34551
3671030017,8561
3671030018,10519
3671030014,28478
3671030016,31494
3671031003,0
3671031007,0
3671031006,0
3671031005,10608
3671031011,0
3671031004,7813
3671031001,12236
3671031012,21215
3671031008,26100
3671031016,18195
3671031002,24539
3671031009,0
3671031015,11554
3671031013,21018
3671031010,32505
3671031014,12104
3671040011,20379
3671040003,59897
3671040002,9948
3671040010,22954
3671040001,19719
3671040012,66563
3671041004,35916
3671041003,0
3671041002,15560
3671041006,18684
3671041001,39195
3671041005,34859
3671042002,26694
3671042001,38560
3671042004,21490
3671042005,13489
3671042003,24209
3671050005,10058
3671050006,7922
3671050007,16946
3671050004,23874
3671050002,10277
3671050003,22963
3671050001,17385
3671051001,21919
3671051002,34683
3671051005,13304
3671051006,9573
3671051004,5659
3671051003,30913
3671051007,28585
3671060001,20224
3671060005,41031
3671060003,54827
3671060002,23544
3671060004,89603
3674010005,14331
3674010006,11665
3674010003,20539
3674010001,2136
3674010002,22640
3674010004,26018
3674020009,24458
3674020010,27956
3674020018,23555
3674020019,21606
3674020020,21571
3674020021,13567
3674020012,24259
3674020011,21736
3674020013,24024
3674030007,23179
3674030008,31559
3674030006,20116
3674030002,42450
3674030003,18731
3674030001,28777
3674030005,25389
3674030004,32063
3674040007,19213
3674040006,5117
3674040002,29669
3674040001,21102
3674040004,18074
3674040005,23108
3674040003,19670
3674050003,24705
3674050002,30545
3674050001,47881
3674050006,36103
3674050004,25898
3674050005,25953
3674060008,30977
3674060009,18321
3674060004,28648
3674060001,18943
3674060007,30942
3674060011,26453
3674060006,17980
3674060002,18988
3674060003,18458
3674060010,23980
3674060005,17006
3674070002,29316
3674070001,11360
3674070006,32234
3674070007,39675
3674070005,26074
3674070003,18802
3674070004,19252
